<?xml version="1.0" encoding="utf-8"?>
<CompDB xmlns:xsi="http://www.w3.org/2001/XMLSchema-instance" xmlns:xsd="http://www.w3.org/2001/XMLSchema" CreatedDate="2018-11-15T22:22:34.5471754Z" Revision="1" SchemaVersion="1.2" Product="Desktop" BuildID="80154b57-1148-3590-c1b9-d2ce93ee1fac" BuildInfo="rs5_release.17763.1.180914-1434" OSVersion="10.0.17763.1" BuildArch="amd64" ReleaseType="Production" Type="Baseless" xmlns="http://schemas.microsoft.com/embedded/2004/10/ImageUpdate">
  <Tags Type="Language">
    <Tag Name="Language" Value="ko-KR" />
    <Tag Name="UpdateType" Value="Baseless" />
  </Tags>
  <Features>
    <Feature Type="LanguagePack" FeatureID="Language.UI.Server~ko-kr" FMID="MSDL" Group="Microsoft">
      <Packages>
        <Package ID="Microsoft-Windows-Server-LanguagePack-Package_ko-kr~31bf3856ad364e35~amd64~ko-kr~" PackageType="FeaturePackage" />
      </Packages>
    </Feature>
    <Feature Type="OnDemandFeature" FeatureID="Microsoft.Onecore.StorageManagement~~1.0" FMID="MSDN" Group="Microsoft">
      <Packages>
        <Package ID="Microsoft-OneCore-StorageManagement-FoD-Package~31bf3856ad364e35~AMD64~ko-kr~" PackageType="SatellitePackage" />
        <Package ID="Microsoft-OneCore-StorageManagement-FoD-Package~31bf3856ad364e35~wow64~ko-kr~" PackageType="SatellitePackage" />
      </Packages>
    </Feature>
    <Feature Type="OnDemandFeature" FeatureID="Rsat.ActiveDirectory.DS-LDS.Tools~~1.0" FMID="MSDN" Group="Microsoft">
      <Dependencies>
        <Feature FeatureID="Rsat.ServerManager.Tools~~1.0" />
      </Dependencies>
      <Packages>
        <Package ID="Microsoft-Windows-ActiveDirectory-DS-LDS-Tools-FoD-Package~31bf3856ad364e35~AMD64~ko-kr~" PackageType="SatellitePackage" />
        <Package ID="Microsoft-Windows-ActiveDirectory-DS-LDS-Tools-FoD-Package~31bf3856ad364e35~wow64~ko-kr~" PackageType="SatellitePackage" />
      </Packages>
    </Feature>
    <Feature Type="OnDemandFeature" FeatureID="Rsat.BitLocker.Recovery.Tools~~1.0" FMID="MSDN" Group="Microsoft">
      <Dependencies>
        <Feature FeatureID="Rsat.ActiveDirectory.DS-LDS.Tools~~1.0" />
      </Dependencies>
      <Packages>
        <Package ID="Microsoft-Windows-BitLocker-Recovery-Tools-FoD-Package~31bf3856ad364e35~AMD64~ko-kr~" PackageType="SatellitePackage" />
      </Packages>
    </Feature>
    <Feature Type="OnDemandFeature" FeatureID="Rsat.CertificateServices.Tools~~1.0" FMID="MSDN" Group="Microsoft">
      <Packages>
        <Package ID="Microsoft-Windows-CertificateServices-Tools-FoD-Package~31bf3856ad364e35~AMD64~ko-kr~" PackageType="SatellitePackage" />
      </Packages>
    </Feature>
    <Feature Type="OnDemandFeature" FeatureID="Rsat.DHCP.Tools~~1.0" FMID="MSDN" Group="Microsoft">
      <Packages>
        <Package ID="Microsoft-Windows-DHCP-Tools-FoD-Package~31bf3856ad364e35~AMD64~ko-kr~" PackageType="SatellitePackage" />
        <Package ID="Microsoft-Windows-DHCP-Tools-FoD-Package~31bf3856ad364e35~wow64~ko-kr~" PackageType="SatellitePackage" />
      </Packages>
    </Feature>
    <Feature Type="OnDemandFeature" FeatureID="Rsat.Dns.Tools~~1.0" FMID="MSDN" Group="Microsoft">
      <Packages>
        <Package ID="Microsoft-Windows-DNS-Tools-FoD-Package~31bf3856ad364e35~AMD64~ko-kr~" PackageType="SatellitePackage" />
        <Package ID="Microsoft-Windows-DNS-Tools-FoD-Package~31bf3856ad364e35~wow64~ko-kr~" PackageType="SatellitePackage" />
      </Packages>
    </Feature>
    <Feature Type="OnDemandFeature" FeatureID="Rsat.FailoverCluster.Management.Tools~~1.0" FMID="MSDN" Group="Microsoft">
      <Dependencies>
        <Feature FeatureID="Rsat.FileServices.Tools~~1.0" />
      </Dependencies>
      <Packages>
        <Package ID="Microsoft-Windows-FailoverCluster-Management-Tools-FOD-Package~31bf3856ad364e35~AMD64~ko-kr~" PackageType="SatellitePackage" />
        <Package ID="Microsoft-Windows-FailoverCluster-Management-Tools-FOD-Package~31bf3856ad364e35~wow64~ko-kr~" PackageType="SatellitePackage" />
      </Packages>
    </Feature>
    <Feature Type="OnDemandFeature" FeatureID="Rsat.FileServices.Tools~~1.0" FMID="MSDN" Group="Microsoft">
      <Dependencies>
        <Feature FeatureID="Rsat.ServerManager.Tools~~1.0" />
      </Dependencies>
      <Packages>
        <Package ID="Microsoft-Windows-FileServices-Tools-FoD-Package~31bf3856ad364e35~AMD64~ko-kr~" PackageType="SatellitePackage" />
        <Package ID="Microsoft-Windows-FileServices-Tools-FoD-Package~31bf3856ad364e35~wow64~ko-kr~" PackageType="SatellitePackage" />
      </Packages>
    </Feature>
    <Feature Type="OnDemandFeature" FeatureID="Rsat.GroupPolicy.Management.Tools~~1.0" FMID="MSDN" Group="Microsoft">
      <Packages>
        <Package ID="Microsoft-Windows-GroupPolicy-Management-Tools-FoD-Package~31bf3856ad364e35~AMD64~ko-kr~" PackageType="SatellitePackage" />
        <Package ID="Microsoft-Windows-GroupPolicy-Management-Tools-FoD-Package~31bf3856ad364e35~wow64~ko-kr~" PackageType="SatellitePackage" />
      </Packages>
    </Feature>
    <Feature Type="OnDemandFeature" FeatureID="Rsat.IPAM.Client.Tools~~1.0" FMID="MSDN" Group="Microsoft">
      <Dependencies>
        <Feature FeatureID="Rsat.ServerManager.Tools~~1.0" />
      </Dependencies>
      <Packages>
        <Package ID="Microsoft-Windows-IPAM-Client-FoD-Package~31bf3856ad364e35~AMD64~ko-kr~" PackageType="SatellitePackage" />
        <Package ID="Microsoft-Windows-IPAM-Client-FoD-Package~31bf3856ad364e35~wow64~ko-kr~" PackageType="SatellitePackage" />
      </Packages>
    </Feature>
    <Feature Type="OnDemandFeature" FeatureID="Rsat.NetworkController.Tools~~1.0" FMID="MSDN" Group="Microsoft">
      <Packages>
        <Package ID="Microsoft-Windows-NetworkController-Tools-FoD-Package~31bf3856ad364e35~AMD64~ko-kr~" PackageType="SatellitePackage" />
      </Packages>
    </Feature>
    <Feature Type="OnDemandFeature" FeatureID="Rsat.NetworkLoadBalancing.Tools~~1.0" FMID="MSDN" Group="Microsoft">
      <Packages>
        <Package ID="Microsoft-Windows-NetworkLoadBalancing-Tools-FoD-Package~31bf3856ad364e35~AMD64~ko-kr~" PackageType="SatellitePackage" />
      </Packages>
    </Feature>
    <Feature Type="OnDemandFeature" FeatureID="RasCMAK.Client~~1.0" FMID="MSDN" Group="Microsoft">
      <Packages>
        <Package ID="Microsoft-Windows-RasCMAK-Client-Package~31bf3856ad364e35~AMD64~ko-kr~" PackageType="SatellitePackage" />
        <Package ID="Microsoft-Windows-RasCMAK-Client-Package~31bf3856ad364e35~wow64~ko-kr~" PackageType="SatellitePackage" />
      </Packages>
    </Feature>
    <Feature Type="OnDemandFeature" FeatureID="RIP.Listener~~1.0" FMID="MSDN" Group="Microsoft">
      <Packages>
        <Package ID="Microsoft-Windows-RasRip-Package~31bf3856ad364e35~AMD64~ko-kr~" PackageType="SatellitePackage" />
      </Packages>
    </Feature>
    <Feature Type="OnDemandFeature" FeatureID="Rsat.RemoteAccess.Management.Tools~~1.0" FMID="MSDN" Group="Microsoft">
      <Dependencies>
        <Feature FeatureID="Rsat.GroupPolicy.Management.Tools~~1.0" />
        <Feature FeatureID="Rsat.ServerManager.Tools~~1.0" />
      </Dependencies>
      <Packages>
        <Package ID="Microsoft-Windows-RemoteAccess-Management-Tools-FoD-Package~31bf3856ad364e35~AMD64~ko-kr~" PackageType="SatellitePackage" />
        <Package ID="Microsoft-Windows-RemoteAccess-Management-Tools-FoD-Package~31bf3856ad364e35~wow64~ko-kr~" PackageType="SatellitePackage" />
      </Packages>
    </Feature>
    <Feature Type="OnDemandFeature" FeatureID="Rsat.RemoteDesktop.Services.Tools~~1.0" FMID="MSDN" Group="Microsoft">
      <Packages>
        <Package ID="Microsoft-Windows-RemoteDesktop-Services-Tools-FoD-Package~31bf3856ad364e35~AMD64~ko-kr~" PackageType="SatellitePackage" />
      </Packages>
    </Feature>
    <Feature Type="OnDemandFeature" FeatureID="ServerCore.AppCompatibility~~1.0" FMID="MSDN" Group="Microsoft">
      <Packages>
        <Package ID="Microsoft-Windows-Server-AppCompat-FoD-Package~31bf3856ad364e35~AMD64~ko-kr~" PackageType="SatellitePackage" />
      </Packages>
    </Feature>
    <Feature Type="OnDemandFeature" FeatureID="Rsat.ServerManager.Tools~~1.0" FMID="MSDN" Group="Microsoft">
      <Packages>
        <Package ID="Microsoft-Windows-ServerManager-Tools-FoD-Package~31bf3856ad364e35~AMD64~ko-kr~" PackageType="SatellitePackage" />
        <Package ID="Microsoft-Windows-ServerManager-Tools-FoD-Package~31bf3856ad364e35~wow64~ko-kr~" PackageType="SatellitePackage" />
      </Packages>
    </Feature>
    <Feature Type="OnDemandFeature" FeatureID="Rsat.Shielded.VM.Tools~~1.0" FMID="MSDN" Group="Microsoft">
      <Dependencies>
        <Feature FeatureID="Rsat.ServerManager.Tools~~1.0" />
      </Dependencies>
      <Packages>
        <Package ID="Microsoft-Windows-Shielded-VM-Tools-FoD-Package~31bf3856ad364e35~AMD64~ko-kr~" PackageType="SatellitePackage" />
      </Packages>
    </Feature>
    <Feature Type="OnDemandFeature" FeatureID="SNMP.Client~~1.0" FMID="MSDN" Group="Microsoft">
      <Packages>
        <Package ID="Microsoft-Windows-SNMP-Client-Package~31bf3856ad364e35~AMD64~ko-kr~" PackageType="SatellitePackage" />
        <Package ID="Microsoft-Windows-SNMP-Client-Package~31bf3856ad364e35~wow64~ko-kr~" PackageType="SatellitePackage" />
      </Packages>
    </Feature>
    <Feature Type="OnDemandFeature" FeatureID="Microsoft.Windows.StorageManagement~~1.0" FMID="MSDN" Group="Microsoft">
      <Packages>
        <Package ID="Microsoft-Windows-StorageManagement-FoD-Package~31bf3856ad364e35~AMD64~ko-kr~" PackageType="SatellitePackage" />
        <Package ID="Microsoft-Windows-StorageManagement-FoD-Package~31bf3856ad364e35~wow64~ko-kr~" PackageType="SatellitePackage" />
      </Packages>
    </Feature>
    <Feature Type="OnDemandFeature" FeatureID="Rsat.StorageMigrationService.Management.Tools~~1.0" FMID="MSDN" Group="Microsoft">
      <Packages>
        <Package ID="Microsoft-Windows-StorageMigrationService-Management-Tools-FOD-Package~31bf3856ad364e35~AMD64~ko-kr~" PackageType="SatellitePackage" />
      </Packages>
    </Feature>
    <Feature Type="OnDemandFeature" FeatureID="Rsat.StorageReplica.Tools~~1.0" FMID="MSDN" Group="Microsoft">
      <Packages>
        <Package ID="Microsoft-Windows-StorageReplica-Tools-FoD-Package~31bf3856ad364e35~AMD64~ko-kr~" PackageType="SatellitePackage" />
      </Packages>
    </Feature>
    <Feature Type="OnDemandFeature" FeatureID="Rsat.SystemInsights.Management.Tools~~1.0" FMID="MSDN" Group="Microsoft">
      <Packages>
        <Package ID="Microsoft-Windows-SystemInsights-Management-Tools-FOD-Package~31bf3856ad364e35~AMD64~ko-kr~" PackageType="SatellitePackage" />
      </Packages>
    </Feature>
    <Feature Type="OnDemandFeature" FeatureID="Rsat.VolumeActivation.Tools~~1.0" FMID="MSDN" Group="Microsoft">
      <Packages>
        <Package ID="Microsoft-Windows-VolumeActivation-Tools-FoD-Package~31bf3856ad364e35~AMD64~ko-kr~" PackageType="SatellitePackage" />
      </Packages>
    </Feature>
    <Feature Type="OnDemandFeature" FeatureID="WMI-SNMP-Provider.Client~~1.0" FMID="MSDN" Group="Microsoft">
      <Dependencies>
        <Feature FeatureID="SNMP.Client~~1.0" />
      </Dependencies>
      <Packages>
        <Package ID="Microsoft-Windows-WMI-SNMP-Provider-Client-Package~31bf3856ad364e35~AMD64~ko-kr~" PackageType="SatellitePackage" />
        <Package ID="Microsoft-Windows-WMI-SNMP-Provider-Client-Package~31bf3856ad364e35~wow64~ko-kr~" PackageType="SatellitePackage" />
      </Packages>
    </Feature>
    <Feature Type="OnDemandFeature" FeatureID="Rsat.WSUS.Tools~~1.0" FMID="MSDN" Group="Microsoft">
      <Packages>
        <Package ID="Microsoft-Windows-WSUS-Tools-FoD-Package~31bf3856ad364e35~AMD64~ko-kr~" PackageType="SatellitePackage" />
      </Packages>
    </Feature>
  </Features>
  <Packages>
    <Package ID="Microsoft-Windows-Server-LanguagePack-Package_ko-kr~31bf3856ad364e35~amd64~ko-kr~" InstalledSize="1396988111" Version="10.0.17763.1">
      <SatelliteInfo>
        <DeclareInfo>
          <Declare Type="language" Value="ko-KR" />
        </DeclareInfo>
      </SatelliteInfo>
      <Payload>
        <PayloadItem PayloadHash="LLY7PQrsmRtw5GJnLETHZuvBlc1hWRViGeQWu0ZKa68=" PayloadSize="1731687" Path="UUP\Desktop\editionpackages\Server\ko-kr\baseless\Microsoft-Windows-Server-LanguagePack-Package_ko-kr~31bf3856ad364e35~amd64~ko-kr~.cab" PayloadType="ExpressCab" />
        <PayloadItem PayloadHash="eg3gvEYTSxUi8vw2q1LC3FG/pY2wiWj1vhyfr8f1ero=" PayloadSize="89402234" Path="UUP\Desktop\editionpackages\Server\ko-kr\baseless\Microsoft-Windows-Server-LanguagePack-Package_ko-kr~31bf3856ad364e35~amd64~ko-kr~.psf" PayloadType="ExpressPSF" />
      </Payload>
    </Package>
    <Package ID="Microsoft-OneCore-StorageManagement-FoD-Package~31bf3856ad364e35~AMD64~ko-kr~" InstalledSize="1999500" Version="10.0.17763.1">
      <SatelliteInfo>
        <ApplyToInfo>
          <ApplyTo Type="language" Value="ko-KR" />
        </ApplyToInfo>
      </SatelliteInfo>
      <Payload>
        <PayloadItem PayloadHash="Ukghm5XL6WJt3tG2yWWsOYz1rgh4vPKaB3UZiAt4lRU=" PayloadSize="20793" Path="FeaturesOnDemand\ko-kr\baseless\Microsoft-OneCore-StorageManagement-FoD-Package~31bf3856ad364e35~AMD64~ko-kr~.cab" PayloadType="ExpressCab" />
        <PayloadItem PayloadHash="akOZD90DF1m2zC2MCO8O+Ev5aQ7wlHWAJHIQ1q/YZLs=" PayloadSize="215266" Path="FeaturesOnDemand\ko-kr\baseless\Microsoft-OneCore-StorageManagement-FoD-Package~31bf3856ad364e35~AMD64~ko-kr~.psf" PayloadType="ExpressPSF" />
      </Payload>
    </Package>
    <Package ID="Microsoft-OneCore-StorageManagement-FoD-Package~31bf3856ad364e35~wow64~ko-kr~" InstalledSize="1098806" Version="10.0.17763.1">
      <SatelliteInfo>
        <ApplyToInfo>
          <ApplyTo Type="arch" Value="wow64" />
          <ApplyTo Type="language" Value="ko-KR" />
        </ApplyToInfo>
      </SatelliteInfo>
      <Payload>
        <PayloadItem PayloadHash="UQiISVfwxrz+8mZnsOiPsqFY0I/r1HHwCM3IYcTGdcE=" PayloadSize="19195" Path="FeaturesOnDemand\ko-kr\baseless\Microsoft-OneCore-StorageManagement-FoD-Package~31bf3856ad364e35~wow64~ko-kr~.cab" PayloadType="ExpressCab" />
        <PayloadItem PayloadHash="WmE7Qor/hY70oHs6bgNR5MwEddlj5IrrDRDkHhUilI0=" PayloadSize="119816" Path="FeaturesOnDemand\ko-kr\baseless\Microsoft-OneCore-StorageManagement-FoD-Package~31bf3856ad364e35~wow64~ko-kr~.psf" PayloadType="ExpressPSF" />
      </Payload>
    </Package>
    <Package ID="Microsoft-Windows-ActiveDirectory-DS-LDS-Tools-FoD-Package~31bf3856ad364e35~AMD64~ko-kr~" InstalledSize="6819944" Version="10.0.17763.1">
      <SatelliteInfo>
        <ApplyToInfo>
          <ApplyTo Type="language" Value="ko-KR" />
        </ApplyToInfo>
      </SatelliteInfo>
      <Payload>
        <PayloadItem PayloadHash="4+/8O+ScCDNUJmP/SMWELfRk2faElXeIIY1fuHEeuCs=" PayloadSize="32109" Path="FeaturesOnDemand\ko-kr\baseless\Microsoft-Windows-ActiveDirectory-DS-LDS-Tools-FoD-Package~31bf3856ad364e35~AMD64~ko-kr~.cab" PayloadType="ExpressCab" />
        <PayloadItem PayloadHash="nQ3kwZjj3/yyblUkdEID8gvXOTfRdZW1HTPR2nKZsWs=" PayloadSize="1186610" Path="FeaturesOnDemand\ko-kr\baseless\Microsoft-Windows-ActiveDirectory-DS-LDS-Tools-FoD-Package~31bf3856ad364e35~AMD64~ko-kr~.psf" PayloadType="ExpressPSF" />
      </Payload>
    </Package>
    <Package ID="Microsoft-Windows-ActiveDirectory-DS-LDS-Tools-FoD-Package~31bf3856ad364e35~wow64~ko-kr~" InstalledSize="756171" Version="10.0.17763.1">
      <SatelliteInfo>
        <ApplyToInfo>
          <ApplyTo Type="arch" Value="wow64" />
          <ApplyTo Type="language" Value="ko-KR" />
        </ApplyToInfo>
      </SatelliteInfo>
      <Payload>
        <PayloadItem PayloadHash="1cZbOz9/6LCbLVJ/OyJUrCYVJmd6G+qDXxrfCJa2uhg=" PayloadSize="20113" Path="FeaturesOnDemand\ko-kr\baseless\Microsoft-Windows-ActiveDirectory-DS-LDS-Tools-FoD-Package~31bf3856ad364e35~wow64~ko-kr~.cab" PayloadType="ExpressCab" />
        <PayloadItem PayloadHash="DYeG9eBFIytRmFuJYoAkxanEffppuusc7i9yDe2AEpQ=" PayloadSize="162628" Path="FeaturesOnDemand\ko-kr\baseless\Microsoft-Windows-ActiveDirectory-DS-LDS-Tools-FoD-Package~31bf3856ad364e35~wow64~ko-kr~.psf" PayloadType="ExpressPSF" />
      </Payload>
    </Package>
    <Package ID="Microsoft-Windows-BitLocker-Recovery-Tools-FoD-Package~31bf3856ad364e35~AMD64~ko-kr~" InstalledSize="49962" Version="10.0.17763.1">
      <SatelliteInfo>
        <ApplyToInfo>
          <ApplyTo Type="language" Value="ko-KR" />
        </ApplyToInfo>
      </SatelliteInfo>
      <Payload>
        <PayloadItem PayloadHash="PgG4YzKp6NEcjjwvrMcZp25M7V6oiDqPkqbkSH29HHc=" PayloadSize="18803" Path="FeaturesOnDemand\ko-kr\baseless\Microsoft-Windows-BitLocker-Recovery-Tools-FoD-Package~31bf3856ad364e35~AMD64~ko-kr~.cab" PayloadType="ExpressCab" />
        <PayloadItem PayloadHash="HOeGj1KeN7UVlB19L6z6n22MZmwm+h09J7sKHuc0JSQ=" PayloadSize="70271" Path="FeaturesOnDemand\ko-kr\baseless\Microsoft-Windows-BitLocker-Recovery-Tools-FoD-Package~31bf3856ad364e35~AMD64~ko-kr~.psf" PayloadType="ExpressPSF" />
      </Payload>
    </Package>
    <Package ID="Microsoft-Windows-CertificateServices-Tools-FoD-Package~31bf3856ad364e35~AMD64~ko-kr~" InstalledSize="967697" Version="10.0.17763.1">
      <SatelliteInfo>
        <ApplyToInfo>
          <ApplyTo Type="language" Value="ko-KR" />
        </ApplyToInfo>
      </SatelliteInfo>
      <Payload>
        <PayloadItem PayloadHash="Cu90uyCMPmdIsMCXIgNMdSoF/MK7Ryjy6gR8+MLJETY=" PayloadSize="21175" Path="FeaturesOnDemand\ko-kr\baseless\Microsoft-Windows-CertificateServices-Tools-FoD-Package~31bf3856ad364e35~AMD64~ko-kr~.cab" PayloadType="ExpressCab" />
        <PayloadItem PayloadHash="SQ4aQP54DinjEsAteA5XfOnQikbUqjYVe69PFzMoOZQ=" PayloadSize="205633" Path="FeaturesOnDemand\ko-kr\baseless\Microsoft-Windows-CertificateServices-Tools-FoD-Package~31bf3856ad364e35~AMD64~ko-kr~.psf" PayloadType="ExpressPSF" />
      </Payload>
    </Package>
    <Package ID="Microsoft-Windows-DHCP-Tools-FoD-Package~31bf3856ad364e35~AMD64~ko-kr~" InstalledSize="2000524" Version="10.0.17763.1">
      <SatelliteInfo>
        <ApplyToInfo>
          <ApplyTo Type="language" Value="ko-KR" />
        </ApplyToInfo>
      </SatelliteInfo>
      <Payload>
        <PayloadItem PayloadHash="z/6faerMSxvvJ4GX1JQLIyMqqR6DcLWNvqKNKTMFpRM=" PayloadSize="19807" Path="FeaturesOnDemand\ko-kr\baseless\Microsoft-Windows-DHCP-Tools-FoD-Package~31bf3856ad364e35~AMD64~ko-kr~.cab" PayloadType="ExpressCab" />
        <PayloadItem PayloadHash="t438pew+UFJJU+c3xwp/MAIFLxleZdl/gYM1CqV9TNk=" PayloadSize="243431" Path="FeaturesOnDemand\ko-kr\baseless\Microsoft-Windows-DHCP-Tools-FoD-Package~31bf3856ad364e35~AMD64~ko-kr~.psf" PayloadType="ExpressPSF" />
      </Payload>
    </Package>
    <Package ID="Microsoft-Windows-DHCP-Tools-FoD-Package~31bf3856ad364e35~wow64~ko-kr~" InstalledSize="801228" Version="10.0.17763.1">
      <SatelliteInfo>
        <ApplyToInfo>
          <ApplyTo Type="arch" Value="wow64" />
          <ApplyTo Type="language" Value="ko-KR" />
        </ApplyToInfo>
      </SatelliteInfo>
      <Payload>
        <PayloadItem PayloadHash="VqWs7pOSk4z+vQgSyuZDfugOO0a449F2lrow8ziqKuM=" PayloadSize="19253" Path="FeaturesOnDemand\ko-kr\baseless\Microsoft-Windows-DHCP-Tools-FoD-Package~31bf3856ad364e35~wow64~ko-kr~.cab" PayloadType="ExpressCab" />
        <PayloadItem PayloadHash="HkYQfBgE1JuI+zy++lRbZl3VuV72P2CGsdZQ4sd92HY=" PayloadSize="133661" Path="FeaturesOnDemand\ko-kr\baseless\Microsoft-Windows-DHCP-Tools-FoD-Package~31bf3856ad364e35~wow64~ko-kr~.psf" PayloadType="ExpressPSF" />
      </Payload>
    </Package>
    <Package ID="Microsoft-Windows-DNS-Tools-FoD-Package~31bf3856ad364e35~AMD64~ko-kr~" InstalledSize="1811026" Version="10.0.17763.1">
      <SatelliteInfo>
        <ApplyToInfo>
          <ApplyTo Type="language" Value="ko-KR" />
        </ApplyToInfo>
      </SatelliteInfo>
      <Payload>
        <PayloadItem PayloadHash="Fem/qafqBVg9vsMCdS7cIb6CrZQs1FfSWCzrmGPBrgA=" PayloadSize="20661" Path="FeaturesOnDemand\ko-kr\baseless\Microsoft-Windows-DNS-Tools-FoD-Package~31bf3856ad364e35~AMD64~ko-kr~.cab" PayloadType="ExpressCab" />
        <PayloadItem PayloadHash="M8UXlbV032Yzzr8D1/s90NQJi0vVRJ3mnlHAJc9HFL8=" PayloadSize="266532" Path="FeaturesOnDemand\ko-kr\baseless\Microsoft-Windows-DNS-Tools-FoD-Package~31bf3856ad364e35~AMD64~ko-kr~.psf" PayloadType="ExpressPSF" />
      </Payload>
    </Package>
    <Package ID="Microsoft-Windows-DNS-Tools-FoD-Package~31bf3856ad364e35~wow64~ko-kr~" InstalledSize="32938" Version="10.0.17763.1">
      <SatelliteInfo>
        <ApplyToInfo>
          <ApplyTo Type="arch" Value="wow64" />
          <ApplyTo Type="language" Value="ko-KR" />
        </ApplyToInfo>
      </SatelliteInfo>
      <Payload>
        <PayloadItem PayloadHash="O2bae/0yvR4qiJ53Ve6Ag/lmLiVZTQoyu9K8FdHT+aE=" PayloadSize="18583" Path="FeaturesOnDemand\ko-kr\baseless\Microsoft-Windows-DNS-Tools-FoD-Package~31bf3856ad364e35~wow64~ko-kr~.cab" PayloadType="ExpressCab" />
        <PayloadItem PayloadHash="daD1ISgPx9djCDVW3Ptd7Ye4ngLdt1aj1/3WsW6/uZQ=" PayloadSize="61187" Path="FeaturesOnDemand\ko-kr\baseless\Microsoft-Windows-DNS-Tools-FoD-Package~31bf3856ad364e35~wow64~ko-kr~.psf" PayloadType="ExpressPSF" />
      </Payload>
    </Package>
    <Package ID="Microsoft-Windows-FailoverCluster-Management-Tools-FOD-Package~31bf3856ad364e35~AMD64~ko-kr~" InstalledSize="9138127" Version="10.0.17763.1">
      <SatelliteInfo>
        <ApplyToInfo>
          <ApplyTo Type="language" Value="ko-KR" />
        </ApplyToInfo>
      </SatelliteInfo>
      <Payload>
        <PayloadItem PayloadHash="+pVgivzf5ci0+bw1oJnoFyXSnFwTOeuFUUWfTTt66K4=" PayloadSize="27087" Path="FeaturesOnDemand\ko-kr\baseless\Microsoft-Windows-FailoverCluster-Management-Tools-FOD-Package~31bf3856ad364e35~AMD64~ko-kr~.cab" PayloadType="ExpressCab" />
        <PayloadItem PayloadHash="anI7uELFYibT0D8ymvKu04FWustEa0USad1pTxcpFVM=" PayloadSize="2480064" Path="FeaturesOnDemand\ko-kr\baseless\Microsoft-Windows-FailoverCluster-Management-Tools-FOD-Package~31bf3856ad364e35~AMD64~ko-kr~.psf" PayloadType="ExpressPSF" />
      </Payload>
    </Package>
    <Package ID="Microsoft-Windows-FailoverCluster-Management-Tools-FOD-Package~31bf3856ad364e35~wow64~ko-kr~" InstalledSize="129649" Version="10.0.17763.1">
      <SatelliteInfo>
        <ApplyToInfo>
          <ApplyTo Type="arch" Value="wow64" />
          <ApplyTo Type="language" Value="ko-KR" />
        </ApplyToInfo>
      </SatelliteInfo>
      <Payload>
        <PayloadItem PayloadHash="X8oxaBrTW6vvZrpl/LkgaSgOpxM9XTyNDD2dnQadczQ=" PayloadSize="19873" Path="FeaturesOnDemand\ko-kr\baseless\Microsoft-Windows-FailoverCluster-Management-Tools-FOD-Package~31bf3856ad364e35~wow64~ko-kr~.cab" PayloadType="ExpressCab" />
        <PayloadItem PayloadHash="Ybx16EoLqqqRQLCUSZfG9BUWMEm+LqhGCed1tiEM8JA=" PayloadSize="94893" Path="FeaturesOnDemand\ko-kr\baseless\Microsoft-Windows-FailoverCluster-Management-Tools-FOD-Package~31bf3856ad364e35~wow64~ko-kr~.psf" PayloadType="ExpressPSF" />
      </Payload>
    </Package>
    <Package ID="Microsoft-Windows-FileServices-Tools-FoD-Package~31bf3856ad364e35~AMD64~ko-kr~" InstalledSize="4727040" Version="10.0.17763.1">
      <SatelliteInfo>
        <ApplyToInfo>
          <ApplyTo Type="language" Value="ko-KR" />
        </ApplyToInfo>
      </SatelliteInfo>
      <Payload>
        <PayloadItem PayloadHash="8cVdEAhLdQ1Lvo8m1IXu+/nLyK8mblifHMEbUjnc7QA=" PayloadSize="25975" Path="FeaturesOnDemand\ko-kr\baseless\Microsoft-Windows-FileServices-Tools-FoD-Package~31bf3856ad364e35~AMD64~ko-kr~.cab" PayloadType="ExpressCab" />
        <PayloadItem PayloadHash="LiYWdAyV01rSg5WdXIuVnwxxp+hKWjc/YT2If7lYwAg=" PayloadSize="717572" Path="FeaturesOnDemand\ko-kr\baseless\Microsoft-Windows-FileServices-Tools-FoD-Package~31bf3856ad364e35~AMD64~ko-kr~.psf" PayloadType="ExpressPSF" />
      </Payload>
    </Package>
    <Package ID="Microsoft-Windows-FileServices-Tools-FoD-Package~31bf3856ad364e35~wow64~ko-kr~" InstalledSize="204695" Version="10.0.17763.1">
      <SatelliteInfo>
        <ApplyToInfo>
          <ApplyTo Type="arch" Value="wow64" />
          <ApplyTo Type="language" Value="ko-KR" />
        </ApplyToInfo>
      </SatelliteInfo>
      <Payload>
        <PayloadItem PayloadHash="XAHyD7KpGqH4qFn7NOUjRmUBRKZAs72ygh+AyoYhSsM=" PayloadSize="19395" Path="FeaturesOnDemand\ko-kr\baseless\Microsoft-Windows-FileServices-Tools-FoD-Package~31bf3856ad364e35~wow64~ko-kr~.cab" PayloadType="ExpressCab" />
        <PayloadItem PayloadHash="6gWYmthj5NGx11qUMN9D1d/XUlD2wKindDjK86nVuLE=" PayloadSize="90006" Path="FeaturesOnDemand\ko-kr\baseless\Microsoft-Windows-FileServices-Tools-FoD-Package~31bf3856ad364e35~wow64~ko-kr~.psf" PayloadType="ExpressPSF" />
      </Payload>
    </Package>
    <Package ID="Microsoft-Windows-GroupPolicy-Management-Tools-FoD-Package~31bf3856ad364e35~AMD64~ko-kr~" InstalledSize="2127242" Version="10.0.17763.1">
      <SatelliteInfo>
        <ApplyToInfo>
          <ApplyTo Type="language" Value="ko-KR" />
        </ApplyToInfo>
      </SatelliteInfo>
      <Payload>
        <PayloadItem PayloadHash="76lAgs2xeQw52mTrOH7dzVNFA5Iz1lJpMu6g0RbnPxI=" PayloadSize="22859" Path="FeaturesOnDemand\ko-kr\baseless\Microsoft-Windows-GroupPolicy-Management-Tools-FoD-Package~31bf3856ad364e35~AMD64~ko-kr~.cab" PayloadType="ExpressCab" />
        <PayloadItem PayloadHash="v8Ve6//hg+6RWHq6V/d9+TJAimY3lCFSwNjhjbbRMG4=" PayloadSize="350652" Path="FeaturesOnDemand\ko-kr\baseless\Microsoft-Windows-GroupPolicy-Management-Tools-FoD-Package~31bf3856ad364e35~AMD64~ko-kr~.psf" PayloadType="ExpressPSF" />
      </Payload>
    </Package>
    <Package ID="Microsoft-Windows-GroupPolicy-Management-Tools-FoD-Package~31bf3856ad364e35~wow64~ko-kr~" InstalledSize="289090" Version="10.0.17763.1">
      <SatelliteInfo>
        <ApplyToInfo>
          <ApplyTo Type="arch" Value="wow64" />
          <ApplyTo Type="language" Value="ko-KR" />
        </ApplyToInfo>
      </SatelliteInfo>
      <Payload>
        <PayloadItem PayloadHash="IFJNGBPB5C8hZzfOqoaxU9q2fQBLnsBvdijzwtZ0lkU=" PayloadSize="18699" Path="FeaturesOnDemand\ko-kr\baseless\Microsoft-Windows-GroupPolicy-Management-Tools-FoD-Package~31bf3856ad364e35~wow64~ko-kr~.cab" PayloadType="ExpressCab" />
        <PayloadItem PayloadHash="oNxPKEQVNbI/zW7tSut7fmG+Y0PwSFzgS2ob84cckWo=" PayloadSize="100611" Path="FeaturesOnDemand\ko-kr\baseless\Microsoft-Windows-GroupPolicy-Management-Tools-FoD-Package~31bf3856ad364e35~wow64~ko-kr~.psf" PayloadType="ExpressPSF" />
      </Payload>
    </Package>
    <Package ID="Microsoft-Windows-IPAM-Client-FoD-Package~31bf3856ad364e35~AMD64~ko-kr~" InstalledSize="93171" Version="10.0.17763.1">
      <SatelliteInfo>
        <ApplyToInfo>
          <ApplyTo Type="language" Value="ko-KR" />
        </ApplyToInfo>
      </SatelliteInfo>
      <Payload>
        <PayloadItem PayloadHash="wmgvzIuTgNRZcsQbgmSke4uHpL5f9vGjs5cAQyHjgQU=" PayloadSize="18575" Path="FeaturesOnDemand\ko-kr\baseless\Microsoft-Windows-IPAM-Client-FoD-Package~31bf3856ad364e35~AMD64~ko-kr~.cab" PayloadType="ExpressCab" />
        <PayloadItem PayloadHash="13jgDcxw1hpsty6NV9gOphVkp4te8kjjJ3+4fzZp34k=" PayloadSize="73145" Path="FeaturesOnDemand\ko-kr\baseless\Microsoft-Windows-IPAM-Client-FoD-Package~31bf3856ad364e35~AMD64~ko-kr~.psf" PayloadType="ExpressPSF" />
      </Payload>
    </Package>
    <Package ID="Microsoft-Windows-IPAM-Client-FoD-Package~31bf3856ad364e35~wow64~ko-kr~" InstalledSize="42783" Version="10.0.17763.1">
      <SatelliteInfo>
        <ApplyToInfo>
          <ApplyTo Type="arch" Value="wow64" />
          <ApplyTo Type="language" Value="ko-KR" />
        </ApplyToInfo>
      </SatelliteInfo>
      <Payload>
        <PayloadItem PayloadHash="8Zytg5HGse8Lc1Hx/YVaDtG8PpVItwLzclDgHINAV8M=" PayloadSize="18749" Path="FeaturesOnDemand\ko-kr\baseless\Microsoft-Windows-IPAM-Client-FoD-Package~31bf3856ad364e35~wow64~ko-kr~.cab" PayloadType="ExpressCab" />
        <PayloadItem PayloadHash="VfpziRYXoj0uWX66ecwQgPxfKcxQrkxAogTPnF7grT0=" PayloadSize="64185" Path="FeaturesOnDemand\ko-kr\baseless\Microsoft-Windows-IPAM-Client-FoD-Package~31bf3856ad364e35~wow64~ko-kr~.psf" PayloadType="ExpressPSF" />
      </Payload>
    </Package>
    <Package ID="Microsoft-Windows-NetworkController-Tools-FoD-Package~31bf3856ad364e35~AMD64~ko-kr~" InstalledSize="94047" Version="10.0.17763.1">
      <SatelliteInfo>
        <ApplyToInfo>
          <ApplyTo Type="language" Value="ko-KR" />
        </ApplyToInfo>
      </SatelliteInfo>
      <Payload>
        <PayloadItem PayloadHash="EotqKGL09JUJWxCN0Zm9QU/P3iElkYESjjNMt/l5SDQ=" PayloadSize="19239" Path="FeaturesOnDemand\ko-kr\baseless\Microsoft-Windows-NetworkController-Tools-FoD-Package~31bf3856ad364e35~AMD64~ko-kr~.cab" PayloadType="ExpressCab" />
        <PayloadItem PayloadHash="Zbn2mkyMb3NebvcVTzFvef0k8OkuK++ky93XCVWNtqE=" PayloadSize="82913" Path="FeaturesOnDemand\ko-kr\baseless\Microsoft-Windows-NetworkController-Tools-FoD-Package~31bf3856ad364e35~AMD64~ko-kr~.psf" PayloadType="ExpressPSF" />
      </Payload>
    </Package>
    <Package ID="Microsoft-Windows-NetworkLoadBalancing-Tools-FoD-Package~31bf3856ad364e35~AMD64~ko-kr~" InstalledSize="284094" Version="10.0.17763.1">
      <SatelliteInfo>
        <ApplyToInfo>
          <ApplyTo Type="language" Value="ko-KR" />
        </ApplyToInfo>
      </SatelliteInfo>
      <Payload>
        <PayloadItem PayloadHash="eLi09c4HGImhoIykiNVBF3SYQTUJlAVZYYU+BqdrXLk=" PayloadSize="19711" Path="FeaturesOnDemand\ko-kr\baseless\Microsoft-Windows-NetworkLoadBalancing-Tools-FoD-Package~31bf3856ad364e35~AMD64~ko-kr~.cab" PayloadType="ExpressCab" />
        <PayloadItem PayloadHash="cTbSJogZQ7TIIzPZdiapNVK21f4zs6STEhuICQE76LY=" PayloadSize="114083" Path="FeaturesOnDemand\ko-kr\baseless\Microsoft-Windows-NetworkLoadBalancing-Tools-FoD-Package~31bf3856ad364e35~AMD64~ko-kr~.psf" PayloadType="ExpressPSF" />
      </Payload>
    </Package>
    <Package ID="Microsoft-Windows-RasCMAK-Client-Package~31bf3856ad364e35~AMD64~ko-kr~" InstalledSize="408416" Version="10.0.17763.1">
      <SatelliteInfo>
        <ApplyToInfo>
          <ApplyTo Type="language" Value="ko-KR" />
        </ApplyToInfo>
      </SatelliteInfo>
      <Payload>
        <PayloadItem PayloadHash="lWuRqPQGJOd0sFLoqLKk2my7ZbUKVpH8x8bUWOyrPqE=" PayloadSize="19693" Path="FeaturesOnDemand\ko-kr\baseless\Microsoft-Windows-RasCMAK-Client-Package~31bf3856ad364e35~AMD64~ko-kr~.cab" PayloadType="ExpressCab" />
        <PayloadItem PayloadHash="+n/ggu8wIGQYNk7oH2tHb38pKYs98PyypItgvsHazGo=" PayloadSize="186187" Path="FeaturesOnDemand\ko-kr\baseless\Microsoft-Windows-RasCMAK-Client-Package~31bf3856ad364e35~AMD64~ko-kr~.psf" PayloadType="ExpressPSF" />
      </Payload>
    </Package>
    <Package ID="Microsoft-Windows-RasCMAK-Client-Package~31bf3856ad364e35~wow64~ko-kr~" InstalledSize="853535" Version="10.0.17763.1">
      <SatelliteInfo>
        <ApplyToInfo>
          <ApplyTo Type="arch" Value="wow64" />
          <ApplyTo Type="language" Value="ko-KR" />
        </ApplyToInfo>
      </SatelliteInfo>
      <Payload>
        <PayloadItem PayloadHash="ZY8mOtrT2BU30YYp8M8+TAAChD2SixRobq2BaOLr+wo=" PayloadSize="19893" Path="FeaturesOnDemand\ko-kr\baseless\Microsoft-Windows-RasCMAK-Client-Package~31bf3856ad364e35~wow64~ko-kr~.cab" PayloadType="ExpressCab" />
        <PayloadItem PayloadHash="/uiBJf3gEBJrW1E02KYtxxVBMhrr7uGPQ1gv0JdJ5tg=" PayloadSize="662429" Path="FeaturesOnDemand\ko-kr\baseless\Microsoft-Windows-RasCMAK-Client-Package~31bf3856ad364e35~wow64~ko-kr~.psf" PayloadType="ExpressPSF" />
      </Payload>
    </Package>
    <Package ID="Microsoft-Windows-RasRip-Package~31bf3856ad364e35~AMD64~ko-kr~" InstalledSize="47055" Version="10.0.17763.1">
      <SatelliteInfo>
        <ApplyToInfo>
          <ApplyTo Type="language" Value="ko-KR" />
        </ApplyToInfo>
      </SatelliteInfo>
      <Payload>
        <PayloadItem PayloadHash="tYrqd4DFkrqotoepTnEwQQKWjWHT4Q2fIKYHbeOJ/t0=" PayloadSize="18519" Path="FeaturesOnDemand\ko-kr\baseless\Microsoft-Windows-RasRip-Package~31bf3856ad364e35~AMD64~ko-kr~.cab" PayloadType="ExpressCab" />
        <PayloadItem PayloadHash="TmRSavDHFwcu68i0BBVi22TW0pmTp1BHfHBZgYw5UQ4=" PayloadSize="63969" Path="FeaturesOnDemand\ko-kr\baseless\Microsoft-Windows-RasRip-Package~31bf3856ad364e35~AMD64~ko-kr~.psf" PayloadType="ExpressPSF" />
      </Payload>
    </Package>
    <Package ID="Microsoft-Windows-RemoteAccess-Management-Tools-FoD-Package~31bf3856ad364e35~AMD64~ko-kr~" InstalledSize="18455862" Version="10.0.17763.1">
      <SatelliteInfo>
        <ApplyToInfo>
          <ApplyTo Type="language" Value="ko-KR" />
        </ApplyToInfo>
      </SatelliteInfo>
      <Payload>
        <PayloadItem PayloadHash="Sf8pDimCfiJWN8mBhUMAw6Xy2/lNso7/5aVPEzyfbnE=" PayloadSize="22367" Path="FeaturesOnDemand\ko-kr\baseless\Microsoft-Windows-RemoteAccess-Management-Tools-FoD-Package~31bf3856ad364e35~AMD64~ko-kr~.cab" PayloadType="ExpressCab" />
        <PayloadItem PayloadHash="GHUi8ub+E69XXXWySUez0AA3eynbhogCpKxrlaRQF6I=" PayloadSize="3427181" Path="FeaturesOnDemand\ko-kr\baseless\Microsoft-Windows-RemoteAccess-Management-Tools-FoD-Package~31bf3856ad364e35~AMD64~ko-kr~.psf" PayloadType="ExpressPSF" />
      </Payload>
    </Package>
    <Package ID="Microsoft-Windows-RemoteAccess-Management-Tools-FoD-Package~31bf3856ad364e35~wow64~ko-kr~" InstalledSize="32823" Version="10.0.17763.1">
      <SatelliteInfo>
        <ApplyToInfo>
          <ApplyTo Type="arch" Value="wow64" />
          <ApplyTo Type="language" Value="ko-KR" />
        </ApplyToInfo>
      </SatelliteInfo>
      <Payload>
        <PayloadItem PayloadHash="WqnaUSwAvzk5QFBTHV6GoxtHzOW6c/13wDE88dnQm3w=" PayloadSize="18411" Path="FeaturesOnDemand\ko-kr\baseless\Microsoft-Windows-RemoteAccess-Management-Tools-FoD-Package~31bf3856ad364e35~wow64~ko-kr~.cab" PayloadType="ExpressCab" />
        <PayloadItem PayloadHash="IcF704Bp4w23TDkoOpguNJSlDDXRmU1NAXIEuCvqenY=" PayloadSize="60833" Path="FeaturesOnDemand\ko-kr\baseless\Microsoft-Windows-RemoteAccess-Management-Tools-FoD-Package~31bf3856ad364e35~wow64~ko-kr~.psf" PayloadType="ExpressPSF" />
      </Payload>
    </Package>
    <Package ID="Microsoft-Windows-RemoteDesktop-Services-Tools-FoD-Package~31bf3856ad364e35~AMD64~ko-kr~" InstalledSize="1465222" Version="10.0.17763.1">
      <SatelliteInfo>
        <ApplyToInfo>
          <ApplyTo Type="language" Value="ko-KR" />
        </ApplyToInfo>
      </SatelliteInfo>
      <Payload>
        <PayloadItem PayloadHash="+6Z7GsyK2stl/ihDb3GB1QEZBPzKhO6jEI7aQohGENs=" PayloadSize="20687" Path="FeaturesOnDemand\ko-kr\baseless\Microsoft-Windows-RemoteDesktop-Services-Tools-FoD-Package~31bf3856ad364e35~AMD64~ko-kr~.cab" PayloadType="ExpressCab" />
        <PayloadItem PayloadHash="SFVgJJ88aZMqB4RCAInZeodSXcYvViTB6GNZxdlscK4=" PayloadSize="303429" Path="FeaturesOnDemand\ko-kr\baseless\Microsoft-Windows-RemoteDesktop-Services-Tools-FoD-Package~31bf3856ad364e35~AMD64~ko-kr~.psf" PayloadType="ExpressPSF" />
      </Payload>
    </Package>
    <Package ID="Microsoft-Windows-Server-AppCompat-FoD-Package~31bf3856ad364e35~AMD64~ko-kr~" InstalledSize="27866409" Version="10.0.17763.1">
      <SatelliteInfo>
        <ApplyToInfo>
          <ApplyTo Type="language" Value="ko-KR" />
        </ApplyToInfo>
      </SatelliteInfo>
      <Payload>
        <PayloadItem PayloadHash="2ha/DeF3DWqKKNxUvrcmXCuOBQlP2kKT6MfVSC4RNNc=" PayloadSize="95745" Path="FeaturesOnDemand\ko-kr\baseless\Microsoft-Windows-Server-AppCompat-FoD-Package~31bf3856ad364e35~AMD64~ko-kr~.cab" PayloadType="ExpressCab" />
        <PayloadItem PayloadHash="Y4chI2M90n31epTJmvJziJBvErcTZbrR6hiMQjUY/DA=" PayloadSize="6929830" Path="FeaturesOnDemand\ko-kr\baseless\Microsoft-Windows-Server-AppCompat-FoD-Package~31bf3856ad364e35~AMD64~ko-kr~.psf" PayloadType="ExpressPSF" />
      </Payload>
    </Package>
    <Package ID="Microsoft-Windows-ServerManager-Tools-FoD-Package~31bf3856ad364e35~AMD64~ko-kr~" InstalledSize="12173829" Version="10.0.17763.1">
      <SatelliteInfo>
        <ApplyToInfo>
          <ApplyTo Type="language" Value="ko-KR" />
        </ApplyToInfo>
      </SatelliteInfo>
      <Payload>
        <PayloadItem PayloadHash="1Cfwyqeko713ZkkYENF6XrT9qYW6FRMg+1VFVJ+QeEA=" PayloadSize="38513" Path="FeaturesOnDemand\ko-kr\baseless\Microsoft-Windows-ServerManager-Tools-FoD-Package~31bf3856ad364e35~AMD64~ko-kr~.cab" PayloadType="ExpressCab" />
        <PayloadItem PayloadHash="dHTSm8/0+w+t17m3PzKY0/EM+t7DRNmM05Yf079FBh4=" PayloadSize="2351342" Path="FeaturesOnDemand\ko-kr\baseless\Microsoft-Windows-ServerManager-Tools-FoD-Package~31bf3856ad364e35~AMD64~ko-kr~.psf" PayloadType="ExpressPSF" />
      </Payload>
    </Package>
    <Package ID="Microsoft-Windows-ServerManager-Tools-FoD-Package~31bf3856ad364e35~wow64~ko-kr~" InstalledSize="1240361" Version="10.0.17763.1">
      <SatelliteInfo>
        <ApplyToInfo>
          <ApplyTo Type="arch" Value="wow64" />
          <ApplyTo Type="language" Value="ko-KR" />
        </ApplyToInfo>
      </SatelliteInfo>
      <Payload>
        <PayloadItem PayloadHash="JPGOV9ILB9H5S2UDV0YzYcQwwLBeUQo4nftFKpgbLxQ=" PayloadSize="19679" Path="FeaturesOnDemand\ko-kr\baseless\Microsoft-Windows-ServerManager-Tools-FoD-Package~31bf3856ad364e35~wow64~ko-kr~.cab" PayloadType="ExpressCab" />
        <PayloadItem PayloadHash="j5yQMA6VOAgILEWVGF2u+w4dSisArnjk1VjRVKOjg8I=" PayloadSize="368910" Path="FeaturesOnDemand\ko-kr\baseless\Microsoft-Windows-ServerManager-Tools-FoD-Package~31bf3856ad364e35~wow64~ko-kr~.psf" PayloadType="ExpressPSF" />
      </Payload>
    </Package>
    <Package ID="Microsoft-Windows-Shielded-VM-Tools-FoD-Package~31bf3856ad364e35~AMD64~ko-kr~" InstalledSize="458028" Version="10.0.17763.1">
      <SatelliteInfo>
        <ApplyToInfo>
          <ApplyTo Type="language" Value="ko-KR" />
        </ApplyToInfo>
      </SatelliteInfo>
      <Payload>
        <PayloadItem PayloadHash="DMG7DZH4pBBbR4tdV6G4pj1+g2sC7Z8qrCeF6qSs40I=" PayloadSize="23615" Path="FeaturesOnDemand\ko-kr\baseless\Microsoft-Windows-Shielded-VM-Tools-FoD-Package~31bf3856ad364e35~AMD64~ko-kr~.cab" PayloadType="ExpressCab" />
        <PayloadItem PayloadHash="JhnV7FnQ28O0edYSimJ/9+L5Icu1RLh2MvWrEHoDefo=" PayloadSize="191441" Path="FeaturesOnDemand\ko-kr\baseless\Microsoft-Windows-Shielded-VM-Tools-FoD-Package~31bf3856ad364e35~AMD64~ko-kr~.psf" PayloadType="ExpressPSF" />
      </Payload>
    </Package>
    <Package ID="Microsoft-Windows-SNMP-Client-Package~31bf3856ad364e35~AMD64~ko-kr~" InstalledSize="177303" Version="10.0.17763.1">
      <SatelliteInfo>
        <ApplyToInfo>
          <ApplyTo Type="language" Value="ko-KR" />
        </ApplyToInfo>
      </SatelliteInfo>
      <Payload>
        <PayloadItem PayloadHash="W1NGelgyCpJ0FcJgFeb9+b7ASr9RhKR24V1ke0/3jSw=" PayloadSize="20985" Path="FeaturesOnDemand\ko-kr\baseless\Microsoft-Windows-SNMP-Client-Package~31bf3856ad364e35~AMD64~ko-kr~.cab" PayloadType="ExpressCab" />
        <PayloadItem PayloadHash="iEFrL2RUyhDh1JMMebP+/GlWX18Y9oe+tzO6g9pZ/uI=" PayloadSize="113810" Path="FeaturesOnDemand\ko-kr\baseless\Microsoft-Windows-SNMP-Client-Package~31bf3856ad364e35~AMD64~ko-kr~.psf" PayloadType="ExpressPSF" />
      </Payload>
    </Package>
    <Package ID="Microsoft-Windows-SNMP-Client-Package~31bf3856ad364e35~wow64~ko-kr~" InstalledSize="177002" Version="10.0.17763.1">
      <SatelliteInfo>
        <ApplyToInfo>
          <ApplyTo Type="arch" Value="wow64" />
          <ApplyTo Type="language" Value="ko-KR" />
        </ApplyToInfo>
      </SatelliteInfo>
      <Payload>
        <PayloadItem PayloadHash="8OUk1dfFwZ8/aA1eCATsXSQuF2JNYRXVPbmyfbN/1Hs=" PayloadSize="20985" Path="FeaturesOnDemand\ko-kr\baseless\Microsoft-Windows-SNMP-Client-Package~31bf3856ad364e35~wow64~ko-kr~.cab" PayloadType="ExpressCab" />
        <PayloadItem PayloadHash="Bde3V0RNXwu2gQFJXDL33FK9C4WE9MEA/ejsNvCDjMQ=" PayloadSize="113444" Path="FeaturesOnDemand\ko-kr\baseless\Microsoft-Windows-SNMP-Client-Package~31bf3856ad364e35~wow64~ko-kr~.psf" PayloadType="ExpressPSF" />
      </Payload>
    </Package>
    <Package ID="Microsoft-Windows-StorageManagement-FoD-Package~31bf3856ad364e35~AMD64~ko-kr~" InstalledSize="1669872" Version="10.0.17763.1">
      <SatelliteInfo>
        <ApplyToInfo>
          <ApplyTo Type="language" Value="ko-KR" />
        </ApplyToInfo>
      </SatelliteInfo>
      <Payload>
        <PayloadItem PayloadHash="fE1f79g7ew5Nsvdz3+v74CKJeZ+47HRH3MbKMt4EUeQ=" PayloadSize="21449" Path="FeaturesOnDemand\ko-kr\baseless\Microsoft-Windows-StorageManagement-FoD-Package~31bf3856ad364e35~AMD64~ko-kr~.cab" PayloadType="ExpressCab" />
        <PayloadItem PayloadHash="K8NOTH3JNmvsKk/gTfLD0+W4Ng3h2/yLMLUgwJFcyBc=" PayloadSize="217118" Path="FeaturesOnDemand\ko-kr\baseless\Microsoft-Windows-StorageManagement-FoD-Package~31bf3856ad364e35~AMD64~ko-kr~.psf" PayloadType="ExpressPSF" />
      </Payload>
    </Package>
    <Package ID="Microsoft-Windows-StorageManagement-FoD-Package~31bf3856ad364e35~wow64~ko-kr~" InstalledSize="1177678" Version="10.0.17763.1">
      <SatelliteInfo>
        <ApplyToInfo>
          <ApplyTo Type="arch" Value="wow64" />
          <ApplyTo Type="language" Value="ko-KR" />
        </ApplyToInfo>
      </SatelliteInfo>
      <Payload>
        <PayloadItem PayloadHash="2nYU+K2WC6NXzg5bphvOgJ4UhwBgozxDSqDmr8ICZH0=" PayloadSize="20453" Path="FeaturesOnDemand\ko-kr\baseless\Microsoft-Windows-StorageManagement-FoD-Package~31bf3856ad364e35~wow64~ko-kr~.cab" PayloadType="ExpressCab" />
        <PayloadItem PayloadHash="xnIhklPlkU9IwUlA36FDhkR7/om+AxqN4QdGACwyK4Q=" PayloadSize="147631" Path="FeaturesOnDemand\ko-kr\baseless\Microsoft-Windows-StorageManagement-FoD-Package~31bf3856ad364e35~wow64~ko-kr~.psf" PayloadType="ExpressPSF" />
      </Payload>
    </Package>
    <Package ID="Microsoft-Windows-StorageMigrationService-Management-Tools-FOD-Package~31bf3856ad364e35~AMD64~ko-kr~" InstalledSize="79227" Version="10.0.17763.1">
      <SatelliteInfo>
        <ApplyToInfo>
          <ApplyTo Type="language" Value="ko-KR" />
        </ApplyToInfo>
      </SatelliteInfo>
      <Payload>
        <PayloadItem PayloadHash="LoCvucvXcwjweb8TSm86M8NixYD0CkTIjUuxTm+sX/Y=" PayloadSize="18993" Path="FeaturesOnDemand\ko-kr\baseless\Microsoft-Windows-StorageMigrationService-Management-Tools-FOD-Package~31bf3856ad364e35~AMD64~ko-kr~.cab" PayloadType="ExpressCab" />
        <PayloadItem PayloadHash="MPJVXI/53W9GNGPiLKDe+r8aM5yYFPszJ4hg1PtqG58=" PayloadSize="76017" Path="FeaturesOnDemand\ko-kr\baseless\Microsoft-Windows-StorageMigrationService-Management-Tools-FOD-Package~31bf3856ad364e35~AMD64~ko-kr~.psf" PayloadType="ExpressPSF" />
      </Payload>
    </Package>
    <Package ID="Microsoft-Windows-StorageReplica-Tools-FoD-Package~31bf3856ad364e35~AMD64~ko-kr~" InstalledSize="343833" Version="10.0.17763.1">
      <SatelliteInfo>
        <ApplyToInfo>
          <ApplyTo Type="language" Value="ko-KR" />
        </ApplyToInfo>
      </SatelliteInfo>
      <Payload>
        <PayloadItem PayloadHash="u2SgX+Fuhc+Y1HK4cwwGhOofNyPTC9VhFmDV1txgcq4=" PayloadSize="19167" Path="FeaturesOnDemand\ko-kr\baseless\Microsoft-Windows-StorageReplica-Tools-FoD-Package~31bf3856ad364e35~AMD64~ko-kr~.cab" PayloadType="ExpressCab" />
        <PayloadItem PayloadHash="7Yffxnph7vV2E0Sg6gN9JGU/n54roNAckdsBpsy41nE=" PayloadSize="116541" Path="FeaturesOnDemand\ko-kr\baseless\Microsoft-Windows-StorageReplica-Tools-FoD-Package~31bf3856ad364e35~AMD64~ko-kr~.psf" PayloadType="ExpressPSF" />
      </Payload>
    </Package>
    <Package ID="Microsoft-Windows-SystemInsights-Management-Tools-FOD-Package~31bf3856ad364e35~AMD64~ko-kr~" InstalledSize="63061" Version="10.0.17763.1">
      <SatelliteInfo>
        <ApplyToInfo>
          <ApplyTo Type="language" Value="ko-KR" />
        </ApplyToInfo>
      </SatelliteInfo>
      <Payload>
        <PayloadItem PayloadHash="6n6YFDH+JIj6LIkBzoyA1xEAjzV+EyN1ZHEBZ98Pf8k=" PayloadSize="18953" Path="FeaturesOnDemand\ko-kr\baseless\Microsoft-Windows-SystemInsights-Management-Tools-FOD-Package~31bf3856ad364e35~AMD64~ko-kr~.cab" PayloadType="ExpressCab" />
        <PayloadItem PayloadHash="k4JCSQepyco/YADy1pvBFadfHcmxI0goXZJ37mDMrEk=" PayloadSize="73136" Path="FeaturesOnDemand\ko-kr\baseless\Microsoft-Windows-SystemInsights-Management-Tools-FOD-Package~31bf3856ad364e35~AMD64~ko-kr~.psf" PayloadType="ExpressPSF" />
      </Payload>
    </Package>
    <Package ID="Microsoft-Windows-VolumeActivation-Tools-FoD-Package~31bf3856ad364e35~AMD64~ko-kr~" InstalledSize="246462" Version="10.0.17763.1">
      <SatelliteInfo>
        <ApplyToInfo>
          <ApplyTo Type="language" Value="ko-KR" />
        </ApplyToInfo>
      </SatelliteInfo>
      <Payload>
        <PayloadItem PayloadHash="HB0UQmeqLmro2vau/hvswNG6ZWwsMxloP9YLwD3lGyY=" PayloadSize="18449" Path="FeaturesOnDemand\ko-kr\baseless\Microsoft-Windows-VolumeActivation-Tools-FoD-Package~31bf3856ad364e35~AMD64~ko-kr~.cab" PayloadType="ExpressCab" />
        <PayloadItem PayloadHash="D0wjF52JjoKVa3V7PZJZyZuihP9Al6k2vMaBkO+40xQ=" PayloadSize="183432" Path="FeaturesOnDemand\ko-kr\baseless\Microsoft-Windows-VolumeActivation-Tools-FoD-Package~31bf3856ad364e35~AMD64~ko-kr~.psf" PayloadType="ExpressPSF" />
      </Payload>
    </Package>
    <Package ID="Microsoft-Windows-WMI-SNMP-Provider-Client-Package~31bf3856ad364e35~AMD64~ko-kr~" InstalledSize="76704" Version="10.0.17763.1">
      <SatelliteInfo>
        <ApplyToInfo>
          <ApplyTo Type="language" Value="ko-KR" />
        </ApplyToInfo>
      </SatelliteInfo>
      <Payload>
        <PayloadItem PayloadHash="2cIIwNbrmAXk8zqI6rfZu0dDfOoelktgw8hg7KDLpCw=" PayloadSize="19099" Path="FeaturesOnDemand\ko-kr\baseless\Microsoft-Windows-WMI-SNMP-Provider-Client-Package~31bf3856ad364e35~AMD64~ko-kr~.cab" PayloadType="ExpressCab" />
        <PayloadItem PayloadHash="eClNgp6mOvD/QscT06C+LANr50HgyNysBCGde/DwQ1k=" PayloadSize="76164" Path="FeaturesOnDemand\ko-kr\baseless\Microsoft-Windows-WMI-SNMP-Provider-Client-Package~31bf3856ad364e35~AMD64~ko-kr~.psf" PayloadType="ExpressPSF" />
      </Payload>
    </Package>
    <Package ID="Microsoft-Windows-WMI-SNMP-Provider-Client-Package~31bf3856ad364e35~wow64~ko-kr~" InstalledSize="76562" Version="10.0.17763.1">
      <SatelliteInfo>
        <ApplyToInfo>
          <ApplyTo Type="arch" Value="wow64" />
          <ApplyTo Type="language" Value="ko-KR" />
        </ApplyToInfo>
      </SatelliteInfo>
      <Payload>
        <PayloadItem PayloadHash="/17RjK50weWoBW4iNJZybyQs8JuLxWyZbbuzjxnlVLI=" PayloadSize="18881" Path="FeaturesOnDemand\ko-kr\baseless\Microsoft-Windows-WMI-SNMP-Provider-Client-Package~31bf3856ad364e35~wow64~ko-kr~.cab" PayloadType="ExpressCab" />
        <PayloadItem PayloadHash="dpWCvBZM+WAidvF/4gwrSpDZg9Sd4nKvPsS+UMhti/A=" PayloadSize="76771" Path="FeaturesOnDemand\ko-kr\baseless\Microsoft-Windows-WMI-SNMP-Provider-Client-Package~31bf3856ad364e35~wow64~ko-kr~.psf" PayloadType="ExpressPSF" />
      </Payload>
    </Package>
    <Package ID="Microsoft-Windows-WSUS-Tools-FoD-Package~31bf3856ad364e35~AMD64~ko-kr~" InstalledSize="2936490" Version="10.0.17763.1">
      <SatelliteInfo>
        <ApplyToInfo>
          <ApplyTo Type="language" Value="ko-KR" />
        </ApplyToInfo>
      </SatelliteInfo>
      <Payload>
        <PayloadItem PayloadHash="Fs1eG1Gfwm6/R4ObkrT1LNGaAS7ZZlfxCOXgL2afVlM=" PayloadSize="19721" Path="FeaturesOnDemand\ko-kr\baseless\Microsoft-Windows-WSUS-Tools-FoD-Package~31bf3856ad364e35~AMD64~ko-kr~.cab" PayloadType="ExpressCab" />
        <PayloadItem PayloadHash="DSMJF2BY+BgwKe5mPvYk3H7z7OMJaQ+n3hEyiKWXhPY=" PayloadSize="384096" Path="FeaturesOnDemand\ko-kr\baseless\Microsoft-Windows-WSUS-Tools-FoD-Package~31bf3856ad364e35~AMD64~ko-kr~.psf" PayloadType="ExpressPSF" />
      </Payload>
    </Package>
  </Packages>
</CompDB>