<?xml version="1.0" encoding="utf-8"?>
<CompDB xmlns:xsi="http://www.w3.org/2001/XMLSchema-instance" xmlns:xsd="http://www.w3.org/2001/XMLSchema" CreatedDate="2018-11-15T20:00:21.8225423Z" Revision="1" SchemaVersion="1.2" Product="Desktop" BuildID="80154b57-1148-3590-c1b9-d2ce93ee1fac" BuildInfo="rs5_release.17763.1.180914-1434" OSVersion="10.0.17763.1" BuildArch="amd64" ReleaseType="Production" Type="Baseless" xmlns="http://schemas.microsoft.com/embedded/2004/10/ImageUpdate">
  <Tags Type="Language">
    <Tag Name="Language" Value="cs-CZ" />
    <Tag Name="UpdateType" Value="Baseless" />
  </Tags>
  <Features>
    <Feature Type="LanguagePack" FeatureID="Language.UI.Server~cs-cz" FMID="MSDL" Group="Microsoft">
      <Packages>
        <Package ID="Microsoft-Windows-Server-LanguagePack-Package_cs-cz~31bf3856ad364e35~amd64~cs-cz~" PackageType="FeaturePackage" />
      </Packages>
    </Feature>
    <Feature Type="OnDemandFeature" FeatureID="Microsoft.Onecore.StorageManagement~~1.0" FMID="MSDN" Group="Microsoft">
      <Packages>
        <Package ID="Microsoft-OneCore-StorageManagement-FoD-Package~31bf3856ad364e35~AMD64~cs-cz~" PackageType="SatellitePackage" />
        <Package ID="Microsoft-OneCore-StorageManagement-FoD-Package~31bf3856ad364e35~wow64~cs-cz~" PackageType="SatellitePackage" />
      </Packages>
    </Feature>
    <Feature Type="OnDemandFeature" FeatureID="Rsat.ActiveDirectory.DS-LDS.Tools~~1.0" FMID="MSDN" Group="Microsoft">
      <Dependencies>
        <Feature FeatureID="Rsat.ServerManager.Tools~~1.0" />
      </Dependencies>
      <Packages>
        <Package ID="Microsoft-Windows-ActiveDirectory-DS-LDS-Tools-FoD-Package~31bf3856ad364e35~AMD64~cs-cz~" PackageType="SatellitePackage" />
        <Package ID="Microsoft-Windows-ActiveDirectory-DS-LDS-Tools-FoD-Package~31bf3856ad364e35~wow64~cs-cz~" PackageType="SatellitePackage" />
      </Packages>
    </Feature>
    <Feature Type="OnDemandFeature" FeatureID="Rsat.BitLocker.Recovery.Tools~~1.0" FMID="MSDN" Group="Microsoft">
      <Dependencies>
        <Feature FeatureID="Rsat.ActiveDirectory.DS-LDS.Tools~~1.0" />
      </Dependencies>
      <Packages>
        <Package ID="Microsoft-Windows-BitLocker-Recovery-Tools-FoD-Package~31bf3856ad364e35~AMD64~cs-cz~" PackageType="SatellitePackage" />
      </Packages>
    </Feature>
    <Feature Type="OnDemandFeature" FeatureID="Rsat.CertificateServices.Tools~~1.0" FMID="MSDN" Group="Microsoft">
      <Packages>
        <Package ID="Microsoft-Windows-CertificateServices-Tools-FoD-Package~31bf3856ad364e35~AMD64~cs-cz~" PackageType="SatellitePackage" />
      </Packages>
    </Feature>
    <Feature Type="OnDemandFeature" FeatureID="Rsat.DHCP.Tools~~1.0" FMID="MSDN" Group="Microsoft">
      <Packages>
        <Package ID="Microsoft-Windows-DHCP-Tools-FoD-Package~31bf3856ad364e35~AMD64~cs-cz~" PackageType="SatellitePackage" />
        <Package ID="Microsoft-Windows-DHCP-Tools-FoD-Package~31bf3856ad364e35~wow64~cs-cz~" PackageType="SatellitePackage" />
      </Packages>
    </Feature>
    <Feature Type="OnDemandFeature" FeatureID="Rsat.Dns.Tools~~1.0" FMID="MSDN" Group="Microsoft">
      <Packages>
        <Package ID="Microsoft-Windows-DNS-Tools-FoD-Package~31bf3856ad364e35~AMD64~cs-cz~" PackageType="SatellitePackage" />
        <Package ID="Microsoft-Windows-DNS-Tools-FoD-Package~31bf3856ad364e35~wow64~cs-cz~" PackageType="SatellitePackage" />
      </Packages>
    </Feature>
    <Feature Type="OnDemandFeature" FeatureID="Rsat.FailoverCluster.Management.Tools~~1.0" FMID="MSDN" Group="Microsoft">
      <Dependencies>
        <Feature FeatureID="Rsat.FileServices.Tools~~1.0" />
      </Dependencies>
      <Packages>
        <Package ID="Microsoft-Windows-FailoverCluster-Management-Tools-FOD-Package~31bf3856ad364e35~AMD64~cs-cz~" PackageType="SatellitePackage" />
        <Package ID="Microsoft-Windows-FailoverCluster-Management-Tools-FOD-Package~31bf3856ad364e35~wow64~cs-cz~" PackageType="SatellitePackage" />
      </Packages>
    </Feature>
    <Feature Type="OnDemandFeature" FeatureID="Rsat.FileServices.Tools~~1.0" FMID="MSDN" Group="Microsoft">
      <Dependencies>
        <Feature FeatureID="Rsat.ServerManager.Tools~~1.0" />
      </Dependencies>
      <Packages>
        <Package ID="Microsoft-Windows-FileServices-Tools-FoD-Package~31bf3856ad364e35~AMD64~cs-cz~" PackageType="SatellitePackage" />
        <Package ID="Microsoft-Windows-FileServices-Tools-FoD-Package~31bf3856ad364e35~wow64~cs-cz~" PackageType="SatellitePackage" />
      </Packages>
    </Feature>
    <Feature Type="OnDemandFeature" FeatureID="Rsat.GroupPolicy.Management.Tools~~1.0" FMID="MSDN" Group="Microsoft">
      <Packages>
        <Package ID="Microsoft-Windows-GroupPolicy-Management-Tools-FoD-Package~31bf3856ad364e35~AMD64~cs-cz~" PackageType="SatellitePackage" />
        <Package ID="Microsoft-Windows-GroupPolicy-Management-Tools-FoD-Package~31bf3856ad364e35~wow64~cs-cz~" PackageType="SatellitePackage" />
      </Packages>
    </Feature>
    <Feature Type="OnDemandFeature" FeatureID="Rsat.IPAM.Client.Tools~~1.0" FMID="MSDN" Group="Microsoft">
      <Dependencies>
        <Feature FeatureID="Rsat.ServerManager.Tools~~1.0" />
      </Dependencies>
      <Packages>
        <Package ID="Microsoft-Windows-IPAM-Client-FoD-Package~31bf3856ad364e35~AMD64~cs-cz~" PackageType="SatellitePackage" />
        <Package ID="Microsoft-Windows-IPAM-Client-FoD-Package~31bf3856ad364e35~wow64~cs-cz~" PackageType="SatellitePackage" />
      </Packages>
    </Feature>
    <Feature Type="OnDemandFeature" FeatureID="Rsat.NetworkController.Tools~~1.0" FMID="MSDN" Group="Microsoft">
      <Packages>
        <Package ID="Microsoft-Windows-NetworkController-Tools-FoD-Package~31bf3856ad364e35~AMD64~cs-cz~" PackageType="SatellitePackage" />
      </Packages>
    </Feature>
    <Feature Type="OnDemandFeature" FeatureID="Rsat.NetworkLoadBalancing.Tools~~1.0" FMID="MSDN" Group="Microsoft">
      <Packages>
        <Package ID="Microsoft-Windows-NetworkLoadBalancing-Tools-FoD-Package~31bf3856ad364e35~AMD64~cs-cz~" PackageType="SatellitePackage" />
      </Packages>
    </Feature>
    <Feature Type="OnDemandFeature" FeatureID="RasCMAK.Client~~1.0" FMID="MSDN" Group="Microsoft">
      <Packages>
        <Package ID="Microsoft-Windows-RasCMAK-Client-Package~31bf3856ad364e35~AMD64~cs-cz~" PackageType="SatellitePackage" />
        <Package ID="Microsoft-Windows-RasCMAK-Client-Package~31bf3856ad364e35~wow64~cs-cz~" PackageType="SatellitePackage" />
      </Packages>
    </Feature>
    <Feature Type="OnDemandFeature" FeatureID="RIP.Listener~~1.0" FMID="MSDN" Group="Microsoft">
      <Packages>
        <Package ID="Microsoft-Windows-RasRip-Package~31bf3856ad364e35~AMD64~cs-cz~" PackageType="SatellitePackage" />
      </Packages>
    </Feature>
    <Feature Type="OnDemandFeature" FeatureID="Rsat.RemoteAccess.Management.Tools~~1.0" FMID="MSDN" Group="Microsoft">
      <Dependencies>
        <Feature FeatureID="Rsat.GroupPolicy.Management.Tools~~1.0" />
        <Feature FeatureID="Rsat.ServerManager.Tools~~1.0" />
      </Dependencies>
      <Packages>
        <Package ID="Microsoft-Windows-RemoteAccess-Management-Tools-FoD-Package~31bf3856ad364e35~AMD64~cs-cz~" PackageType="SatellitePackage" />
        <Package ID="Microsoft-Windows-RemoteAccess-Management-Tools-FoD-Package~31bf3856ad364e35~wow64~cs-cz~" PackageType="SatellitePackage" />
      </Packages>
    </Feature>
    <Feature Type="OnDemandFeature" FeatureID="Rsat.RemoteDesktop.Services.Tools~~1.0" FMID="MSDN" Group="Microsoft">
      <Packages>
        <Package ID="Microsoft-Windows-RemoteDesktop-Services-Tools-FoD-Package~31bf3856ad364e35~AMD64~cs-cz~" PackageType="SatellitePackage" />
      </Packages>
    </Feature>
    <Feature Type="OnDemandFeature" FeatureID="ServerCore.AppCompatibility~~1.0" FMID="MSDN" Group="Microsoft">
      <Packages>
        <Package ID="Microsoft-Windows-Server-AppCompat-FoD-Package~31bf3856ad364e35~AMD64~cs-cz~" PackageType="SatellitePackage" />
      </Packages>
    </Feature>
    <Feature Type="OnDemandFeature" FeatureID="Rsat.ServerManager.Tools~~1.0" FMID="MSDN" Group="Microsoft">
      <Packages>
        <Package ID="Microsoft-Windows-ServerManager-Tools-FoD-Package~31bf3856ad364e35~AMD64~cs-cz~" PackageType="SatellitePackage" />
        <Package ID="Microsoft-Windows-ServerManager-Tools-FoD-Package~31bf3856ad364e35~wow64~cs-cz~" PackageType="SatellitePackage" />
      </Packages>
    </Feature>
    <Feature Type="OnDemandFeature" FeatureID="Rsat.Shielded.VM.Tools~~1.0" FMID="MSDN" Group="Microsoft">
      <Dependencies>
        <Feature FeatureID="Rsat.ServerManager.Tools~~1.0" />
      </Dependencies>
      <Packages>
        <Package ID="Microsoft-Windows-Shielded-VM-Tools-FoD-Package~31bf3856ad364e35~AMD64~cs-cz~" PackageType="SatellitePackage" />
      </Packages>
    </Feature>
    <Feature Type="OnDemandFeature" FeatureID="SNMP.Client~~1.0" FMID="MSDN" Group="Microsoft">
      <Packages>
        <Package ID="Microsoft-Windows-SNMP-Client-Package~31bf3856ad364e35~AMD64~cs-cz~" PackageType="SatellitePackage" />
        <Package ID="Microsoft-Windows-SNMP-Client-Package~31bf3856ad364e35~wow64~cs-cz~" PackageType="SatellitePackage" />
      </Packages>
    </Feature>
    <Feature Type="OnDemandFeature" FeatureID="Microsoft.Windows.StorageManagement~~1.0" FMID="MSDN" Group="Microsoft">
      <Packages>
        <Package ID="Microsoft-Windows-StorageManagement-FoD-Package~31bf3856ad364e35~AMD64~cs-cz~" PackageType="SatellitePackage" />
        <Package ID="Microsoft-Windows-StorageManagement-FoD-Package~31bf3856ad364e35~wow64~cs-cz~" PackageType="SatellitePackage" />
      </Packages>
    </Feature>
    <Feature Type="OnDemandFeature" FeatureID="Rsat.StorageMigrationService.Management.Tools~~1.0" FMID="MSDN" Group="Microsoft">
      <Packages>
        <Package ID="Microsoft-Windows-StorageMigrationService-Management-Tools-FOD-Package~31bf3856ad364e35~AMD64~cs-cz~" PackageType="SatellitePackage" />
      </Packages>
    </Feature>
    <Feature Type="OnDemandFeature" FeatureID="Rsat.StorageReplica.Tools~~1.0" FMID="MSDN" Group="Microsoft">
      <Packages>
        <Package ID="Microsoft-Windows-StorageReplica-Tools-FoD-Package~31bf3856ad364e35~AMD64~cs-cz~" PackageType="SatellitePackage" />
      </Packages>
    </Feature>
    <Feature Type="OnDemandFeature" FeatureID="Rsat.SystemInsights.Management.Tools~~1.0" FMID="MSDN" Group="Microsoft">
      <Packages>
        <Package ID="Microsoft-Windows-SystemInsights-Management-Tools-FOD-Package~31bf3856ad364e35~AMD64~cs-cz~" PackageType="SatellitePackage" />
      </Packages>
    </Feature>
    <Feature Type="OnDemandFeature" FeatureID="Rsat.VolumeActivation.Tools~~1.0" FMID="MSDN" Group="Microsoft">
      <Packages>
        <Package ID="Microsoft-Windows-VolumeActivation-Tools-FoD-Package~31bf3856ad364e35~AMD64~cs-cz~" PackageType="SatellitePackage" />
      </Packages>
    </Feature>
    <Feature Type="OnDemandFeature" FeatureID="WMI-SNMP-Provider.Client~~1.0" FMID="MSDN" Group="Microsoft">
      <Dependencies>
        <Feature FeatureID="SNMP.Client~~1.0" />
      </Dependencies>
      <Packages>
        <Package ID="Microsoft-Windows-WMI-SNMP-Provider-Client-Package~31bf3856ad364e35~AMD64~cs-cz~" PackageType="SatellitePackage" />
        <Package ID="Microsoft-Windows-WMI-SNMP-Provider-Client-Package~31bf3856ad364e35~wow64~cs-cz~" PackageType="SatellitePackage" />
      </Packages>
    </Feature>
    <Feature Type="OnDemandFeature" FeatureID="Rsat.WSUS.Tools~~1.0" FMID="MSDN" Group="Microsoft">
      <Packages>
        <Package ID="Microsoft-Windows-WSUS-Tools-FoD-Package~31bf3856ad364e35~AMD64~cs-cz~" PackageType="SatellitePackage" />
      </Packages>
    </Feature>
  </Features>
  <Packages>
    <Package ID="Microsoft-Windows-Server-LanguagePack-Package_cs-cz~31bf3856ad364e35~amd64~cs-cz~" InstalledSize="1117071422" Version="10.0.17763.1">
      <SatelliteInfo>
        <DeclareInfo>
          <Declare Type="language" Value="cs-CZ" />
        </DeclareInfo>
      </SatelliteInfo>
      <Payload>
        <PayloadItem PayloadHash="j9mdjTaZvI40gukdhUhRWgfgJzY4q+pvlcUy1ljmpY4=" PayloadSize="1671585" Path="UUP\Desktop\editionpackages\Server\cs-cz\baseless\Microsoft-Windows-Server-LanguagePack-Package_cs-cz~31bf3856ad364e35~amd64~cs-cz~.cab" PayloadType="ExpressCab" />
        <PayloadItem PayloadHash="OpdlP5TAE9MgQ/LsftN8dRvh9t5BbYR8hFI0fk7+jh0=" PayloadSize="79130088" Path="UUP\Desktop\editionpackages\Server\cs-cz\baseless\Microsoft-Windows-Server-LanguagePack-Package_cs-cz~31bf3856ad364e35~amd64~cs-cz~.psf" PayloadType="ExpressPSF" />
      </Payload>
    </Package>
    <Package ID="Microsoft-OneCore-StorageManagement-FoD-Package~31bf3856ad364e35~AMD64~cs-cz~" InstalledSize="1962473" Version="10.0.17763.1">
      <SatelliteInfo>
        <ApplyToInfo>
          <ApplyTo Type="language" Value="cs-CZ" />
        </ApplyToInfo>
      </SatelliteInfo>
      <Payload>
        <PayloadItem PayloadHash="KDa+YLPG/wAZDMFJngK1Zc53M8eHWVsjj8kFjeheii8=" PayloadSize="20987" Path="FeaturesOnDemand\cs-cz\baseless\Microsoft-OneCore-StorageManagement-FoD-Package~31bf3856ad364e35~AMD64~cs-cz~.cab" PayloadType="ExpressCab" />
        <PayloadItem PayloadHash="B8DgnXXZdKDHTJI3LYmYq3gpkzQulqxEMCqHjs+tl+w=" PayloadSize="208200" Path="FeaturesOnDemand\cs-cz\baseless\Microsoft-OneCore-StorageManagement-FoD-Package~31bf3856ad364e35~AMD64~cs-cz~.psf" PayloadType="ExpressPSF" />
      </Payload>
    </Package>
    <Package ID="Microsoft-OneCore-StorageManagement-FoD-Package~31bf3856ad364e35~wow64~cs-cz~" InstalledSize="1079714" Version="10.0.17763.1">
      <SatelliteInfo>
        <ApplyToInfo>
          <ApplyTo Type="arch" Value="wow64" />
          <ApplyTo Type="language" Value="cs-CZ" />
        </ApplyToInfo>
      </SatelliteInfo>
      <Payload>
        <PayloadItem PayloadHash="QLUic6KY8cpvuSbfyUkn49V+tsprUWhJhIYdjLwsVrQ=" PayloadSize="19191" Path="FeaturesOnDemand\cs-cz\baseless\Microsoft-OneCore-StorageManagement-FoD-Package~31bf3856ad364e35~wow64~cs-cz~.cab" PayloadType="ExpressCab" />
        <PayloadItem PayloadHash="8G43mu1GqkIV36+1LOoSdcyGlCm5gZK50fcC41xkhVY=" PayloadSize="117394" Path="FeaturesOnDemand\cs-cz\baseless\Microsoft-OneCore-StorageManagement-FoD-Package~31bf3856ad364e35~wow64~cs-cz~.psf" PayloadType="ExpressPSF" />
      </Payload>
    </Package>
    <Package ID="Microsoft-Windows-ActiveDirectory-DS-LDS-Tools-FoD-Package~31bf3856ad364e35~AMD64~cs-cz~" InstalledSize="5778680" Version="10.0.17763.1">
      <SatelliteInfo>
        <ApplyToInfo>
          <ApplyTo Type="language" Value="cs-CZ" />
        </ApplyToInfo>
      </SatelliteInfo>
      <Payload>
        <PayloadItem PayloadHash="ivsno7/sWr8Sn8jZIft0px985GFJMyd8uV2VsOH9u5Q=" PayloadSize="28299" Path="FeaturesOnDemand\cs-cz\baseless\Microsoft-Windows-ActiveDirectory-DS-LDS-Tools-FoD-Package~31bf3856ad364e35~AMD64~cs-cz~.cab" PayloadType="ExpressCab" />
        <PayloadItem PayloadHash="/Z4tPupNkKPFURXvfB5CYTpBe463q4XJW9YTn8ILyTU=" PayloadSize="979738" Path="FeaturesOnDemand\cs-cz\baseless\Microsoft-Windows-ActiveDirectory-DS-LDS-Tools-FoD-Package~31bf3856ad364e35~AMD64~cs-cz~.psf" PayloadType="ExpressPSF" />
      </Payload>
    </Package>
    <Package ID="Microsoft-Windows-ActiveDirectory-DS-LDS-Tools-FoD-Package~31bf3856ad364e35~wow64~cs-cz~" InstalledSize="804893" Version="10.0.17763.1">
      <SatelliteInfo>
        <ApplyToInfo>
          <ApplyTo Type="arch" Value="wow64" />
          <ApplyTo Type="language" Value="cs-CZ" />
        </ApplyToInfo>
      </SatelliteInfo>
      <Payload>
        <PayloadItem PayloadHash="y8OR3oWmeNMrbQXhlrTFrpXDprvlu9EGSKjj01RVDHk=" PayloadSize="20065" Path="FeaturesOnDemand\cs-cz\baseless\Microsoft-Windows-ActiveDirectory-DS-LDS-Tools-FoD-Package~31bf3856ad364e35~wow64~cs-cz~.cab" PayloadType="ExpressCab" />
        <PayloadItem PayloadHash="5UNJ90tXKJE9yRfNzGyPWkl88m4LQPtZ5fxDJPmhiTE=" PayloadSize="165700" Path="FeaturesOnDemand\cs-cz\baseless\Microsoft-Windows-ActiveDirectory-DS-LDS-Tools-FoD-Package~31bf3856ad364e35~wow64~cs-cz~.psf" PayloadType="ExpressPSF" />
      </Payload>
    </Package>
    <Package ID="Microsoft-Windows-BitLocker-Recovery-Tools-FoD-Package~31bf3856ad364e35~AMD64~cs-cz~" InstalledSize="33929" Version="10.0.17763.1">
      <SatelliteInfo>
        <ApplyToInfo>
          <ApplyTo Type="language" Value="cs-CZ" />
        </ApplyToInfo>
      </SatelliteInfo>
      <Payload>
        <PayloadItem PayloadHash="YPR6CtbiuzNvU9TL0JVkiaY7oHO6uuZouDpFO3jVnFE=" PayloadSize="18979" Path="FeaturesOnDemand\cs-cz\baseless\Microsoft-Windows-BitLocker-Recovery-Tools-FoD-Package~31bf3856ad364e35~AMD64~cs-cz~.cab" PayloadType="ExpressCab" />
        <PayloadItem PayloadHash="VGEsTDFY8Z80apiFpkpm+EVwoJMhD4vJV2u9ewL1fbg=" PayloadSize="68244" Path="FeaturesOnDemand\cs-cz\baseless\Microsoft-Windows-BitLocker-Recovery-Tools-FoD-Package~31bf3856ad364e35~AMD64~cs-cz~.psf" PayloadType="ExpressPSF" />
      </Payload>
    </Package>
    <Package ID="Microsoft-Windows-CertificateServices-Tools-FoD-Package~31bf3856ad364e35~AMD64~cs-cz~" InstalledSize="1036592" Version="10.0.17763.1">
      <SatelliteInfo>
        <ApplyToInfo>
          <ApplyTo Type="language" Value="cs-CZ" />
        </ApplyToInfo>
      </SatelliteInfo>
      <Payload>
        <PayloadItem PayloadHash="/e6IV4MEzW/JpotawDD3X0qJJV+nbtY9/H6pnhgFEks=" PayloadSize="20807" Path="FeaturesOnDemand\cs-cz\baseless\Microsoft-Windows-CertificateServices-Tools-FoD-Package~31bf3856ad364e35~AMD64~cs-cz~.cab" PayloadType="ExpressCab" />
        <PayloadItem PayloadHash="y49wJ5HqKuHKwg118w7qRyqsvVJE3n04bcmMWGaYElU=" PayloadSize="211699" Path="FeaturesOnDemand\cs-cz\baseless\Microsoft-Windows-CertificateServices-Tools-FoD-Package~31bf3856ad364e35~AMD64~cs-cz~.psf" PayloadType="ExpressPSF" />
      </Payload>
    </Package>
    <Package ID="Microsoft-Windows-DHCP-Tools-FoD-Package~31bf3856ad364e35~AMD64~cs-cz~" InstalledSize="1809710" Version="10.0.17763.1">
      <SatelliteInfo>
        <ApplyToInfo>
          <ApplyTo Type="language" Value="cs-CZ" />
        </ApplyToInfo>
      </SatelliteInfo>
      <Payload>
        <PayloadItem PayloadHash="lCMY2YvATeqPc/l9JZXhhynLVchyYcnLGaZqYzgoNOE=" PayloadSize="19593" Path="FeaturesOnDemand\cs-cz\baseless\Microsoft-Windows-DHCP-Tools-FoD-Package~31bf3856ad364e35~AMD64~cs-cz~.cab" PayloadType="ExpressCab" />
        <PayloadItem PayloadHash="9N7mq12FtPMY8NhzDDJAExiIrruvqfzfbGr4H8N86CA=" PayloadSize="212798" Path="FeaturesOnDemand\cs-cz\baseless\Microsoft-Windows-DHCP-Tools-FoD-Package~31bf3856ad364e35~AMD64~cs-cz~.psf" PayloadType="ExpressPSF" />
      </Payload>
    </Package>
    <Package ID="Microsoft-Windows-DHCP-Tools-FoD-Package~31bf3856ad364e35~wow64~cs-cz~" InstalledSize="464726" Version="10.0.17763.1">
      <SatelliteInfo>
        <ApplyToInfo>
          <ApplyTo Type="arch" Value="wow64" />
          <ApplyTo Type="language" Value="cs-CZ" />
        </ApplyToInfo>
      </SatelliteInfo>
      <Payload>
        <PayloadItem PayloadHash="div6BsszfINC+m/AzTFTnZqxMOzZReg5Ze7cdv0LEeQ=" PayloadSize="18985" Path="FeaturesOnDemand\cs-cz\baseless\Microsoft-Windows-DHCP-Tools-FoD-Package~31bf3856ad364e35~wow64~cs-cz~.cab" PayloadType="ExpressCab" />
        <PayloadItem PayloadHash="I8crrXQG4+trwp2mD1Iou3HbG2CSle0OXsIdh4kWGMU=" PayloadSize="96757" Path="FeaturesOnDemand\cs-cz\baseless\Microsoft-Windows-DHCP-Tools-FoD-Package~31bf3856ad364e35~wow64~cs-cz~.psf" PayloadType="ExpressPSF" />
      </Payload>
    </Package>
    <Package ID="Microsoft-Windows-DNS-Tools-FoD-Package~31bf3856ad364e35~AMD64~cs-cz~" InstalledSize="1914170" Version="10.0.17763.1">
      <SatelliteInfo>
        <ApplyToInfo>
          <ApplyTo Type="language" Value="cs-CZ" />
        </ApplyToInfo>
      </SatelliteInfo>
      <Payload>
        <PayloadItem PayloadHash="BrvHaVVNCn6JkQMLY7dVLwKoT/LMXJbYXwMDPt6o9bg=" PayloadSize="20025" Path="FeaturesOnDemand\cs-cz\baseless\Microsoft-Windows-DNS-Tools-FoD-Package~31bf3856ad364e35~AMD64~cs-cz~.cab" PayloadType="ExpressCab" />
        <PayloadItem PayloadHash="JGC3ju1UVmrsvrFL21n5WHf0gLBmH+8yEVMcnYUiLRg=" PayloadSize="249578" Path="FeaturesOnDemand\cs-cz\baseless\Microsoft-Windows-DNS-Tools-FoD-Package~31bf3856ad364e35~AMD64~cs-cz~.psf" PayloadType="ExpressPSF" />
      </Payload>
    </Package>
    <Package ID="Microsoft-Windows-DNS-Tools-FoD-Package~31bf3856ad364e35~wow64~cs-cz~" InstalledSize="13440" Version="10.0.17763.1">
      <SatelliteInfo>
        <ApplyToInfo>
          <ApplyTo Type="arch" Value="wow64" />
          <ApplyTo Type="language" Value="cs-CZ" />
        </ApplyToInfo>
      </SatelliteInfo>
      <Payload>
        <PayloadItem PayloadHash="8rE6qwOev9fqkw/o5svhmMZmYlVIJ5L4KKvdjWbsveg=" PayloadSize="18589" Path="FeaturesOnDemand\cs-cz\baseless\Microsoft-Windows-DNS-Tools-FoD-Package~31bf3856ad364e35~wow64~cs-cz~.cab" PayloadType="ExpressCab" />
        <PayloadItem PayloadHash="KAFAwawLz/Ehd6RaVKVe4MPDr61pZgCJdi1YK4I4XIk=" PayloadSize="58854" Path="FeaturesOnDemand\cs-cz\baseless\Microsoft-Windows-DNS-Tools-FoD-Package~31bf3856ad364e35~wow64~cs-cz~.psf" PayloadType="ExpressPSF" />
      </Payload>
    </Package>
    <Package ID="Microsoft-Windows-FailoverCluster-Management-Tools-FOD-Package~31bf3856ad364e35~AMD64~cs-cz~" InstalledSize="9049997" Version="10.0.17763.1">
      <SatelliteInfo>
        <ApplyToInfo>
          <ApplyTo Type="language" Value="cs-CZ" />
        </ApplyToInfo>
      </SatelliteInfo>
      <Payload>
        <PayloadItem PayloadHash="SxzZTVpnRuZJ3qIdrEksNR99Ik+fmm+OlwaHczuBeRQ=" PayloadSize="27115" Path="FeaturesOnDemand\cs-cz\baseless\Microsoft-Windows-FailoverCluster-Management-Tools-FOD-Package~31bf3856ad364e35~AMD64~cs-cz~.cab" PayloadType="ExpressCab" />
        <PayloadItem PayloadHash="z4E+CyGIYbvzOUO9VM2uE5Q4lwVuE+fZO3OEOMiEva0=" PayloadSize="2497198" Path="FeaturesOnDemand\cs-cz\baseless\Microsoft-Windows-FailoverCluster-Management-Tools-FOD-Package~31bf3856ad364e35~AMD64~cs-cz~.psf" PayloadType="ExpressPSF" />
      </Payload>
    </Package>
    <Package ID="Microsoft-Windows-FailoverCluster-Management-Tools-FOD-Package~31bf3856ad364e35~wow64~cs-cz~" InstalledSize="82485" Version="10.0.17763.1">
      <SatelliteInfo>
        <ApplyToInfo>
          <ApplyTo Type="arch" Value="wow64" />
          <ApplyTo Type="language" Value="cs-CZ" />
        </ApplyToInfo>
      </SatelliteInfo>
      <Payload>
        <PayloadItem PayloadHash="+IryGME750NqwACiwoEQFENg/llPDq47Sbgndo2shQU=" PayloadSize="19641" Path="FeaturesOnDemand\cs-cz\baseless\Microsoft-Windows-FailoverCluster-Management-Tools-FOD-Package~31bf3856ad364e35~wow64~cs-cz~.cab" PayloadType="ExpressCab" />
        <PayloadItem PayloadHash="XuIBcs+o73CcPWVvuym588gmgLxAzzMi2gwJWQHGNEQ=" PayloadSize="88201" Path="FeaturesOnDemand\cs-cz\baseless\Microsoft-Windows-FailoverCluster-Management-Tools-FOD-Package~31bf3856ad364e35~wow64~cs-cz~.psf" PayloadType="ExpressPSF" />
      </Payload>
    </Package>
    <Package ID="Microsoft-Windows-FileServices-Tools-FoD-Package~31bf3856ad364e35~AMD64~cs-cz~" InstalledSize="4195554" Version="10.0.17763.1">
      <SatelliteInfo>
        <ApplyToInfo>
          <ApplyTo Type="language" Value="cs-CZ" />
        </ApplyToInfo>
      </SatelliteInfo>
      <Payload>
        <PayloadItem PayloadHash="Vwkb7RJTFO2h4e6FW9dH2hEl01CiviOj6POzv9lgciU=" PayloadSize="24467" Path="FeaturesOnDemand\cs-cz\baseless\Microsoft-Windows-FileServices-Tools-FoD-Package~31bf3856ad364e35~AMD64~cs-cz~.cab" PayloadType="ExpressCab" />
        <PayloadItem PayloadHash="M9Lr9yw9kuVL0sqWNQdhKTgU5z2U9YsveWDXWjP2Cds=" PayloadSize="635630" Path="FeaturesOnDemand\cs-cz\baseless\Microsoft-Windows-FileServices-Tools-FoD-Package~31bf3856ad364e35~AMD64~cs-cz~.psf" PayloadType="ExpressPSF" />
      </Payload>
    </Package>
    <Package ID="Microsoft-Windows-FileServices-Tools-FoD-Package~31bf3856ad364e35~wow64~cs-cz~" InstalledSize="190566" Version="10.0.17763.1">
      <SatelliteInfo>
        <ApplyToInfo>
          <ApplyTo Type="arch" Value="wow64" />
          <ApplyTo Type="language" Value="cs-CZ" />
        </ApplyToInfo>
      </SatelliteInfo>
      <Payload>
        <PayloadItem PayloadHash="KRnx8O943CqY8m/r77htfXUFky0kW12px2rXbKlJVDM=" PayloadSize="19369" Path="FeaturesOnDemand\cs-cz\baseless\Microsoft-Windows-FileServices-Tools-FoD-Package~31bf3856ad364e35~wow64~cs-cz~.cab" PayloadType="ExpressCab" />
        <PayloadItem PayloadHash="YYHVV9otsAQ5YRCa7Pys/bTbw6u3A7hyc5e9ZryGQUw=" PayloadSize="89579" Path="FeaturesOnDemand\cs-cz\baseless\Microsoft-Windows-FileServices-Tools-FoD-Package~31bf3856ad364e35~wow64~cs-cz~.psf" PayloadType="ExpressPSF" />
      </Payload>
    </Package>
    <Package ID="Microsoft-Windows-GroupPolicy-Management-Tools-FoD-Package~31bf3856ad364e35~AMD64~cs-cz~" InstalledSize="2339121" Version="10.0.17763.1">
      <SatelliteInfo>
        <ApplyToInfo>
          <ApplyTo Type="language" Value="cs-CZ" />
        </ApplyToInfo>
      </SatelliteInfo>
      <Payload>
        <PayloadItem PayloadHash="tWPt80PQMSu2IoPZNB2TAD9TsR3BaUrz5FtIB6AJMGs=" PayloadSize="22793" Path="FeaturesOnDemand\cs-cz\baseless\Microsoft-Windows-GroupPolicy-Management-Tools-FoD-Package~31bf3856ad364e35~AMD64~cs-cz~.cab" PayloadType="ExpressCab" />
        <PayloadItem PayloadHash="/mH3xQkkOuzxFoaSUUht+/GS+uBjYrTX7JzdGf3nXBg=" PayloadSize="366147" Path="FeaturesOnDemand\cs-cz\baseless\Microsoft-Windows-GroupPolicy-Management-Tools-FoD-Package~31bf3856ad364e35~AMD64~cs-cz~.psf" PayloadType="ExpressPSF" />
      </Payload>
    </Package>
    <Package ID="Microsoft-Windows-GroupPolicy-Management-Tools-FoD-Package~31bf3856ad364e35~wow64~cs-cz~" InstalledSize="324597" Version="10.0.17763.1">
      <SatelliteInfo>
        <ApplyToInfo>
          <ApplyTo Type="arch" Value="wow64" />
          <ApplyTo Type="language" Value="cs-CZ" />
        </ApplyToInfo>
      </SatelliteInfo>
      <Payload>
        <PayloadItem PayloadHash="kTegN56Y0x3N9WocJAl9hf97AjSQ78H2sSlPmykSg0g=" PayloadSize="19101" Path="FeaturesOnDemand\cs-cz\baseless\Microsoft-Windows-GroupPolicy-Management-Tools-FoD-Package~31bf3856ad364e35~wow64~cs-cz~.cab" PayloadType="ExpressCab" />
        <PayloadItem PayloadHash="i+fDUinVOytiHNPNEk3+qdZGiO6IqYfr2oUdxCsGdEQ=" PayloadSize="102562" Path="FeaturesOnDemand\cs-cz\baseless\Microsoft-Windows-GroupPolicy-Management-Tools-FoD-Package~31bf3856ad364e35~wow64~cs-cz~.psf" PayloadType="ExpressPSF" />
      </Payload>
    </Package>
    <Package ID="Microsoft-Windows-IPAM-Client-FoD-Package~31bf3856ad364e35~AMD64~cs-cz~" InstalledSize="107164" Version="10.0.17763.1">
      <SatelliteInfo>
        <ApplyToInfo>
          <ApplyTo Type="language" Value="cs-CZ" />
        </ApplyToInfo>
      </SatelliteInfo>
      <Payload>
        <PayloadItem PayloadHash="kj/PBsxHBJqYphmZAGpeDB2ieiQU3PYw9gzDpByYwkU=" PayloadSize="19025" Path="FeaturesOnDemand\cs-cz\baseless\Microsoft-Windows-IPAM-Client-FoD-Package~31bf3856ad364e35~AMD64~cs-cz~.cab" PayloadType="ExpressCab" />
        <PayloadItem PayloadHash="g5zX8LzhAu1clfO8HCyh8ZQZMN90xmwIkHwGDiRImVg=" PayloadSize="73045" Path="FeaturesOnDemand\cs-cz\baseless\Microsoft-Windows-IPAM-Client-FoD-Package~31bf3856ad364e35~AMD64~cs-cz~.psf" PayloadType="ExpressPSF" />
      </Payload>
    </Package>
    <Package ID="Microsoft-Windows-IPAM-Client-FoD-Package~31bf3856ad364e35~wow64~cs-cz~" InstalledSize="27677" Version="10.0.17763.1">
      <SatelliteInfo>
        <ApplyToInfo>
          <ApplyTo Type="arch" Value="wow64" />
          <ApplyTo Type="language" Value="cs-CZ" />
        </ApplyToInfo>
      </SatelliteInfo>
      <Payload>
        <PayloadItem PayloadHash="0qQucOABfJeMtWzFPd/7qe667mVE61l1YXL+3dk+pxE=" PayloadSize="18705" Path="FeaturesOnDemand\cs-cz\baseless\Microsoft-Windows-IPAM-Client-FoD-Package~31bf3856ad364e35~wow64~cs-cz~.cab" PayloadType="ExpressCab" />
        <PayloadItem PayloadHash="w++tQA9yBZWg4kY1ImW7XAqic2QwMHMMWjHvkI1lcYE=" PayloadSize="61937" Path="FeaturesOnDemand\cs-cz\baseless\Microsoft-Windows-IPAM-Client-FoD-Package~31bf3856ad364e35~wow64~cs-cz~.psf" PayloadType="ExpressPSF" />
      </Payload>
    </Package>
    <Package ID="Microsoft-Windows-NetworkController-Tools-FoD-Package~31bf3856ad364e35~AMD64~cs-cz~" InstalledSize="69863" Version="10.0.17763.1">
      <SatelliteInfo>
        <ApplyToInfo>
          <ApplyTo Type="language" Value="cs-CZ" />
        </ApplyToInfo>
      </SatelliteInfo>
      <Payload>
        <PayloadItem PayloadHash="y7iZVCjYqLoLl/2jMmfoUlxZAgRE8+74QtgjZT1yOiI=" PayloadSize="18839" Path="FeaturesOnDemand\cs-cz\baseless\Microsoft-Windows-NetworkController-Tools-FoD-Package~31bf3856ad364e35~AMD64~cs-cz~.cab" PayloadType="ExpressCab" />
        <PayloadItem PayloadHash="8l0AiYPICXahtZxwWEZduPUIV2uiemlc15ZXUICgNYA=" PayloadSize="80137" Path="FeaturesOnDemand\cs-cz\baseless\Microsoft-Windows-NetworkController-Tools-FoD-Package~31bf3856ad364e35~AMD64~cs-cz~.psf" PayloadType="ExpressPSF" />
      </Payload>
    </Package>
    <Package ID="Microsoft-Windows-NetworkLoadBalancing-Tools-FoD-Package~31bf3856ad364e35~AMD64~cs-cz~" InstalledSize="228823" Version="10.0.17763.1">
      <SatelliteInfo>
        <ApplyToInfo>
          <ApplyTo Type="language" Value="cs-CZ" />
        </ApplyToInfo>
      </SatelliteInfo>
      <Payload>
        <PayloadItem PayloadHash="36R94uvRsSCgz1nlgNZIHc0U2hoHm6x9oV1QLfJ080Y=" PayloadSize="19349" Path="FeaturesOnDemand\cs-cz\baseless\Microsoft-Windows-NetworkLoadBalancing-Tools-FoD-Package~31bf3856ad364e35~AMD64~cs-cz~.cab" PayloadType="ExpressCab" />
        <PayloadItem PayloadHash="NYIEcPQFXHhTOlLUW6FWEK1uYog/eIrfvYzAoYYBLf8=" PayloadSize="99239" Path="FeaturesOnDemand\cs-cz\baseless\Microsoft-Windows-NetworkLoadBalancing-Tools-FoD-Package~31bf3856ad364e35~AMD64~cs-cz~.psf" PayloadType="ExpressPSF" />
      </Payload>
    </Package>
    <Package ID="Microsoft-Windows-RasCMAK-Client-Package~31bf3856ad364e35~AMD64~cs-cz~" InstalledSize="226397" Version="10.0.17763.1">
      <SatelliteInfo>
        <ApplyToInfo>
          <ApplyTo Type="language" Value="cs-CZ" />
        </ApplyToInfo>
      </SatelliteInfo>
      <Payload>
        <PayloadItem PayloadHash="55dlZ0YQlIPpGdv9/LOny4XADM4rtDx3C27FHGQ4GkY=" PayloadSize="18773" Path="FeaturesOnDemand\cs-cz\baseless\Microsoft-Windows-RasCMAK-Client-Package~31bf3856ad364e35~AMD64~cs-cz~.cab" PayloadType="ExpressCab" />
        <PayloadItem PayloadHash="3x8TkCk0WH4RVB8IfaRU40TrTauB+/q1kr8l4RZtq2c=" PayloadSize="125849" Path="FeaturesOnDemand\cs-cz\baseless\Microsoft-Windows-RasCMAK-Client-Package~31bf3856ad364e35~AMD64~cs-cz~.psf" PayloadType="ExpressPSF" />
      </Payload>
    </Package>
    <Package ID="Microsoft-Windows-RasCMAK-Client-Package~31bf3856ad364e35~wow64~cs-cz~" InstalledSize="492034" Version="10.0.17763.1">
      <SatelliteInfo>
        <ApplyToInfo>
          <ApplyTo Type="arch" Value="wow64" />
          <ApplyTo Type="language" Value="cs-CZ" />
        </ApplyToInfo>
      </SatelliteInfo>
      <Payload>
        <PayloadItem PayloadHash="KAfsTDdiqTJ16KgXFj3vS2nwExNM4awilSJoiwgsyao=" PayloadSize="19315" Path="FeaturesOnDemand\cs-cz\baseless\Microsoft-Windows-RasCMAK-Client-Package~31bf3856ad364e35~wow64~cs-cz~.cab" PayloadType="ExpressCab" />
        <PayloadItem PayloadHash="G9teFfcIIF9g6hcntE94kTzhbV8yJQZRfZccJjE8Olg=" PayloadSize="402571" Path="FeaturesOnDemand\cs-cz\baseless\Microsoft-Windows-RasCMAK-Client-Package~31bf3856ad364e35~wow64~cs-cz~.psf" PayloadType="ExpressPSF" />
      </Payload>
    </Package>
    <Package ID="Microsoft-Windows-RasRip-Package~31bf3856ad364e35~AMD64~cs-cz~" InstalledSize="27543" Version="10.0.17763.1">
      <SatelliteInfo>
        <ApplyToInfo>
          <ApplyTo Type="language" Value="cs-CZ" />
        </ApplyToInfo>
      </SatelliteInfo>
      <Payload>
        <PayloadItem PayloadHash="k5pOQGCRO1/pr+ByrgqIIU7pY+sMXJrmVZJn0t62NdI=" PayloadSize="18721" Path="FeaturesOnDemand\cs-cz\baseless\Microsoft-Windows-RasRip-Package~31bf3856ad364e35~AMD64~cs-cz~.cab" PayloadType="ExpressCab" />
        <PayloadItem PayloadHash="CH29IwVWDqbEcRRQt+VqcMdNkGKKf7T4kE5y2nBK8/c=" PayloadSize="61940" Path="FeaturesOnDemand\cs-cz\baseless\Microsoft-Windows-RasRip-Package~31bf3856ad364e35~AMD64~cs-cz~.psf" PayloadType="ExpressPSF" />
      </Payload>
    </Package>
    <Package ID="Microsoft-Windows-RemoteAccess-Management-Tools-FoD-Package~31bf3856ad364e35~AMD64~cs-cz~" InstalledSize="18621000" Version="10.0.17763.1">
      <SatelliteInfo>
        <ApplyToInfo>
          <ApplyTo Type="language" Value="cs-CZ" />
        </ApplyToInfo>
      </SatelliteInfo>
      <Payload>
        <PayloadItem PayloadHash="4Jk/gwyxMTi1+5I+61tLNifUB4afcE+Me0gtxbg4TUE=" PayloadSize="21467" Path="FeaturesOnDemand\cs-cz\baseless\Microsoft-Windows-RemoteAccess-Management-Tools-FoD-Package~31bf3856ad364e35~AMD64~cs-cz~.cab" PayloadType="ExpressCab" />
        <PayloadItem PayloadHash="ZWxhAqxADpPSTnaBQ+qNtnSqUadH5cJKFZCb4CpdWGg=" PayloadSize="3417026" Path="FeaturesOnDemand\cs-cz\baseless\Microsoft-Windows-RemoteAccess-Management-Tools-FoD-Package~31bf3856ad364e35~AMD64~cs-cz~.psf" PayloadType="ExpressPSF" />
      </Payload>
    </Package>
    <Package ID="Microsoft-Windows-RemoteAccess-Management-Tools-FoD-Package~31bf3856ad364e35~wow64~cs-cz~" InstalledSize="13719" Version="10.0.17763.1">
      <SatelliteInfo>
        <ApplyToInfo>
          <ApplyTo Type="arch" Value="wow64" />
          <ApplyTo Type="language" Value="cs-CZ" />
        </ApplyToInfo>
      </SatelliteInfo>
      <Payload>
        <PayloadItem PayloadHash="UMgRONruL7JOuBM2X9bJn2y+uGryMuEo02P7YWUwvJ8=" PayloadSize="18643" Path="FeaturesOnDemand\cs-cz\baseless\Microsoft-Windows-RemoteAccess-Management-Tools-FoD-Package~31bf3856ad364e35~wow64~cs-cz~.cab" PayloadType="ExpressCab" />
        <PayloadItem PayloadHash="EBsEEaXmP/htkmqIRsIIQpeMRkIIhYhCdRmQVSaGJL4=" PayloadSize="58605" Path="FeaturesOnDemand\cs-cz\baseless\Microsoft-Windows-RemoteAccess-Management-Tools-FoD-Package~31bf3856ad364e35~wow64~cs-cz~.psf" PayloadType="ExpressPSF" />
      </Payload>
    </Package>
    <Package ID="Microsoft-Windows-RemoteDesktop-Services-Tools-FoD-Package~31bf3856ad364e35~AMD64~cs-cz~" InstalledSize="1527881" Version="10.0.17763.1">
      <SatelliteInfo>
        <ApplyToInfo>
          <ApplyTo Type="language" Value="cs-CZ" />
        </ApplyToInfo>
      </SatelliteInfo>
      <Payload>
        <PayloadItem PayloadHash="c3TSMgFVZi9khiNICGokDhCEwTtfrqU810Dpn3PXkn0=" PayloadSize="20481" Path="FeaturesOnDemand\cs-cz\baseless\Microsoft-Windows-RemoteDesktop-Services-Tools-FoD-Package~31bf3856ad364e35~AMD64~cs-cz~.cab" PayloadType="ExpressCab" />
        <PayloadItem PayloadHash="mQiMcnkDyWwtS6pR+EzvnUSuoEc1acxpVv5ZY0oF9z4=" PayloadSize="310569" Path="FeaturesOnDemand\cs-cz\baseless\Microsoft-Windows-RemoteDesktop-Services-Tools-FoD-Package~31bf3856ad364e35~AMD64~cs-cz~.psf" PayloadType="ExpressPSF" />
      </Payload>
    </Package>
    <Package ID="Microsoft-Windows-Server-AppCompat-FoD-Package~31bf3856ad364e35~AMD64~cs-cz~" InstalledSize="28344512" Version="10.0.17763.1">
      <SatelliteInfo>
        <ApplyToInfo>
          <ApplyTo Type="language" Value="cs-CZ" />
        </ApplyToInfo>
      </SatelliteInfo>
      <Payload>
        <PayloadItem PayloadHash="EzCLerq5UzT5a8wh54lHH0FWSLGT8uqPQbh0ba3nVDk=" PayloadSize="95435" Path="FeaturesOnDemand\cs-cz\baseless\Microsoft-Windows-Server-AppCompat-FoD-Package~31bf3856ad364e35~AMD64~cs-cz~.cab" PayloadType="ExpressCab" />
        <PayloadItem PayloadHash="rYsPbcfOyRz6149ZvoJ9sM3Phy+Scn476ullqxNf/uM=" PayloadSize="6930400" Path="FeaturesOnDemand\cs-cz\baseless\Microsoft-Windows-Server-AppCompat-FoD-Package~31bf3856ad364e35~AMD64~cs-cz~.psf" PayloadType="ExpressPSF" />
      </Payload>
    </Package>
    <Package ID="Microsoft-Windows-ServerManager-Tools-FoD-Package~31bf3856ad364e35~AMD64~cs-cz~" InstalledSize="11989692" Version="10.0.17763.1">
      <SatelliteInfo>
        <ApplyToInfo>
          <ApplyTo Type="language" Value="cs-CZ" />
        </ApplyToInfo>
      </SatelliteInfo>
      <Payload>
        <PayloadItem PayloadHash="PKdFHPWzOYrHXzp4QZ6iu/hfs8o3sG8GGBrONkkCilI=" PayloadSize="38485" Path="FeaturesOnDemand\cs-cz\baseless\Microsoft-Windows-ServerManager-Tools-FoD-Package~31bf3856ad364e35~AMD64~cs-cz~.cab" PayloadType="ExpressCab" />
        <PayloadItem PayloadHash="X2VPyhV67pZowufvwMYv55HluHPS/anKhdnEHjLP+AA=" PayloadSize="2352023" Path="FeaturesOnDemand\cs-cz\baseless\Microsoft-Windows-ServerManager-Tools-FoD-Package~31bf3856ad364e35~AMD64~cs-cz~.psf" PayloadType="ExpressPSF" />
      </Payload>
    </Package>
    <Package ID="Microsoft-Windows-ServerManager-Tools-FoD-Package~31bf3856ad364e35~wow64~cs-cz~" InstalledSize="1225284" Version="10.0.17763.1">
      <SatelliteInfo>
        <ApplyToInfo>
          <ApplyTo Type="arch" Value="wow64" />
          <ApplyTo Type="language" Value="cs-CZ" />
        </ApplyToInfo>
      </SatelliteInfo>
      <Payload>
        <PayloadItem PayloadHash="KcZwIgInKJu7MBIv904KxG7Mw6dwFNdGdqTET8hW/TM=" PayloadSize="20101" Path="FeaturesOnDemand\cs-cz\baseless\Microsoft-Windows-ServerManager-Tools-FoD-Package~31bf3856ad364e35~wow64~cs-cz~.cab" PayloadType="ExpressCab" />
        <PayloadItem PayloadHash="ApMCyPHgGiMInpotJGRDP1aF7bwdld0ZZtsAXpYLy1Q=" PayloadSize="370408" Path="FeaturesOnDemand\cs-cz\baseless\Microsoft-Windows-ServerManager-Tools-FoD-Package~31bf3856ad364e35~wow64~cs-cz~.psf" PayloadType="ExpressPSF" />
      </Payload>
    </Package>
    <Package ID="Microsoft-Windows-Shielded-VM-Tools-FoD-Package~31bf3856ad364e35~AMD64~cs-cz~" InstalledSize="397948" Version="10.0.17763.1">
      <SatelliteInfo>
        <ApplyToInfo>
          <ApplyTo Type="language" Value="cs-CZ" />
        </ApplyToInfo>
      </SatelliteInfo>
      <Payload>
        <PayloadItem PayloadHash="g2xLmE9Xo7x7no/RojYk8ujyOdz5gPFaA92njzXrOA0=" PayloadSize="23463" Path="FeaturesOnDemand\cs-cz\baseless\Microsoft-Windows-Shielded-VM-Tools-FoD-Package~31bf3856ad364e35~AMD64~cs-cz~.cab" PayloadType="ExpressCab" />
        <PayloadItem PayloadHash="YsQv9oCpeGHOq/5gnqlhZ+qmr70xQwJ0//VD3S2zUg0=" PayloadSize="184745" Path="FeaturesOnDemand\cs-cz\baseless\Microsoft-Windows-Shielded-VM-Tools-FoD-Package~31bf3856ad364e35~AMD64~cs-cz~.psf" PayloadType="ExpressPSF" />
      </Payload>
    </Package>
    <Package ID="Microsoft-Windows-SNMP-Client-Package~31bf3856ad364e35~AMD64~cs-cz~" InstalledSize="135047" Version="10.0.17763.1">
      <SatelliteInfo>
        <ApplyToInfo>
          <ApplyTo Type="language" Value="cs-CZ" />
        </ApplyToInfo>
      </SatelliteInfo>
      <Payload>
        <PayloadItem PayloadHash="Vueg3Ul3JEIAeFXCG7JKoW/2LjbANMs7S7WRm0WnJcI=" PayloadSize="20573" Path="FeaturesOnDemand\cs-cz\baseless\Microsoft-Windows-SNMP-Client-Package~31bf3856ad364e35~AMD64~cs-cz~.cab" PayloadType="ExpressCab" />
        <PayloadItem PayloadHash="RqBtH0oGF1LksJRVJ8P6jhUDyEsC6326gawRG76EKTA=" PayloadSize="102534" Path="FeaturesOnDemand\cs-cz\baseless\Microsoft-Windows-SNMP-Client-Package~31bf3856ad364e35~AMD64~cs-cz~.psf" PayloadType="ExpressPSF" />
      </Payload>
    </Package>
    <Package ID="Microsoft-Windows-SNMP-Client-Package~31bf3856ad364e35~wow64~cs-cz~" InstalledSize="136015" Version="10.0.17763.1">
      <SatelliteInfo>
        <ApplyToInfo>
          <ApplyTo Type="arch" Value="wow64" />
          <ApplyTo Type="language" Value="cs-CZ" />
        </ApplyToInfo>
      </SatelliteInfo>
      <Payload>
        <PayloadItem PayloadHash="gDbqUo4Z9iqiLtePq7PPFQrze88Ahp+QWncIwcHDuxg=" PayloadSize="20137" Path="FeaturesOnDemand\cs-cz\baseless\Microsoft-Windows-SNMP-Client-Package~31bf3856ad364e35~wow64~cs-cz~.cab" PayloadType="ExpressCab" />
        <PayloadItem PayloadHash="yKWtkSkSL/8b0Gb5kfSX/PbBpa8PnEfFAUwc85zudIY=" PayloadSize="103215" Path="FeaturesOnDemand\cs-cz\baseless\Microsoft-Windows-SNMP-Client-Package~31bf3856ad364e35~wow64~cs-cz~.psf" PayloadType="ExpressPSF" />
      </Payload>
    </Package>
    <Package ID="Microsoft-Windows-StorageManagement-FoD-Package~31bf3856ad364e35~AMD64~cs-cz~" InstalledSize="1619272" Version="10.0.17763.1">
      <SatelliteInfo>
        <ApplyToInfo>
          <ApplyTo Type="language" Value="cs-CZ" />
        </ApplyToInfo>
      </SatelliteInfo>
      <Payload>
        <PayloadItem PayloadHash="zxepwPX5+awdFlgrYVAcULVpaDWYBGPvWBK1VUm1gI8=" PayloadSize="21205" Path="FeaturesOnDemand\cs-cz\baseless\Microsoft-Windows-StorageManagement-FoD-Package~31bf3856ad364e35~AMD64~cs-cz~.cab" PayloadType="ExpressCab" />
        <PayloadItem PayloadHash="perTMZGTqIk+QRILg6U6aPTexZxROJssD6f/8bmEYqc=" PayloadSize="210973" Path="FeaturesOnDemand\cs-cz\baseless\Microsoft-Windows-StorageManagement-FoD-Package~31bf3856ad364e35~AMD64~cs-cz~.psf" PayloadType="ExpressPSF" />
      </Payload>
    </Package>
    <Package ID="Microsoft-Windows-StorageManagement-FoD-Package~31bf3856ad364e35~wow64~cs-cz~" InstalledSize="1119351" Version="10.0.17763.1">
      <SatelliteInfo>
        <ApplyToInfo>
          <ApplyTo Type="arch" Value="wow64" />
          <ApplyTo Type="language" Value="cs-CZ" />
        </ApplyToInfo>
      </SatelliteInfo>
      <Payload>
        <PayloadItem PayloadHash="Gy1QTPZzJMdN54OQkqN3xEBOMnMPPmYvO/B92ARc2xU=" PayloadSize="20063" Path="FeaturesOnDemand\cs-cz\baseless\Microsoft-Windows-StorageManagement-FoD-Package~31bf3856ad364e35~wow64~cs-cz~.cab" PayloadType="ExpressCab" />
        <PayloadItem PayloadHash="jh2bJw/uwnbW7DcpvCarKX51KtGg+ThJGyeOziovTi0=" PayloadSize="140044" Path="FeaturesOnDemand\cs-cz\baseless\Microsoft-Windows-StorageManagement-FoD-Package~31bf3856ad364e35~wow64~cs-cz~.psf" PayloadType="ExpressPSF" />
      </Payload>
    </Package>
    <Package ID="Microsoft-Windows-StorageMigrationService-Management-Tools-FOD-Package~31bf3856ad364e35~AMD64~cs-cz~" InstalledSize="56987" Version="10.0.17763.1">
      <SatelliteInfo>
        <ApplyToInfo>
          <ApplyTo Type="language" Value="cs-CZ" />
        </ApplyToInfo>
      </SatelliteInfo>
      <Payload>
        <PayloadItem PayloadHash="h3J4urkatyURS2ksHUIVh4c8gpxVHv8K4pyBpPFJJTE=" PayloadSize="18793" Path="FeaturesOnDemand\cs-cz\baseless\Microsoft-Windows-StorageMigrationService-Management-Tools-FOD-Package~31bf3856ad364e35~AMD64~cs-cz~.cab" PayloadType="ExpressCab" />
        <PayloadItem PayloadHash="/Sft9R3BN+D4nAB0YD8bi4rGXwgucqss8i+aOEf8U1A=" PayloadSize="73323" Path="FeaturesOnDemand\cs-cz\baseless\Microsoft-Windows-StorageMigrationService-Management-Tools-FOD-Package~31bf3856ad364e35~AMD64~cs-cz~.psf" PayloadType="ExpressPSF" />
      </Payload>
    </Package>
    <Package ID="Microsoft-Windows-StorageReplica-Tools-FoD-Package~31bf3856ad364e35~AMD64~cs-cz~" InstalledSize="401658" Version="10.0.17763.1">
      <SatelliteInfo>
        <ApplyToInfo>
          <ApplyTo Type="language" Value="cs-CZ" />
        </ApplyToInfo>
      </SatelliteInfo>
      <Payload>
        <PayloadItem PayloadHash="Le53IRvurv7777YwoT4B6qtjjMXuRNm6M0Oz1UIzVm0=" PayloadSize="19389" Path="FeaturesOnDemand\cs-cz\baseless\Microsoft-Windows-StorageReplica-Tools-FoD-Package~31bf3856ad364e35~AMD64~cs-cz~.cab" PayloadType="ExpressCab" />
        <PayloadItem PayloadHash="rhZtVwa7nmKimZSOMtdGf1OWs5ivcPcf52QuaQEvsvY=" PayloadSize="117220" Path="FeaturesOnDemand\cs-cz\baseless\Microsoft-Windows-StorageReplica-Tools-FoD-Package~31bf3856ad364e35~AMD64~cs-cz~.psf" PayloadType="ExpressPSF" />
      </Payload>
    </Package>
    <Package ID="Microsoft-Windows-SystemInsights-Management-Tools-FOD-Package~31bf3856ad364e35~AMD64~cs-cz~" InstalledSize="41654" Version="10.0.17763.1">
      <SatelliteInfo>
        <ApplyToInfo>
          <ApplyTo Type="language" Value="cs-CZ" />
        </ApplyToInfo>
      </SatelliteInfo>
      <Payload>
        <PayloadItem PayloadHash="4WNZcFFyiO1Yc3G4Ncw1DQ9d6FeQ+tgVgCpJIB6Btw8=" PayloadSize="19025" Path="FeaturesOnDemand\cs-cz\baseless\Microsoft-Windows-SystemInsights-Management-Tools-FOD-Package~31bf3856ad364e35~AMD64~cs-cz~.cab" PayloadType="ExpressCab" />
        <PayloadItem PayloadHash="z+w6jWwmMNOehS+iOTDGkCQ9++6dbCR9BF5deOow4RQ=" PayloadSize="70441" Path="FeaturesOnDemand\cs-cz\baseless\Microsoft-Windows-SystemInsights-Management-Tools-FOD-Package~31bf3856ad364e35~AMD64~cs-cz~.psf" PayloadType="ExpressPSF" />
      </Payload>
    </Package>
    <Package ID="Microsoft-Windows-VolumeActivation-Tools-FoD-Package~31bf3856ad364e35~AMD64~cs-cz~" InstalledSize="227477" Version="10.0.17763.1">
      <SatelliteInfo>
        <ApplyToInfo>
          <ApplyTo Type="language" Value="cs-CZ" />
        </ApplyToInfo>
      </SatelliteInfo>
      <Payload>
        <PayloadItem PayloadHash="qen5pv+kfhGCiTlJsymJ6Ph5hFbAN7UWMKx6G8yNyiE=" PayloadSize="18887" Path="FeaturesOnDemand\cs-cz\baseless\Microsoft-Windows-VolumeActivation-Tools-FoD-Package~31bf3856ad364e35~AMD64~cs-cz~.cab" PayloadType="ExpressCab" />
        <PayloadItem PayloadHash="Hp0tQwhdvEE8AFCTl7GdDPEUFBvjO1nOE2vT3EMvdKM=" PayloadSize="181938" Path="FeaturesOnDemand\cs-cz\baseless\Microsoft-Windows-VolumeActivation-Tools-FoD-Package~31bf3856ad364e35~AMD64~cs-cz~.psf" PayloadType="ExpressPSF" />
      </Payload>
    </Package>
    <Package ID="Microsoft-Windows-WMI-SNMP-Provider-Client-Package~31bf3856ad364e35~AMD64~cs-cz~" InstalledSize="57408" Version="10.0.17763.1">
      <SatelliteInfo>
        <ApplyToInfo>
          <ApplyTo Type="language" Value="cs-CZ" />
        </ApplyToInfo>
      </SatelliteInfo>
      <Payload>
        <PayloadItem PayloadHash="Rd8cqWkiVAyH0X//3CS2+hhj6hc4SFCf7sFA2v36b2o=" PayloadSize="19301" Path="FeaturesOnDemand\cs-cz\baseless\Microsoft-Windows-WMI-SNMP-Provider-Client-Package~31bf3856ad364e35~AMD64~cs-cz~.cab" PayloadType="ExpressCab" />
        <PayloadItem PayloadHash="aiePLlZPmtCNzZcaB9EfFBOoVzY9vbyy3aDOIXrguYA=" PayloadSize="74364" Path="FeaturesOnDemand\cs-cz\baseless\Microsoft-Windows-WMI-SNMP-Provider-Client-Package~31bf3856ad364e35~AMD64~cs-cz~.psf" PayloadType="ExpressPSF" />
      </Payload>
    </Package>
    <Package ID="Microsoft-Windows-WMI-SNMP-Provider-Client-Package~31bf3856ad364e35~wow64~cs-cz~" InstalledSize="57262" Version="10.0.17763.1">
      <SatelliteInfo>
        <ApplyToInfo>
          <ApplyTo Type="arch" Value="wow64" />
          <ApplyTo Type="language" Value="cs-CZ" />
        </ApplyToInfo>
      </SatelliteInfo>
      <Payload>
        <PayloadItem PayloadHash="HV5t8ZjQl7FTi6dF/g9LsNfjm2rmK/+syy6AeS5j2N0=" PayloadSize="19281" Path="FeaturesOnDemand\cs-cz\baseless\Microsoft-Windows-WMI-SNMP-Provider-Client-Package~31bf3856ad364e35~wow64~cs-cz~.cab" PayloadType="ExpressCab" />
        <PayloadItem PayloadHash="FobHTpydIzazSH5ziMFMPlOZASwxmgf+iHKQnq4VMwA=" PayloadSize="74400" Path="FeaturesOnDemand\cs-cz\baseless\Microsoft-Windows-WMI-SNMP-Provider-Client-Package~31bf3856ad364e35~wow64~cs-cz~.psf" PayloadType="ExpressPSF" />
      </Payload>
    </Package>
    <Package ID="Microsoft-Windows-WSUS-Tools-FoD-Package~31bf3856ad364e35~AMD64~cs-cz~" InstalledSize="2955921" Version="10.0.17763.1">
      <SatelliteInfo>
        <ApplyToInfo>
          <ApplyTo Type="language" Value="cs-CZ" />
        </ApplyToInfo>
      </SatelliteInfo>
      <Payload>
        <PayloadItem PayloadHash="cgVHAcIA76U8Lg7SIpXmrmBZS+SG5QfkA0hOJDexGi0=" PayloadSize="19955" Path="FeaturesOnDemand\cs-cz\baseless\Microsoft-Windows-WSUS-Tools-FoD-Package~31bf3856ad364e35~AMD64~cs-cz~.cab" PayloadType="ExpressCab" />
        <PayloadItem PayloadHash="2mh8AbLnSpPoVDo75WrY7O/lOaNvWGaFai70ysFfiWg=" PayloadSize="402620" Path="FeaturesOnDemand\cs-cz\baseless\Microsoft-Windows-WSUS-Tools-FoD-Package~31bf3856ad364e35~AMD64~cs-cz~.psf" PayloadType="ExpressPSF" />
      </Payload>
    </Package>
  </Packages>
</CompDB>