<?xml version="1.0" encoding="utf-8"?>
<CompDB xmlns:xsi="http://www.w3.org/2001/XMLSchema-instance" xmlns:xsd="http://www.w3.org/2001/XMLSchema" CreatedDate="2018-11-16T00:55:26.1758978Z" Revision="1" SchemaVersion="1.2" Product="Desktop" BuildID="80154b57-1148-3590-c1b9-d2ce93ee1fac" BuildInfo="rs5_release.17763.1.180914-1434" OSVersion="10.0.17763.1" BuildArch="amd64" ReleaseType="Production" Type="Baseless" xmlns="http://schemas.microsoft.com/embedded/2004/10/ImageUpdate">
  <Tags Type="Language">
    <Tag Name="Language" Value="sr-Latn-RS" />
    <Tag Name="UpdateType" Value="Baseless" />
  </Tags>
  <Features>
    <Feature Type="LanguagePack" FeatureID="Language.UI.Server~sr-latn-rs" FMID="MSDL" Group="Microsoft">
      <Packages>
        <Package ID="Microsoft-Windows-Server-LanguagePack-Package_sr-latn-rs~31bf3856ad364e35~amd64~sr-latn-rs~" PackageType="FeaturePackage" />
      </Packages>
    </Feature>
    <Feature Type="OnDemandFeature" FeatureID="Microsoft.Onecore.StorageManagement~~1.0" FMID="MSDN" Group="Microsoft">
      <Packages>
        <Package ID="Microsoft-OneCore-StorageManagement-FoD-Package~31bf3856ad364e35~AMD64~sr-latn-rs~" PackageType="SatellitePackage" />
        <Package ID="Microsoft-OneCore-StorageManagement-FoD-Package~31bf3856ad364e35~wow64~sr-latn-rs~" PackageType="SatellitePackage" />
      </Packages>
    </Feature>
    <Feature Type="OnDemandFeature" FeatureID="Rsat.ActiveDirectory.DS-LDS.Tools~~1.0" FMID="MSDN" Group="Microsoft">
      <Dependencies>
        <Feature FeatureID="Rsat.ServerManager.Tools~~1.0" />
      </Dependencies>
      <Packages>
        <Package ID="Microsoft-Windows-ActiveDirectory-DS-LDS-Tools-FoD-Package~31bf3856ad364e35~AMD64~sr-latn-rs~" PackageType="SatellitePackage" />
        <Package ID="Microsoft-Windows-ActiveDirectory-DS-LDS-Tools-FoD-Package~31bf3856ad364e35~wow64~sr-latn-rs~" PackageType="SatellitePackage" />
      </Packages>
    </Feature>
    <Feature Type="OnDemandFeature" FeatureID="Rsat.BitLocker.Recovery.Tools~~1.0" FMID="MSDN" Group="Microsoft">
      <Dependencies>
        <Feature FeatureID="Rsat.ActiveDirectory.DS-LDS.Tools~~1.0" />
      </Dependencies>
      <Packages>
        <Package ID="Microsoft-Windows-BitLocker-Recovery-Tools-FoD-Package~31bf3856ad364e35~AMD64~sr-latn-rs~" PackageType="SatellitePackage" />
      </Packages>
    </Feature>
    <Feature Type="OnDemandFeature" FeatureID="Rsat.CertificateServices.Tools~~1.0" FMID="MSDN" Group="Microsoft">
      <Packages>
        <Package ID="Microsoft-Windows-CertificateServices-Tools-FoD-Package~31bf3856ad364e35~AMD64~sr-latn-rs~" PackageType="SatellitePackage" />
      </Packages>
    </Feature>
    <Feature Type="OnDemandFeature" FeatureID="Rsat.DHCP.Tools~~1.0" FMID="MSDN" Group="Microsoft">
      <Packages>
        <Package ID="Microsoft-Windows-DHCP-Tools-FoD-Package~31bf3856ad364e35~AMD64~sr-latn-rs~" PackageType="SatellitePackage" />
        <Package ID="Microsoft-Windows-DHCP-Tools-FoD-Package~31bf3856ad364e35~wow64~sr-latn-rs~" PackageType="SatellitePackage" />
      </Packages>
    </Feature>
    <Feature Type="OnDemandFeature" FeatureID="Rsat.Dns.Tools~~1.0" FMID="MSDN" Group="Microsoft">
      <Packages>
        <Package ID="Microsoft-Windows-DNS-Tools-FoD-Package~31bf3856ad364e35~AMD64~sr-latn-rs~" PackageType="SatellitePackage" />
        <Package ID="Microsoft-Windows-DNS-Tools-FoD-Package~31bf3856ad364e35~wow64~sr-latn-rs~" PackageType="SatellitePackage" />
      </Packages>
    </Feature>
    <Feature Type="OnDemandFeature" FeatureID="Rsat.FailoverCluster.Management.Tools~~1.0" FMID="MSDN" Group="Microsoft">
      <Dependencies>
        <Feature FeatureID="Rsat.FileServices.Tools~~1.0" />
      </Dependencies>
      <Packages>
        <Package ID="Microsoft-Windows-FailoverCluster-Management-Tools-FOD-Package~31bf3856ad364e35~AMD64~sr-latn-rs~" PackageType="SatellitePackage" />
        <Package ID="Microsoft-Windows-FailoverCluster-Management-Tools-FOD-Package~31bf3856ad364e35~wow64~sr-latn-rs~" PackageType="SatellitePackage" />
      </Packages>
    </Feature>
    <Feature Type="OnDemandFeature" FeatureID="Rsat.FileServices.Tools~~1.0" FMID="MSDN" Group="Microsoft">
      <Dependencies>
        <Feature FeatureID="Rsat.ServerManager.Tools~~1.0" />
      </Dependencies>
      <Packages>
        <Package ID="Microsoft-Windows-FileServices-Tools-FoD-Package~31bf3856ad364e35~AMD64~sr-latn-rs~" PackageType="SatellitePackage" />
        <Package ID="Microsoft-Windows-FileServices-Tools-FoD-Package~31bf3856ad364e35~wow64~sr-latn-rs~" PackageType="SatellitePackage" />
      </Packages>
    </Feature>
    <Feature Type="OnDemandFeature" FeatureID="Rsat.GroupPolicy.Management.Tools~~1.0" FMID="MSDN" Group="Microsoft">
      <Packages>
        <Package ID="Microsoft-Windows-GroupPolicy-Management-Tools-FoD-Package~31bf3856ad364e35~AMD64~sr-latn-rs~" PackageType="SatellitePackage" />
        <Package ID="Microsoft-Windows-GroupPolicy-Management-Tools-FoD-Package~31bf3856ad364e35~wow64~sr-latn-rs~" PackageType="SatellitePackage" />
      </Packages>
    </Feature>
    <Feature Type="OnDemandFeature" FeatureID="Rsat.IPAM.Client.Tools~~1.0" FMID="MSDN" Group="Microsoft">
      <Dependencies>
        <Feature FeatureID="Rsat.ServerManager.Tools~~1.0" />
      </Dependencies>
      <Packages>
        <Package ID="Microsoft-Windows-IPAM-Client-FoD-Package~31bf3856ad364e35~AMD64~sr-latn-rs~" PackageType="SatellitePackage" />
        <Package ID="Microsoft-Windows-IPAM-Client-FoD-Package~31bf3856ad364e35~wow64~sr-latn-rs~" PackageType="SatellitePackage" />
      </Packages>
    </Feature>
    <Feature Type="OnDemandFeature" FeatureID="Rsat.NetworkController.Tools~~1.0" FMID="MSDN" Group="Microsoft">
      <Packages>
        <Package ID="Microsoft-Windows-NetworkController-Tools-FoD-Package~31bf3856ad364e35~AMD64~sr-latn-rs~" PackageType="SatellitePackage" />
      </Packages>
    </Feature>
    <Feature Type="OnDemandFeature" FeatureID="Rsat.NetworkLoadBalancing.Tools~~1.0" FMID="MSDN" Group="Microsoft">
      <Packages>
        <Package ID="Microsoft-Windows-NetworkLoadBalancing-Tools-FoD-Package~31bf3856ad364e35~AMD64~sr-latn-rs~" PackageType="SatellitePackage" />
      </Packages>
    </Feature>
    <Feature Type="OnDemandFeature" FeatureID="RasCMAK.Client~~1.0" FMID="MSDN" Group="Microsoft">
      <Packages>
        <Package ID="Microsoft-Windows-RasCMAK-Client-Package~31bf3856ad364e35~AMD64~sr-latn-rs~" PackageType="SatellitePackage" />
        <Package ID="Microsoft-Windows-RasCMAK-Client-Package~31bf3856ad364e35~wow64~sr-latn-rs~" PackageType="SatellitePackage" />
      </Packages>
    </Feature>
    <Feature Type="OnDemandFeature" FeatureID="RIP.Listener~~1.0" FMID="MSDN" Group="Microsoft">
      <Packages>
        <Package ID="Microsoft-Windows-RasRip-Package~31bf3856ad364e35~AMD64~sr-latn-rs~" PackageType="SatellitePackage" />
      </Packages>
    </Feature>
    <Feature Type="OnDemandFeature" FeatureID="Rsat.RemoteAccess.Management.Tools~~1.0" FMID="MSDN" Group="Microsoft">
      <Dependencies>
        <Feature FeatureID="Rsat.GroupPolicy.Management.Tools~~1.0" />
        <Feature FeatureID="Rsat.ServerManager.Tools~~1.0" />
      </Dependencies>
      <Packages>
        <Package ID="Microsoft-Windows-RemoteAccess-Management-Tools-FoD-Package~31bf3856ad364e35~AMD64~sr-latn-rs~" PackageType="SatellitePackage" />
        <Package ID="Microsoft-Windows-RemoteAccess-Management-Tools-FoD-Package~31bf3856ad364e35~wow64~sr-latn-rs~" PackageType="SatellitePackage" />
      </Packages>
    </Feature>
    <Feature Type="OnDemandFeature" FeatureID="Rsat.RemoteDesktop.Services.Tools~~1.0" FMID="MSDN" Group="Microsoft">
      <Packages>
        <Package ID="Microsoft-Windows-RemoteDesktop-Services-Tools-FoD-Package~31bf3856ad364e35~AMD64~sr-latn-rs~" PackageType="SatellitePackage" />
      </Packages>
    </Feature>
    <Feature Type="OnDemandFeature" FeatureID="ServerCore.AppCompatibility~~1.0" FMID="MSDN" Group="Microsoft">
      <Packages>
        <Package ID="Microsoft-Windows-Server-AppCompat-FoD-Package~31bf3856ad364e35~AMD64~sr-latn-rs~" PackageType="SatellitePackage" />
      </Packages>
    </Feature>
    <Feature Type="OnDemandFeature" FeatureID="Rsat.ServerManager.Tools~~1.0" FMID="MSDN" Group="Microsoft">
      <Packages>
        <Package ID="Microsoft-Windows-ServerManager-Tools-FoD-Package~31bf3856ad364e35~AMD64~sr-latn-rs~" PackageType="SatellitePackage" />
        <Package ID="Microsoft-Windows-ServerManager-Tools-FoD-Package~31bf3856ad364e35~wow64~sr-latn-rs~" PackageType="SatellitePackage" />
      </Packages>
    </Feature>
    <Feature Type="OnDemandFeature" FeatureID="Rsat.Shielded.VM.Tools~~1.0" FMID="MSDN" Group="Microsoft">
      <Dependencies>
        <Feature FeatureID="Rsat.ServerManager.Tools~~1.0" />
      </Dependencies>
      <Packages>
        <Package ID="Microsoft-Windows-Shielded-VM-Tools-FoD-Package~31bf3856ad364e35~AMD64~sr-latn-rs~" PackageType="SatellitePackage" />
      </Packages>
    </Feature>
    <Feature Type="OnDemandFeature" FeatureID="SNMP.Client~~1.0" FMID="MSDN" Group="Microsoft">
      <Packages>
        <Package ID="Microsoft-Windows-SNMP-Client-Package~31bf3856ad364e35~AMD64~sr-latn-rs~" PackageType="SatellitePackage" />
        <Package ID="Microsoft-Windows-SNMP-Client-Package~31bf3856ad364e35~wow64~sr-latn-rs~" PackageType="SatellitePackage" />
      </Packages>
    </Feature>
    <Feature Type="OnDemandFeature" FeatureID="Microsoft.Windows.StorageManagement~~1.0" FMID="MSDN" Group="Microsoft">
      <Packages>
        <Package ID="Microsoft-Windows-StorageManagement-FoD-Package~31bf3856ad364e35~AMD64~sr-latn-rs~" PackageType="SatellitePackage" />
        <Package ID="Microsoft-Windows-StorageManagement-FoD-Package~31bf3856ad364e35~wow64~sr-latn-rs~" PackageType="SatellitePackage" />
      </Packages>
    </Feature>
    <Feature Type="OnDemandFeature" FeatureID="Rsat.StorageMigrationService.Management.Tools~~1.0" FMID="MSDN" Group="Microsoft">
      <Packages>
        <Package ID="Microsoft-Windows-StorageMigrationService-Management-Tools-FOD-Package~31bf3856ad364e35~AMD64~sr-latn-rs~" PackageType="SatellitePackage" />
      </Packages>
    </Feature>
    <Feature Type="OnDemandFeature" FeatureID="Rsat.StorageReplica.Tools~~1.0" FMID="MSDN" Group="Microsoft">
      <Packages>
        <Package ID="Microsoft-Windows-StorageReplica-Tools-FoD-Package~31bf3856ad364e35~AMD64~sr-latn-rs~" PackageType="SatellitePackage" />
      </Packages>
    </Feature>
    <Feature Type="OnDemandFeature" FeatureID="Rsat.SystemInsights.Management.Tools~~1.0" FMID="MSDN" Group="Microsoft">
      <Packages>
        <Package ID="Microsoft-Windows-SystemInsights-Management-Tools-FOD-Package~31bf3856ad364e35~AMD64~sr-latn-rs~" PackageType="SatellitePackage" />
      </Packages>
    </Feature>
    <Feature Type="OnDemandFeature" FeatureID="Rsat.VolumeActivation.Tools~~1.0" FMID="MSDN" Group="Microsoft">
      <Packages>
        <Package ID="Microsoft-Windows-VolumeActivation-Tools-FoD-Package~31bf3856ad364e35~AMD64~sr-latn-rs~" PackageType="SatellitePackage" />
      </Packages>
    </Feature>
    <Feature Type="OnDemandFeature" FeatureID="WMI-SNMP-Provider.Client~~1.0" FMID="MSDN" Group="Microsoft">
      <Dependencies>
        <Feature FeatureID="SNMP.Client~~1.0" />
      </Dependencies>
      <Packages>
        <Package ID="Microsoft-Windows-WMI-SNMP-Provider-Client-Package~31bf3856ad364e35~AMD64~sr-latn-rs~" PackageType="SatellitePackage" />
        <Package ID="Microsoft-Windows-WMI-SNMP-Provider-Client-Package~31bf3856ad364e35~wow64~sr-latn-rs~" PackageType="SatellitePackage" />
      </Packages>
    </Feature>
    <Feature Type="OnDemandFeature" FeatureID="Rsat.WSUS.Tools~~1.0" FMID="MSDN" Group="Microsoft">
      <Packages>
        <Package ID="Microsoft-Windows-WSUS-Tools-FoD-Package~31bf3856ad364e35~AMD64~sr-latn-rs~" PackageType="SatellitePackage" />
      </Packages>
    </Feature>
  </Features>
  <Packages>
    <Package ID="Microsoft-Windows-Server-LanguagePack-Package_sr-latn-rs~31bf3856ad364e35~amd64~sr-latn-rs~" InstalledSize="887200373" Version="10.0.17763.1">
      <SatelliteInfo>
        <DeclareInfo>
          <Declare Type="language" Value="sr-Latn-RS" />
        </DeclareInfo>
      </SatelliteInfo>
      <Payload>
        <PayloadItem PayloadHash="opBj8f/e0QfXI1MY6uq5fj0k8lRGqVYfBAmzK/Nvd5w=" PayloadSize="1618233" Path="UUP\Desktop\editionpackages\Server\sr-latn-rs\baseless\Microsoft-Windows-Server-LanguagePack-Package_sr-latn-rs~31bf3856ad364e35~amd64~sr-latn-rs~.cab" PayloadType="ExpressCab" />
        <PayloadItem PayloadHash="SXzM6akJuknNs0PEJ+8SDVAULqfsaiwuijealKzn8+I=" PayloadSize="67665477" Path="UUP\Desktop\editionpackages\Server\sr-latn-rs\baseless\Microsoft-Windows-Server-LanguagePack-Package_sr-latn-rs~31bf3856ad364e35~amd64~sr-latn-rs~.psf" PayloadType="ExpressPSF" />
      </Payload>
    </Package>
    <Package ID="Microsoft-OneCore-StorageManagement-FoD-Package~31bf3856ad364e35~AMD64~sr-latn-rs~" InstalledSize="1961670" Version="10.0.17763.1">
      <SatelliteInfo>
        <ApplyToInfo>
          <ApplyTo Type="language" Value="sr-Latn-RS" />
        </ApplyToInfo>
      </SatelliteInfo>
      <Payload>
        <PayloadItem PayloadHash="hl2XxxqhyxvV4SLiHUbE4JeLtKnNCRztPfzoCFDLxhA=" PayloadSize="20981" Path="FeaturesOnDemand\sr-latn-rs\baseless\Microsoft-OneCore-StorageManagement-FoD-Package~31bf3856ad364e35~AMD64~sr-latn-rs~.cab" PayloadType="ExpressCab" />
        <PayloadItem PayloadHash="27KhPPGmexS41yxJrRSqs27sv0znoD0nxArBYrctjs4=" PayloadSize="207571" Path="FeaturesOnDemand\sr-latn-rs\baseless\Microsoft-OneCore-StorageManagement-FoD-Package~31bf3856ad364e35~AMD64~sr-latn-rs~.psf" PayloadType="ExpressPSF" />
      </Payload>
    </Package>
    <Package ID="Microsoft-OneCore-StorageManagement-FoD-Package~31bf3856ad364e35~wow64~sr-latn-rs~" InstalledSize="1079650" Version="10.0.17763.1">
      <SatelliteInfo>
        <ApplyToInfo>
          <ApplyTo Type="arch" Value="wow64" />
          <ApplyTo Type="language" Value="sr-Latn-RS" />
        </ApplyToInfo>
      </SatelliteInfo>
      <Payload>
        <PayloadItem PayloadHash="c3nGaQLN5pAL4qIfCZ6eBOlfngoUIstrtOBbV+C6dyc=" PayloadSize="19233" Path="FeaturesOnDemand\sr-latn-rs\baseless\Microsoft-OneCore-StorageManagement-FoD-Package~31bf3856ad364e35~wow64~sr-latn-rs~.cab" PayloadType="ExpressCab" />
        <PayloadItem PayloadHash="ikRTYXXYesZAFGxB7tOEZ/N13MgxM8kh16nRGo+khDs=" PayloadSize="117456" Path="FeaturesOnDemand\sr-latn-rs\baseless\Microsoft-OneCore-StorageManagement-FoD-Package~31bf3856ad364e35~wow64~sr-latn-rs~.psf" PayloadType="ExpressPSF" />
      </Payload>
    </Package>
    <Package ID="Microsoft-Windows-ActiveDirectory-DS-LDS-Tools-FoD-Package~31bf3856ad364e35~AMD64~sr-latn-rs~" InstalledSize="5723446" Version="10.0.17763.1">
      <SatelliteInfo>
        <ApplyToInfo>
          <ApplyTo Type="language" Value="sr-Latn-RS" />
        </ApplyToInfo>
      </SatelliteInfo>
      <Payload>
        <PayloadItem PayloadHash="+CF0ep4iX6jrclEwHTnPd/adwxdr8E7z1Qhb2rhO0wU=" PayloadSize="28109" Path="FeaturesOnDemand\sr-latn-rs\baseless\Microsoft-Windows-ActiveDirectory-DS-LDS-Tools-FoD-Package~31bf3856ad364e35~AMD64~sr-latn-rs~.cab" PayloadType="ExpressCab" />
        <PayloadItem PayloadHash="igyXGRtXnITnMjEWmeM3FDJq7oQLLuD07MPaRj+1XJY=" PayloadSize="958034" Path="FeaturesOnDemand\sr-latn-rs\baseless\Microsoft-Windows-ActiveDirectory-DS-LDS-Tools-FoD-Package~31bf3856ad364e35~AMD64~sr-latn-rs~.psf" PayloadType="ExpressPSF" />
      </Payload>
    </Package>
    <Package ID="Microsoft-Windows-ActiveDirectory-DS-LDS-Tools-FoD-Package~31bf3856ad364e35~wow64~sr-latn-rs~" InstalledSize="797162" Version="10.0.17763.1">
      <SatelliteInfo>
        <ApplyToInfo>
          <ApplyTo Type="arch" Value="wow64" />
          <ApplyTo Type="language" Value="sr-Latn-RS" />
        </ApplyToInfo>
      </SatelliteInfo>
      <Payload>
        <PayloadItem PayloadHash="WwuN6WawyBo17gGyCvmXYQ+uX0Dy7gj5EgLbZ6DVp3w=" PayloadSize="20103" Path="FeaturesOnDemand\sr-latn-rs\baseless\Microsoft-Windows-ActiveDirectory-DS-LDS-Tools-FoD-Package~31bf3856ad364e35~wow64~sr-latn-rs~.cab" PayloadType="ExpressCab" />
        <PayloadItem PayloadHash="QV3rgsIRaqOcqZcZvum1Ejbo4pNWoGAce2ptuqOCB7A=" PayloadSize="162329" Path="FeaturesOnDemand\sr-latn-rs\baseless\Microsoft-Windows-ActiveDirectory-DS-LDS-Tools-FoD-Package~31bf3856ad364e35~wow64~sr-latn-rs~.psf" PayloadType="ExpressPSF" />
      </Payload>
    </Package>
    <Package ID="Microsoft-Windows-BitLocker-Recovery-Tools-FoD-Package~31bf3856ad364e35~AMD64~sr-latn-rs~" InstalledSize="33588" Version="10.0.17763.1">
      <SatelliteInfo>
        <ApplyToInfo>
          <ApplyTo Type="language" Value="sr-Latn-RS" />
        </ApplyToInfo>
      </SatelliteInfo>
      <Payload>
        <PayloadItem PayloadHash="x6qyjpzg2fY3/r30gAMeg8GZktXa4iNKFGaSlFdz99U=" PayloadSize="18587" Path="FeaturesOnDemand\sr-latn-rs\baseless\Microsoft-Windows-BitLocker-Recovery-Tools-FoD-Package~31bf3856ad364e35~AMD64~sr-latn-rs~.cab" PayloadType="ExpressCab" />
        <PayloadItem PayloadHash="63JRzA1RqU+XFk2d2zxnviM2HUJ9UvKHF3CQQIcuzTM=" PayloadSize="68116" Path="FeaturesOnDemand\sr-latn-rs\baseless\Microsoft-Windows-BitLocker-Recovery-Tools-FoD-Package~31bf3856ad364e35~AMD64~sr-latn-rs~.psf" PayloadType="ExpressPSF" />
      </Payload>
    </Package>
    <Package ID="Microsoft-Windows-CertificateServices-Tools-FoD-Package~31bf3856ad364e35~AMD64~sr-latn-rs~" InstalledSize="1015326" Version="10.0.17763.1">
      <SatelliteInfo>
        <ApplyToInfo>
          <ApplyTo Type="language" Value="sr-Latn-RS" />
        </ApplyToInfo>
      </SatelliteInfo>
      <Payload>
        <PayloadItem PayloadHash="CX9XdQgm5v1wPCfGAc2Vx1WjLvnX7KeWa1g49j1EmLU=" PayloadSize="20803" Path="FeaturesOnDemand\sr-latn-rs\baseless\Microsoft-Windows-CertificateServices-Tools-FoD-Package~31bf3856ad364e35~AMD64~sr-latn-rs~.cab" PayloadType="ExpressCab" />
        <PayloadItem PayloadHash="vXoEoyVYt4aU2R3atCtXzFkEE15vV/dzcoIMTSgmMt0=" PayloadSize="205299" Path="FeaturesOnDemand\sr-latn-rs\baseless\Microsoft-Windows-CertificateServices-Tools-FoD-Package~31bf3856ad364e35~AMD64~sr-latn-rs~.psf" PayloadType="ExpressPSF" />
      </Payload>
    </Package>
    <Package ID="Microsoft-Windows-DHCP-Tools-FoD-Package~31bf3856ad364e35~AMD64~sr-latn-rs~" InstalledSize="1789705" Version="10.0.17763.1">
      <SatelliteInfo>
        <ApplyToInfo>
          <ApplyTo Type="language" Value="sr-Latn-RS" />
        </ApplyToInfo>
      </SatelliteInfo>
      <Payload>
        <PayloadItem PayloadHash="MsDHT5FgMWSFlKi3eCYR8i25uDOECgOYSWfY1FmnwuA=" PayloadSize="19949" Path="FeaturesOnDemand\sr-latn-rs\baseless\Microsoft-Windows-DHCP-Tools-FoD-Package~31bf3856ad364e35~AMD64~sr-latn-rs~.cab" PayloadType="ExpressCab" />
        <PayloadItem PayloadHash="M4BGlfunQW1A9sPfdAhjyuLWR59/3LkJEXbZhhkYsO0=" PayloadSize="208554" Path="FeaturesOnDemand\sr-latn-rs\baseless\Microsoft-Windows-DHCP-Tools-FoD-Package~31bf3856ad364e35~AMD64~sr-latn-rs~.psf" PayloadType="ExpressPSF" />
      </Payload>
    </Package>
    <Package ID="Microsoft-Windows-DHCP-Tools-FoD-Package~31bf3856ad364e35~wow64~sr-latn-rs~" InstalledSize="464612" Version="10.0.17763.1">
      <SatelliteInfo>
        <ApplyToInfo>
          <ApplyTo Type="arch" Value="wow64" />
          <ApplyTo Type="language" Value="sr-Latn-RS" />
        </ApplyToInfo>
      </SatelliteInfo>
      <Payload>
        <PayloadItem PayloadHash="h4OiXhlNl1dHm3EsSyBoVlJvXVpbkM+MKBPML9RMi2k=" PayloadSize="19001" Path="FeaturesOnDemand\sr-latn-rs\baseless\Microsoft-Windows-DHCP-Tools-FoD-Package~31bf3856ad364e35~wow64~sr-latn-rs~.cab" PayloadType="ExpressCab" />
        <PayloadItem PayloadHash="stPOMxue2BNVW84MguhiZgzTQDmDiN78iSYJKm7+RpU=" PayloadSize="96731" Path="FeaturesOnDemand\sr-latn-rs\baseless\Microsoft-Windows-DHCP-Tools-FoD-Package~31bf3856ad364e35~wow64~sr-latn-rs~.psf" PayloadType="ExpressPSF" />
      </Payload>
    </Package>
    <Package ID="Microsoft-Windows-DNS-Tools-FoD-Package~31bf3856ad364e35~AMD64~sr-latn-rs~" InstalledSize="1891961" Version="10.0.17763.1">
      <SatelliteInfo>
        <ApplyToInfo>
          <ApplyTo Type="language" Value="sr-Latn-RS" />
        </ApplyToInfo>
      </SatelliteInfo>
      <Payload>
        <PayloadItem PayloadHash="UMqKIOQK+Lo1AwkjnUB7X84+V9Nptp/Qctt4IT/SlSw=" PayloadSize="20261" Path="FeaturesOnDemand\sr-latn-rs\baseless\Microsoft-Windows-DNS-Tools-FoD-Package~31bf3856ad364e35~AMD64~sr-latn-rs~.cab" PayloadType="ExpressCab" />
        <PayloadItem PayloadHash="D3Xi9OEGRRu0BgZxduMWqXmzAfWo6SAq2j0XuhLVXAw=" PayloadSize="244544" Path="FeaturesOnDemand\sr-latn-rs\baseless\Microsoft-Windows-DNS-Tools-FoD-Package~31bf3856ad364e35~AMD64~sr-latn-rs~.psf" PayloadType="ExpressPSF" />
      </Payload>
    </Package>
    <Package ID="Microsoft-Windows-DNS-Tools-FoD-Package~31bf3856ad364e35~wow64~sr-latn-rs~" InstalledSize="13687" Version="10.0.17763.1">
      <SatelliteInfo>
        <ApplyToInfo>
          <ApplyTo Type="arch" Value="wow64" />
          <ApplyTo Type="language" Value="sr-Latn-RS" />
        </ApplyToInfo>
      </SatelliteInfo>
      <Payload>
        <PayloadItem PayloadHash="vYv4Xomw1wz+I+Wc2fpiKcmLmW7fJTu/ctfz3ysTlUs=" PayloadSize="18617" Path="FeaturesOnDemand\sr-latn-rs\baseless\Microsoft-Windows-DNS-Tools-FoD-Package~31bf3856ad364e35~wow64~sr-latn-rs~.cab" PayloadType="ExpressCab" />
        <PayloadItem PayloadHash="4pxylSmee4TILtXaa3+/Pi2EmqWFWcWDfOj+agqKHaE=" PayloadSize="58810" Path="FeaturesOnDemand\sr-latn-rs\baseless\Microsoft-Windows-DNS-Tools-FoD-Package~31bf3856ad364e35~wow64~sr-latn-rs~.psf" PayloadType="ExpressPSF" />
      </Payload>
    </Package>
    <Package ID="Microsoft-Windows-FailoverCluster-Management-Tools-FOD-Package~31bf3856ad364e35~AMD64~sr-latn-rs~" InstalledSize="8934288" Version="10.0.17763.1">
      <SatelliteInfo>
        <ApplyToInfo>
          <ApplyTo Type="language" Value="sr-Latn-RS" />
        </ApplyToInfo>
      </SatelliteInfo>
      <Payload>
        <PayloadItem PayloadHash="9OjJjTq2fMNZW/zW47vGwy2c0BlBi3NZyZGaVyObse8=" PayloadSize="26683" Path="FeaturesOnDemand\sr-latn-rs\baseless\Microsoft-Windows-FailoverCluster-Management-Tools-FOD-Package~31bf3856ad364e35~AMD64~sr-latn-rs~.cab" PayloadType="ExpressCab" />
        <PayloadItem PayloadHash="J838+sGV2NzLwYkT9Ox1RkQFJ8RBDel5931sEmKJ/5M=" PayloadSize="2464187" Path="FeaturesOnDemand\sr-latn-rs\baseless\Microsoft-Windows-FailoverCluster-Management-Tools-FOD-Package~31bf3856ad364e35~AMD64~sr-latn-rs~.psf" PayloadType="ExpressPSF" />
      </Payload>
    </Package>
    <Package ID="Microsoft-Windows-FailoverCluster-Management-Tools-FOD-Package~31bf3856ad364e35~wow64~sr-latn-rs~" InstalledSize="75974" Version="10.0.17763.1">
      <SatelliteInfo>
        <ApplyToInfo>
          <ApplyTo Type="arch" Value="wow64" />
          <ApplyTo Type="language" Value="sr-Latn-RS" />
        </ApplyToInfo>
      </SatelliteInfo>
      <Payload>
        <PayloadItem PayloadHash="dpwYY3VA8A/SicoXtjoVgB+Sl32Kjp+L6lzA+AWtqv0=" PayloadSize="20081" Path="FeaturesOnDemand\sr-latn-rs\baseless\Microsoft-Windows-FailoverCluster-Management-Tools-FOD-Package~31bf3856ad364e35~wow64~sr-latn-rs~.cab" PayloadType="ExpressCab" />
        <PayloadItem PayloadHash="hEW2PZx3E3Ts0js7D5kjSx5zzMpjO5uJOzkttECHghw=" PayloadSize="87777" Path="FeaturesOnDemand\sr-latn-rs\baseless\Microsoft-Windows-FailoverCluster-Management-Tools-FOD-Package~31bf3856ad364e35~wow64~sr-latn-rs~.psf" PayloadType="ExpressPSF" />
      </Payload>
    </Package>
    <Package ID="Microsoft-Windows-FileServices-Tools-FoD-Package~31bf3856ad364e35~AMD64~sr-latn-rs~" InstalledSize="4153034" Version="10.0.17763.1">
      <SatelliteInfo>
        <ApplyToInfo>
          <ApplyTo Type="language" Value="sr-Latn-RS" />
        </ApplyToInfo>
      </SatelliteInfo>
      <Payload>
        <PayloadItem PayloadHash="fgA+lMdwX7xTfeaUrmirc04NkG5aVWFxnbEPDrs9YMU=" PayloadSize="24331" Path="FeaturesOnDemand\sr-latn-rs\baseless\Microsoft-Windows-FileServices-Tools-FoD-Package~31bf3856ad364e35~AMD64~sr-latn-rs~.cab" PayloadType="ExpressCab" />
        <PayloadItem PayloadHash="kNbWSpCxLhGbiUAi54Jjf4AdoEqFk1ZfvvgSQlHz/5E=" PayloadSize="621266" Path="FeaturesOnDemand\sr-latn-rs\baseless\Microsoft-Windows-FileServices-Tools-FoD-Package~31bf3856ad364e35~AMD64~sr-latn-rs~.psf" PayloadType="ExpressPSF" />
      </Payload>
    </Package>
    <Package ID="Microsoft-Windows-FileServices-Tools-FoD-Package~31bf3856ad364e35~wow64~sr-latn-rs~" InstalledSize="177241" Version="10.0.17763.1">
      <SatelliteInfo>
        <ApplyToInfo>
          <ApplyTo Type="arch" Value="wow64" />
          <ApplyTo Type="language" Value="sr-Latn-RS" />
        </ApplyToInfo>
      </SatelliteInfo>
      <Payload>
        <PayloadItem PayloadHash="lN3ykfbjL+adbVmbXUPVFlyWeFSUNbLTjtj4OQw+5aE=" PayloadSize="19391" Path="FeaturesOnDemand\sr-latn-rs\baseless\Microsoft-Windows-FileServices-Tools-FoD-Package~31bf3856ad364e35~wow64~sr-latn-rs~.cab" PayloadType="ExpressCab" />
        <PayloadItem PayloadHash="s2FA8itQGDqlBXmqFXBuGZqgyxirTkFenMpuC8Bax7k=" PayloadSize="86725" Path="FeaturesOnDemand\sr-latn-rs\baseless\Microsoft-Windows-FileServices-Tools-FoD-Package~31bf3856ad364e35~wow64~sr-latn-rs~.psf" PayloadType="ExpressPSF" />
      </Payload>
    </Package>
    <Package ID="Microsoft-Windows-GroupPolicy-Management-Tools-FoD-Package~31bf3856ad364e35~AMD64~sr-latn-rs~" InstalledSize="2283534" Version="10.0.17763.1">
      <SatelliteInfo>
        <ApplyToInfo>
          <ApplyTo Type="language" Value="sr-Latn-RS" />
        </ApplyToInfo>
      </SatelliteInfo>
      <Payload>
        <PayloadItem PayloadHash="Sh58MF1D5klUfJMvGIlSZxkZUR7u4mmBMxjott8goUY=" PayloadSize="22781" Path="FeaturesOnDemand\sr-latn-rs\baseless\Microsoft-Windows-GroupPolicy-Management-Tools-FoD-Package~31bf3856ad364e35~AMD64~sr-latn-rs~.cab" PayloadType="ExpressCab" />
        <PayloadItem PayloadHash="Mzfk2e95QjJGCm1vsXywt8MvlCCEdtkuOHj20I33bqw=" PayloadSize="352676" Path="FeaturesOnDemand\sr-latn-rs\baseless\Microsoft-Windows-GroupPolicy-Management-Tools-FoD-Package~31bf3856ad364e35~AMD64~sr-latn-rs~.psf" PayloadType="ExpressPSF" />
      </Payload>
    </Package>
    <Package ID="Microsoft-Windows-GroupPolicy-Management-Tools-FoD-Package~31bf3856ad364e35~wow64~sr-latn-rs~" InstalledSize="310099" Version="10.0.17763.1">
      <SatelliteInfo>
        <ApplyToInfo>
          <ApplyTo Type="arch" Value="wow64" />
          <ApplyTo Type="language" Value="sr-Latn-RS" />
        </ApplyToInfo>
      </SatelliteInfo>
      <Payload>
        <PayloadItem PayloadHash="bcMvB4ejFEywQdj2LX7V/LZ2NvSWoaNXV2noO7wsijo=" PayloadSize="18713" Path="FeaturesOnDemand\sr-latn-rs\baseless\Microsoft-Windows-GroupPolicy-Management-Tools-FoD-Package~31bf3856ad364e35~wow64~sr-latn-rs~.cab" PayloadType="ExpressCab" />
        <PayloadItem PayloadHash="71ygnmSBc/5yyR/5DWaFEsfT6e28LROakxROowlg9hg=" PayloadSize="99883" Path="FeaturesOnDemand\sr-latn-rs\baseless\Microsoft-Windows-GroupPolicy-Management-Tools-FoD-Package~31bf3856ad364e35~wow64~sr-latn-rs~.psf" PayloadType="ExpressPSF" />
      </Payload>
    </Package>
    <Package ID="Microsoft-Windows-IPAM-Client-FoD-Package~31bf3856ad364e35~AMD64~sr-latn-rs~" InstalledSize="103751" Version="10.0.17763.1">
      <SatelliteInfo>
        <ApplyToInfo>
          <ApplyTo Type="language" Value="sr-Latn-RS" />
        </ApplyToInfo>
      </SatelliteInfo>
      <Payload>
        <PayloadItem PayloadHash="KqcVh6nKsWnrcV1F5I5k0cJNNkkUV52Gw/c/tSs8K2w=" PayloadSize="18613" Path="FeaturesOnDemand\sr-latn-rs\baseless\Microsoft-Windows-IPAM-Client-FoD-Package~31bf3856ad364e35~AMD64~sr-latn-rs~.cab" PayloadType="ExpressCab" />
        <PayloadItem PayloadHash="DvUi5NvtTnn2kKIsFPQb4cdvYvE9cRHCQMAtKLM+RRQ=" PayloadSize="71708" Path="FeaturesOnDemand\sr-latn-rs\baseless\Microsoft-Windows-IPAM-Client-FoD-Package~31bf3856ad364e35~AMD64~sr-latn-rs~.psf" PayloadType="ExpressPSF" />
      </Payload>
    </Package>
    <Package ID="Microsoft-Windows-IPAM-Client-FoD-Package~31bf3856ad364e35~wow64~sr-latn-rs~" InstalledSize="26634" Version="10.0.17763.1">
      <SatelliteInfo>
        <ApplyToInfo>
          <ApplyTo Type="arch" Value="wow64" />
          <ApplyTo Type="language" Value="sr-Latn-RS" />
        </ApplyToInfo>
      </SatelliteInfo>
      <Payload>
        <PayloadItem PayloadHash="Q7YESzZPoak53lgKELIZv0wmfm9ITvFEMHgsHovSgww=" PayloadSize="18797" Path="FeaturesOnDemand\sr-latn-rs\baseless\Microsoft-Windows-IPAM-Client-FoD-Package~31bf3856ad364e35~wow64~sr-latn-rs~.cab" PayloadType="ExpressCab" />
        <PayloadItem PayloadHash="G/fAIvvnXsQOenMS5pAfSKTHfFM0J79idhSxahZqjRY=" PayloadSize="61715" Path="FeaturesOnDemand\sr-latn-rs\baseless\Microsoft-Windows-IPAM-Client-FoD-Package~31bf3856ad364e35~wow64~sr-latn-rs~.psf" PayloadType="ExpressPSF" />
      </Payload>
    </Package>
    <Package ID="Microsoft-Windows-NetworkController-Tools-FoD-Package~31bf3856ad364e35~AMD64~sr-latn-rs~" InstalledSize="69760" Version="10.0.17763.1">
      <SatelliteInfo>
        <ApplyToInfo>
          <ApplyTo Type="language" Value="sr-Latn-RS" />
        </ApplyToInfo>
      </SatelliteInfo>
      <Payload>
        <PayloadItem PayloadHash="gGgpQKrLLAzQLlO/CQwWr7FDIjWhqTE8LNwTDjBaPWo=" PayloadSize="18851" Path="FeaturesOnDemand\sr-latn-rs\baseless\Microsoft-Windows-NetworkController-Tools-FoD-Package~31bf3856ad364e35~AMD64~sr-latn-rs~.cab" PayloadType="ExpressCab" />
        <PayloadItem PayloadHash="m0ayMjCMeOFCcqSuTJ8BvvnXkNRLBjxkC9JEgaquaTM=" PayloadSize="79482" Path="FeaturesOnDemand\sr-latn-rs\baseless\Microsoft-Windows-NetworkController-Tools-FoD-Package~31bf3856ad364e35~AMD64~sr-latn-rs~.psf" PayloadType="ExpressPSF" />
      </Payload>
    </Package>
    <Package ID="Microsoft-Windows-NetworkLoadBalancing-Tools-FoD-Package~31bf3856ad364e35~AMD64~sr-latn-rs~" InstalledSize="222405" Version="10.0.17763.1">
      <SatelliteInfo>
        <ApplyToInfo>
          <ApplyTo Type="language" Value="sr-Latn-RS" />
        </ApplyToInfo>
      </SatelliteInfo>
      <Payload>
        <PayloadItem PayloadHash="RBh8FaJt8A71pVX2EXiFb+XaWpFRVJQ/se6uyb5djR0=" PayloadSize="19359" Path="FeaturesOnDemand\sr-latn-rs\baseless\Microsoft-Windows-NetworkLoadBalancing-Tools-FoD-Package~31bf3856ad364e35~AMD64~sr-latn-rs~.cab" PayloadType="ExpressCab" />
        <PayloadItem PayloadHash="2Fz4FMsm5rurkDFO8mXLI5xFT1YLFALMleIfzF1lmxY=" PayloadSize="98114" Path="FeaturesOnDemand\sr-latn-rs\baseless\Microsoft-Windows-NetworkLoadBalancing-Tools-FoD-Package~31bf3856ad364e35~AMD64~sr-latn-rs~.psf" PayloadType="ExpressPSF" />
      </Payload>
    </Package>
    <Package ID="Microsoft-Windows-RasCMAK-Client-Package~31bf3856ad364e35~AMD64~sr-latn-rs~" InstalledSize="223060" Version="10.0.17763.1">
      <SatelliteInfo>
        <ApplyToInfo>
          <ApplyTo Type="language" Value="sr-Latn-RS" />
        </ApplyToInfo>
      </SatelliteInfo>
      <Payload>
        <PayloadItem PayloadHash="2w1V98Okbm1soPuwvMzAPuh9izbVkTcviZKouQ2zZj8=" PayloadSize="19179" Path="FeaturesOnDemand\sr-latn-rs\baseless\Microsoft-Windows-RasCMAK-Client-Package~31bf3856ad364e35~AMD64~sr-latn-rs~.cab" PayloadType="ExpressCab" />
        <PayloadItem PayloadHash="EkDQzm6GtxdY+O3XC3CbW19vey5egwfc9/xXqpycj00=" PayloadSize="124617" Path="FeaturesOnDemand\sr-latn-rs\baseless\Microsoft-Windows-RasCMAK-Client-Package~31bf3856ad364e35~AMD64~sr-latn-rs~.psf" PayloadType="ExpressPSF" />
      </Payload>
    </Package>
    <Package ID="Microsoft-Windows-RasCMAK-Client-Package~31bf3856ad364e35~wow64~sr-latn-rs~" InstalledSize="399230" Version="10.0.17763.1">
      <SatelliteInfo>
        <ApplyToInfo>
          <ApplyTo Type="arch" Value="wow64" />
          <ApplyTo Type="language" Value="sr-Latn-RS" />
        </ApplyToInfo>
      </SatelliteInfo>
      <Payload>
        <PayloadItem PayloadHash="B3Uaj+uqV2cLhH+ZrM/3tDX/l/dQvOOnjAqs4hjBPNs=" PayloadSize="19295" Path="FeaturesOnDemand\sr-latn-rs\baseless\Microsoft-Windows-RasCMAK-Client-Package~31bf3856ad364e35~wow64~sr-latn-rs~.cab" PayloadType="ExpressCab" />
        <PayloadItem PayloadHash="qu9tc4pCRY5ZLnRqxgz6NVY+uWl/zLHU9uxikWKoRyM=" PayloadSize="326940" Path="FeaturesOnDemand\sr-latn-rs\baseless\Microsoft-Windows-RasCMAK-Client-Package~31bf3856ad364e35~wow64~sr-latn-rs~.psf" PayloadType="ExpressPSF" />
      </Payload>
    </Package>
    <Package ID="Microsoft-Windows-RasRip-Package~31bf3856ad364e35~AMD64~sr-latn-rs~" InstalledSize="27775" Version="10.0.17763.1">
      <SatelliteInfo>
        <ApplyToInfo>
          <ApplyTo Type="language" Value="sr-Latn-RS" />
        </ApplyToInfo>
      </SatelliteInfo>
      <Payload>
        <PayloadItem PayloadHash="iyFa/k28fZoXVBXbNcHpVYyAylygFy+KfjyiWsbeUXE=" PayloadSize="18751" Path="FeaturesOnDemand\sr-latn-rs\baseless\Microsoft-Windows-RasRip-Package~31bf3856ad364e35~AMD64~sr-latn-rs~.cab" PayloadType="ExpressCab" />
        <PayloadItem PayloadHash="WjCeWddg2CQ2LIPNTf+LBtaeiM7HzR0F5SdtAXfUU8E=" PayloadSize="62165" Path="FeaturesOnDemand\sr-latn-rs\baseless\Microsoft-Windows-RasRip-Package~31bf3856ad364e35~AMD64~sr-latn-rs~.psf" PayloadType="ExpressPSF" />
      </Payload>
    </Package>
    <Package ID="Microsoft-Windows-RemoteAccess-Management-Tools-FoD-Package~31bf3856ad364e35~AMD64~sr-latn-rs~" InstalledSize="18532714" Version="10.0.17763.1">
      <SatelliteInfo>
        <ApplyToInfo>
          <ApplyTo Type="language" Value="sr-Latn-RS" />
        </ApplyToInfo>
      </SatelliteInfo>
      <Payload>
        <PayloadItem PayloadHash="BAoCzxCBV+5cUsvh7MEiKtQdMjGDoasSOixfTOY2YW0=" PayloadSize="21471" Path="FeaturesOnDemand\sr-latn-rs\baseless\Microsoft-Windows-RemoteAccess-Management-Tools-FoD-Package~31bf3856ad364e35~AMD64~sr-latn-rs~.cab" PayloadType="ExpressCab" />
        <PayloadItem PayloadHash="AProoBYu6aKIE9/JbiZvae0ILhuKe5nJYH47pyZvBtA=" PayloadSize="3401041" Path="FeaturesOnDemand\sr-latn-rs\baseless\Microsoft-Windows-RemoteAccess-Management-Tools-FoD-Package~31bf3856ad364e35~AMD64~sr-latn-rs~.psf" PayloadType="ExpressPSF" />
      </Payload>
    </Package>
    <Package ID="Microsoft-Windows-RemoteAccess-Management-Tools-FoD-Package~31bf3856ad364e35~wow64~sr-latn-rs~" InstalledSize="13779" Version="10.0.17763.1">
      <SatelliteInfo>
        <ApplyToInfo>
          <ApplyTo Type="arch" Value="wow64" />
          <ApplyTo Type="language" Value="sr-Latn-RS" />
        </ApplyToInfo>
      </SatelliteInfo>
      <Payload>
        <PayloadItem PayloadHash="ybWHnG+MAmW53e1SlMgCHiLFndE47qzlVXhunVHjKyk=" PayloadSize="18201" Path="FeaturesOnDemand\sr-latn-rs\baseless\Microsoft-Windows-RemoteAccess-Management-Tools-FoD-Package~31bf3856ad364e35~wow64~sr-latn-rs~.cab" PayloadType="ExpressCab" />
        <PayloadItem PayloadHash="ZZ1xGZEEwjRJ89i6hKZNht80aUGBkynV1Ewx+68t4Ik=" PayloadSize="59032" Path="FeaturesOnDemand\sr-latn-rs\baseless\Microsoft-Windows-RemoteAccess-Management-Tools-FoD-Package~31bf3856ad364e35~wow64~sr-latn-rs~.psf" PayloadType="ExpressPSF" />
      </Payload>
    </Package>
    <Package ID="Microsoft-Windows-RemoteDesktop-Services-Tools-FoD-Package~31bf3856ad364e35~AMD64~sr-latn-rs~" InstalledSize="1514057" Version="10.0.17763.1">
      <SatelliteInfo>
        <ApplyToInfo>
          <ApplyTo Type="language" Value="sr-Latn-RS" />
        </ApplyToInfo>
      </SatelliteInfo>
      <Payload>
        <PayloadItem PayloadHash="GnfO6XuYbqaDW9xxy320alsF2EU6+la7MkvgCT4mDMU=" PayloadSize="20545" Path="FeaturesOnDemand\sr-latn-rs\baseless\Microsoft-Windows-RemoteDesktop-Services-Tools-FoD-Package~31bf3856ad364e35~AMD64~sr-latn-rs~.cab" PayloadType="ExpressCab" />
        <PayloadItem PayloadHash="h3SHPK+JVv2+uOLRhn9IFawAOrJksDv3MxYSuQniJ+w=" PayloadSize="303628" Path="FeaturesOnDemand\sr-latn-rs\baseless\Microsoft-Windows-RemoteDesktop-Services-Tools-FoD-Package~31bf3856ad364e35~AMD64~sr-latn-rs~.psf" PayloadType="ExpressPSF" />
      </Payload>
    </Package>
    <Package ID="Microsoft-Windows-Server-AppCompat-FoD-Package~31bf3856ad364e35~AMD64~sr-latn-rs~" InstalledSize="28051673" Version="10.0.17763.1">
      <SatelliteInfo>
        <ApplyToInfo>
          <ApplyTo Type="language" Value="sr-Latn-RS" />
        </ApplyToInfo>
      </SatelliteInfo>
      <Payload>
        <PayloadItem PayloadHash="RvmmKw11zbFv3gfEq9bDlGWmooqpmnn/ZlMUCRDDnx4=" PayloadSize="95975" Path="FeaturesOnDemand\sr-latn-rs\baseless\Microsoft-Windows-Server-AppCompat-FoD-Package~31bf3856ad364e35~AMD64~sr-latn-rs~.cab" PayloadType="ExpressCab" />
        <PayloadItem PayloadHash="5iQDTo7FyHrSP6/bY2PFdx4Vi04DA7GacYvcQTEjw3o=" PayloadSize="6842863" Path="FeaturesOnDemand\sr-latn-rs\baseless\Microsoft-Windows-Server-AppCompat-FoD-Package~31bf3856ad364e35~AMD64~sr-latn-rs~.psf" PayloadType="ExpressPSF" />
      </Payload>
    </Package>
    <Package ID="Microsoft-Windows-ServerManager-Tools-FoD-Package~31bf3856ad364e35~AMD64~sr-latn-rs~" InstalledSize="11803897" Version="10.0.17763.1">
      <SatelliteInfo>
        <ApplyToInfo>
          <ApplyTo Type="language" Value="sr-Latn-RS" />
        </ApplyToInfo>
      </SatelliteInfo>
      <Payload>
        <PayloadItem PayloadHash="2j9mt288VbMWjLLTenKMbDBoPZtp1qRg5J3NyWdDmBA=" PayloadSize="38317" Path="FeaturesOnDemand\sr-latn-rs\baseless\Microsoft-Windows-ServerManager-Tools-FoD-Package~31bf3856ad364e35~AMD64~sr-latn-rs~.cab" PayloadType="ExpressCab" />
        <PayloadItem PayloadHash="8Qkk49pjTovuuVBCRdfimTH7Scva2omhqfdq8PD557Y=" PayloadSize="2311128" Path="FeaturesOnDemand\sr-latn-rs\baseless\Microsoft-Windows-ServerManager-Tools-FoD-Package~31bf3856ad364e35~AMD64~sr-latn-rs~.psf" PayloadType="ExpressPSF" />
      </Payload>
    </Package>
    <Package ID="Microsoft-Windows-ServerManager-Tools-FoD-Package~31bf3856ad364e35~wow64~sr-latn-rs~" InstalledSize="1199905" Version="10.0.17763.1">
      <SatelliteInfo>
        <ApplyToInfo>
          <ApplyTo Type="arch" Value="wow64" />
          <ApplyTo Type="language" Value="sr-Latn-RS" />
        </ApplyToInfo>
      </SatelliteInfo>
      <Payload>
        <PayloadItem PayloadHash="6EVqWaYElQ+pBfkH791JJTlClGe6rFWtoC4EvIdWpwc=" PayloadSize="19691" Path="FeaturesOnDemand\sr-latn-rs\baseless\Microsoft-Windows-ServerManager-Tools-FoD-Package~31bf3856ad364e35~wow64~sr-latn-rs~.cab" PayloadType="ExpressCab" />
        <PayloadItem PayloadHash="rnEAJRwgMvFBgTGo4dtC29XRNw7NARc18K+9EF6UuHw=" PayloadSize="365136" Path="FeaturesOnDemand\sr-latn-rs\baseless\Microsoft-Windows-ServerManager-Tools-FoD-Package~31bf3856ad364e35~wow64~sr-latn-rs~.psf" PayloadType="ExpressPSF" />
      </Payload>
    </Package>
    <Package ID="Microsoft-Windows-Shielded-VM-Tools-FoD-Package~31bf3856ad364e35~AMD64~sr-latn-rs~" InstalledSize="388866" Version="10.0.17763.1">
      <SatelliteInfo>
        <ApplyToInfo>
          <ApplyTo Type="language" Value="sr-Latn-RS" />
        </ApplyToInfo>
      </SatelliteInfo>
      <Payload>
        <PayloadItem PayloadHash="PEzoPHT9uMwo17V2Sf9JlHKx4iA6kTJUHcX7egO+brI=" PayloadSize="23927" Path="FeaturesOnDemand\sr-latn-rs\baseless\Microsoft-Windows-Shielded-VM-Tools-FoD-Package~31bf3856ad364e35~AMD64~sr-latn-rs~.cab" PayloadType="ExpressCab" />
        <PayloadItem PayloadHash="oIDzLKnl1RwlHjSAzlyMB+caWa/qdrHVLGVuA21xp9c=" PayloadSize="179970" Path="FeaturesOnDemand\sr-latn-rs\baseless\Microsoft-Windows-Shielded-VM-Tools-FoD-Package~31bf3856ad364e35~AMD64~sr-latn-rs~.psf" PayloadType="ExpressPSF" />
      </Payload>
    </Package>
    <Package ID="Microsoft-Windows-SNMP-Client-Package~31bf3856ad364e35~AMD64~sr-latn-rs~" InstalledSize="131874" Version="10.0.17763.1">
      <SatelliteInfo>
        <ApplyToInfo>
          <ApplyTo Type="language" Value="sr-Latn-RS" />
        </ApplyToInfo>
      </SatelliteInfo>
      <Payload>
        <PayloadItem PayloadHash="9NuliabKLUOn+RuAUCKTpf636zlvFTo0ueqSVakooS0=" PayloadSize="20509" Path="FeaturesOnDemand\sr-latn-rs\baseless\Microsoft-Windows-SNMP-Client-Package~31bf3856ad364e35~AMD64~sr-latn-rs~.cab" PayloadType="ExpressCab" />
        <PayloadItem PayloadHash="Kjbb+e3yI8owDaAJoonmBdlrtR2sHLjKTzqA+GM12cw=" PayloadSize="101755" Path="FeaturesOnDemand\sr-latn-rs\baseless\Microsoft-Windows-SNMP-Client-Package~31bf3856ad364e35~AMD64~sr-latn-rs~.psf" PayloadType="ExpressPSF" />
      </Payload>
    </Package>
    <Package ID="Microsoft-Windows-SNMP-Client-Package~31bf3856ad364e35~wow64~sr-latn-rs~" InstalledSize="132035" Version="10.0.17763.1">
      <SatelliteInfo>
        <ApplyToInfo>
          <ApplyTo Type="arch" Value="wow64" />
          <ApplyTo Type="language" Value="sr-Latn-RS" />
        </ApplyToInfo>
      </SatelliteInfo>
      <Payload>
        <PayloadItem PayloadHash="ZPchnX4vMifN55xM+vffgK4D41leIhKHLq41v37iiy4=" PayloadSize="20511" Path="FeaturesOnDemand\sr-latn-rs\baseless\Microsoft-Windows-SNMP-Client-Package~31bf3856ad364e35~wow64~sr-latn-rs~.cab" PayloadType="ExpressCab" />
        <PayloadItem PayloadHash="adrRH8mXRNg9KHjoqZzBIFyOakz/3eeWU9fFMNNiLHw=" PayloadSize="101808" Path="FeaturesOnDemand\sr-latn-rs\baseless\Microsoft-Windows-SNMP-Client-Package~31bf3856ad364e35~wow64~sr-latn-rs~.psf" PayloadType="ExpressPSF" />
      </Payload>
    </Package>
    <Package ID="Microsoft-Windows-StorageManagement-FoD-Package~31bf3856ad364e35~AMD64~sr-latn-rs~" InstalledSize="1618269" Version="10.0.17763.1">
      <SatelliteInfo>
        <ApplyToInfo>
          <ApplyTo Type="language" Value="sr-Latn-RS" />
        </ApplyToInfo>
      </SatelliteInfo>
      <Payload>
        <PayloadItem PayloadHash="po5vlc181prSfUeacZgHdA12KJWmblWCpClJ1E+7124=" PayloadSize="21645" Path="FeaturesOnDemand\sr-latn-rs\baseless\Microsoft-Windows-StorageManagement-FoD-Package~31bf3856ad364e35~AMD64~sr-latn-rs~.cab" PayloadType="ExpressCab" />
        <PayloadItem PayloadHash="+EQXiCvAFoVcT/WPZog0ZJnPaScAwk9eCrurENj2t4A=" PayloadSize="210345" Path="FeaturesOnDemand\sr-latn-rs\baseless\Microsoft-Windows-StorageManagement-FoD-Package~31bf3856ad364e35~AMD64~sr-latn-rs~.psf" PayloadType="ExpressPSF" />
      </Payload>
    </Package>
    <Package ID="Microsoft-Windows-StorageManagement-FoD-Package~31bf3856ad364e35~wow64~sr-latn-rs~" InstalledSize="1120275" Version="10.0.17763.1">
      <SatelliteInfo>
        <ApplyToInfo>
          <ApplyTo Type="arch" Value="wow64" />
          <ApplyTo Type="language" Value="sr-Latn-RS" />
        </ApplyToInfo>
      </SatelliteInfo>
      <Payload>
        <PayloadItem PayloadHash="iuMSEbA5nO/K6qTB0r7abt3/OpgEgjpo114yyKre14w=" PayloadSize="20283" Path="FeaturesOnDemand\sr-latn-rs\baseless\Microsoft-Windows-StorageManagement-FoD-Package~31bf3856ad364e35~wow64~sr-latn-rs~.cab" PayloadType="ExpressCab" />
        <PayloadItem PayloadHash="K33gf/PSJtvYHnmH88coXVy8vIW5s3QpeO6BMmeJpL4=" PayloadSize="140983" Path="FeaturesOnDemand\sr-latn-rs\baseless\Microsoft-Windows-StorageManagement-FoD-Package~31bf3856ad364e35~wow64~sr-latn-rs~.psf" PayloadType="ExpressPSF" />
      </Payload>
    </Package>
    <Package ID="Microsoft-Windows-StorageMigrationService-Management-Tools-FOD-Package~31bf3856ad364e35~AMD64~sr-latn-rs~" InstalledSize="57033" Version="10.0.17763.1">
      <SatelliteInfo>
        <ApplyToInfo>
          <ApplyTo Type="language" Value="sr-Latn-RS" />
        </ApplyToInfo>
      </SatelliteInfo>
      <Payload>
        <PayloadItem PayloadHash="TW3VzCc6nT5+mkAOs8Y4gy4EehsqNiOtKRDcFEMQxyM=" PayloadSize="19017" Path="FeaturesOnDemand\sr-latn-rs\baseless\Microsoft-Windows-StorageMigrationService-Management-Tools-FOD-Package~31bf3856ad364e35~AMD64~sr-latn-rs~.cab" PayloadType="ExpressCab" />
        <PayloadItem PayloadHash="BuOeKhbloulVUZTLdO8gEjhvXWLYrF+X2IpYbb4LcXY=" PayloadSize="73520" Path="FeaturesOnDemand\sr-latn-rs\baseless\Microsoft-Windows-StorageMigrationService-Management-Tools-FOD-Package~31bf3856ad364e35~AMD64~sr-latn-rs~.psf" PayloadType="ExpressPSF" />
      </Payload>
    </Package>
    <Package ID="Microsoft-Windows-StorageReplica-Tools-FoD-Package~31bf3856ad364e35~AMD64~sr-latn-rs~" InstalledSize="401535" Version="10.0.17763.1">
      <SatelliteInfo>
        <ApplyToInfo>
          <ApplyTo Type="language" Value="sr-Latn-RS" />
        </ApplyToInfo>
      </SatelliteInfo>
      <Payload>
        <PayloadItem PayloadHash="CDiXvua90eiToSygZyd38o5wobZ+4oar1hseTVhXeVE=" PayloadSize="19399" Path="FeaturesOnDemand\sr-latn-rs\baseless\Microsoft-Windows-StorageReplica-Tools-FoD-Package~31bf3856ad364e35~AMD64~sr-latn-rs~.cab" PayloadType="ExpressCab" />
        <PayloadItem PayloadHash="QVa6ePEPrLqh2foG9frzAR9ymLI6gfNl6K030uFO1YY=" PayloadSize="116698" Path="FeaturesOnDemand\sr-latn-rs\baseless\Microsoft-Windows-StorageReplica-Tools-FoD-Package~31bf3856ad364e35~AMD64~sr-latn-rs~.psf" PayloadType="ExpressPSF" />
      </Payload>
    </Package>
    <Package ID="Microsoft-Windows-SystemInsights-Management-Tools-FOD-Package~31bf3856ad364e35~AMD64~sr-latn-rs~" InstalledSize="41729" Version="10.0.17763.1">
      <SatelliteInfo>
        <ApplyToInfo>
          <ApplyTo Type="language" Value="sr-Latn-RS" />
        </ApplyToInfo>
      </SatelliteInfo>
      <Payload>
        <PayloadItem PayloadHash="zuw5frZWYEPNHRlSeXKNKU5YvY/IHJdyHl5Hkb3yIYk=" PayloadSize="18983" Path="FeaturesOnDemand\sr-latn-rs\baseless\Microsoft-Windows-SystemInsights-Management-Tools-FOD-Package~31bf3856ad364e35~AMD64~sr-latn-rs~.cab" PayloadType="ExpressCab" />
        <PayloadItem PayloadHash="mGX7eo1tcCsS1ys+wgziMSTkXtdr0adcIZipeL/S+j4=" PayloadSize="70308" Path="FeaturesOnDemand\sr-latn-rs\baseless\Microsoft-Windows-SystemInsights-Management-Tools-FOD-Package~31bf3856ad364e35~AMD64~sr-latn-rs~.psf" PayloadType="ExpressPSF" />
      </Payload>
    </Package>
    <Package ID="Microsoft-Windows-VolumeActivation-Tools-FoD-Package~31bf3856ad364e35~AMD64~sr-latn-rs~" InstalledSize="224957" Version="10.0.17763.1">
      <SatelliteInfo>
        <ApplyToInfo>
          <ApplyTo Type="language" Value="sr-Latn-RS" />
        </ApplyToInfo>
      </SatelliteInfo>
      <Payload>
        <PayloadItem PayloadHash="Tmr9VodAFJ2PCG9exw+8edDA9s5adcLi+tGUgJr6PDY=" PayloadSize="18467" Path="FeaturesOnDemand\sr-latn-rs\baseless\Microsoft-Windows-VolumeActivation-Tools-FoD-Package~31bf3856ad364e35~AMD64~sr-latn-rs~.cab" PayloadType="ExpressCab" />
        <PayloadItem PayloadHash="CeFVIlJE778DXPZdfq4yHJ4k8nfm6dj1tYumvZMx6kE=" PayloadSize="180883" Path="FeaturesOnDemand\sr-latn-rs\baseless\Microsoft-Windows-VolumeActivation-Tools-FoD-Package~31bf3856ad364e35~AMD64~sr-latn-rs~.psf" PayloadType="ExpressPSF" />
      </Payload>
    </Package>
    <Package ID="Microsoft-Windows-WMI-SNMP-Provider-Client-Package~31bf3856ad364e35~AMD64~sr-latn-rs~" InstalledSize="57443" Version="10.0.17763.1">
      <SatelliteInfo>
        <ApplyToInfo>
          <ApplyTo Type="language" Value="sr-Latn-RS" />
        </ApplyToInfo>
      </SatelliteInfo>
      <Payload>
        <PayloadItem PayloadHash="qPY7DJ+FhvILXpmiFEPsnuo5TjOsYGx0dv9wW4DDphM=" PayloadSize="19291" Path="FeaturesOnDemand\sr-latn-rs\baseless\Microsoft-Windows-WMI-SNMP-Provider-Client-Package~31bf3856ad364e35~AMD64~sr-latn-rs~.cab" PayloadType="ExpressCab" />
        <PayloadItem PayloadHash="sKpS9vKDlP+QiCRbadUxwYHlLRC5EfibXYxKxvwbeJc=" PayloadSize="74367" Path="FeaturesOnDemand\sr-latn-rs\baseless\Microsoft-Windows-WMI-SNMP-Provider-Client-Package~31bf3856ad364e35~AMD64~sr-latn-rs~.psf" PayloadType="ExpressPSF" />
      </Payload>
    </Package>
    <Package ID="Microsoft-Windows-WMI-SNMP-Provider-Client-Package~31bf3856ad364e35~wow64~sr-latn-rs~" InstalledSize="57528" Version="10.0.17763.1">
      <SatelliteInfo>
        <ApplyToInfo>
          <ApplyTo Type="arch" Value="wow64" />
          <ApplyTo Type="language" Value="sr-Latn-RS" />
        </ApplyToInfo>
      </SatelliteInfo>
      <Payload>
        <PayloadItem PayloadHash="sMRTn/d5x7rTx/yhRksaLx/VPvrtdn24IfeFDwi3m8g=" PayloadSize="19307" Path="FeaturesOnDemand\sr-latn-rs\baseless\Microsoft-Windows-WMI-SNMP-Provider-Client-Package~31bf3856ad364e35~wow64~sr-latn-rs~.cab" PayloadType="ExpressCab" />
        <PayloadItem PayloadHash="7L+pw+Yb0r0VPGP2JsURfyxzyjThGdavsWkOb899gWA=" PayloadSize="74029" Path="FeaturesOnDemand\sr-latn-rs\baseless\Microsoft-Windows-WMI-SNMP-Provider-Client-Package~31bf3856ad364e35~wow64~sr-latn-rs~.psf" PayloadType="ExpressPSF" />
      </Payload>
    </Package>
    <Package ID="Microsoft-Windows-WSUS-Tools-FoD-Package~31bf3856ad364e35~AMD64~sr-latn-rs~" InstalledSize="2928989" Version="10.0.17763.1">
      <SatelliteInfo>
        <ApplyToInfo>
          <ApplyTo Type="language" Value="sr-Latn-RS" />
        </ApplyToInfo>
      </SatelliteInfo>
      <Payload>
        <PayloadItem PayloadHash="xCz+k2Ac8kRoHUwxcTBlb8DKjctPdgFIEdvma6bjYnA=" PayloadSize="19557" Path="FeaturesOnDemand\sr-latn-rs\baseless\Microsoft-Windows-WSUS-Tools-FoD-Package~31bf3856ad364e35~AMD64~sr-latn-rs~.cab" PayloadType="ExpressCab" />
        <PayloadItem PayloadHash="qNSMdKx6WrPNKPwCfh+myaMyzUZYVuYlZVFtsA+Y5f8=" PayloadSize="395085" Path="FeaturesOnDemand\sr-latn-rs\baseless\Microsoft-Windows-WSUS-Tools-FoD-Package~31bf3856ad364e35~AMD64~sr-latn-rs~.psf" PayloadType="ExpressPSF" />
      </Payload>
    </Package>
  </Packages>
</CompDB>