<?xml version="1.0" encoding="utf-8"?>
<CompDB xmlns:xsi="http://www.w3.org/2001/XMLSchema-instance" xmlns:xsd="http://www.w3.org/2001/XMLSchema" CreatedDate="2018-11-16T00:27:03.3189407Z" Revision="1" SchemaVersion="1.2" Product="Desktop" BuildID="80154b57-1148-3590-c1b9-d2ce93ee1fac" BuildInfo="rs5_release.17763.1.180914-1434" OSVersion="10.0.17763.1" BuildArch="amd64" ReleaseType="Production" Type="Baseless" xmlns="http://schemas.microsoft.com/embedded/2004/10/ImageUpdate">
  <Tags Type="Language">
    <Tag Name="Language" Value="ru-RU" />
    <Tag Name="UpdateType" Value="Baseless" />
  </Tags>
  <Features>
    <Feature Type="LanguagePack" FeatureID="Language.UI.Server~ru-ru" FMID="MSDL" Group="Microsoft">
      <Packages>
        <Package ID="Microsoft-Windows-Server-LanguagePack-Package_ru-ru~31bf3856ad364e35~amd64~ru-ru~" PackageType="FeaturePackage" />
      </Packages>
    </Feature>
    <Feature Type="OnDemandFeature" FeatureID="Microsoft.Onecore.StorageManagement~~1.0" FMID="MSDN" Group="Microsoft">
      <Packages>
        <Package ID="Microsoft-OneCore-StorageManagement-FoD-Package~31bf3856ad364e35~AMD64~ru-ru~" PackageType="SatellitePackage" />
        <Package ID="Microsoft-OneCore-StorageManagement-FoD-Package~31bf3856ad364e35~wow64~ru-ru~" PackageType="SatellitePackage" />
      </Packages>
    </Feature>
    <Feature Type="OnDemandFeature" FeatureID="Rsat.ActiveDirectory.DS-LDS.Tools~~1.0" FMID="MSDN" Group="Microsoft">
      <Dependencies>
        <Feature FeatureID="Rsat.ServerManager.Tools~~1.0" />
      </Dependencies>
      <Packages>
        <Package ID="Microsoft-Windows-ActiveDirectory-DS-LDS-Tools-FoD-Package~31bf3856ad364e35~AMD64~ru-ru~" PackageType="SatellitePackage" />
        <Package ID="Microsoft-Windows-ActiveDirectory-DS-LDS-Tools-FoD-Package~31bf3856ad364e35~wow64~ru-ru~" PackageType="SatellitePackage" />
      </Packages>
    </Feature>
    <Feature Type="OnDemandFeature" FeatureID="Rsat.BitLocker.Recovery.Tools~~1.0" FMID="MSDN" Group="Microsoft">
      <Dependencies>
        <Feature FeatureID="Rsat.ActiveDirectory.DS-LDS.Tools~~1.0" />
      </Dependencies>
      <Packages>
        <Package ID="Microsoft-Windows-BitLocker-Recovery-Tools-FoD-Package~31bf3856ad364e35~AMD64~ru-ru~" PackageType="SatellitePackage" />
      </Packages>
    </Feature>
    <Feature Type="OnDemandFeature" FeatureID="Rsat.CertificateServices.Tools~~1.0" FMID="MSDN" Group="Microsoft">
      <Packages>
        <Package ID="Microsoft-Windows-CertificateServices-Tools-FoD-Package~31bf3856ad364e35~AMD64~ru-ru~" PackageType="SatellitePackage" />
      </Packages>
    </Feature>
    <Feature Type="OnDemandFeature" FeatureID="Rsat.DHCP.Tools~~1.0" FMID="MSDN" Group="Microsoft">
      <Packages>
        <Package ID="Microsoft-Windows-DHCP-Tools-FoD-Package~31bf3856ad364e35~AMD64~ru-ru~" PackageType="SatellitePackage" />
        <Package ID="Microsoft-Windows-DHCP-Tools-FoD-Package~31bf3856ad364e35~wow64~ru-ru~" PackageType="SatellitePackage" />
      </Packages>
    </Feature>
    <Feature Type="OnDemandFeature" FeatureID="Rsat.Dns.Tools~~1.0" FMID="MSDN" Group="Microsoft">
      <Packages>
        <Package ID="Microsoft-Windows-DNS-Tools-FoD-Package~31bf3856ad364e35~AMD64~ru-ru~" PackageType="SatellitePackage" />
        <Package ID="Microsoft-Windows-DNS-Tools-FoD-Package~31bf3856ad364e35~wow64~ru-ru~" PackageType="SatellitePackage" />
      </Packages>
    </Feature>
    <Feature Type="OnDemandFeature" FeatureID="Rsat.FailoverCluster.Management.Tools~~1.0" FMID="MSDN" Group="Microsoft">
      <Dependencies>
        <Feature FeatureID="Rsat.FileServices.Tools~~1.0" />
      </Dependencies>
      <Packages>
        <Package ID="Microsoft-Windows-FailoverCluster-Management-Tools-FOD-Package~31bf3856ad364e35~AMD64~ru-ru~" PackageType="SatellitePackage" />
        <Package ID="Microsoft-Windows-FailoverCluster-Management-Tools-FOD-Package~31bf3856ad364e35~wow64~ru-ru~" PackageType="SatellitePackage" />
      </Packages>
    </Feature>
    <Feature Type="OnDemandFeature" FeatureID="Rsat.FileServices.Tools~~1.0" FMID="MSDN" Group="Microsoft">
      <Dependencies>
        <Feature FeatureID="Rsat.ServerManager.Tools~~1.0" />
      </Dependencies>
      <Packages>
        <Package ID="Microsoft-Windows-FileServices-Tools-FoD-Package~31bf3856ad364e35~AMD64~ru-ru~" PackageType="SatellitePackage" />
        <Package ID="Microsoft-Windows-FileServices-Tools-FoD-Package~31bf3856ad364e35~wow64~ru-ru~" PackageType="SatellitePackage" />
      </Packages>
    </Feature>
    <Feature Type="OnDemandFeature" FeatureID="Rsat.GroupPolicy.Management.Tools~~1.0" FMID="MSDN" Group="Microsoft">
      <Packages>
        <Package ID="Microsoft-Windows-GroupPolicy-Management-Tools-FoD-Package~31bf3856ad364e35~AMD64~ru-ru~" PackageType="SatellitePackage" />
        <Package ID="Microsoft-Windows-GroupPolicy-Management-Tools-FoD-Package~31bf3856ad364e35~wow64~ru-ru~" PackageType="SatellitePackage" />
      </Packages>
    </Feature>
    <Feature Type="OnDemandFeature" FeatureID="Rsat.IPAM.Client.Tools~~1.0" FMID="MSDN" Group="Microsoft">
      <Dependencies>
        <Feature FeatureID="Rsat.ServerManager.Tools~~1.0" />
      </Dependencies>
      <Packages>
        <Package ID="Microsoft-Windows-IPAM-Client-FoD-Package~31bf3856ad364e35~AMD64~ru-ru~" PackageType="SatellitePackage" />
        <Package ID="Microsoft-Windows-IPAM-Client-FoD-Package~31bf3856ad364e35~wow64~ru-ru~" PackageType="SatellitePackage" />
      </Packages>
    </Feature>
    <Feature Type="OnDemandFeature" FeatureID="Rsat.NetworkController.Tools~~1.0" FMID="MSDN" Group="Microsoft">
      <Packages>
        <Package ID="Microsoft-Windows-NetworkController-Tools-FoD-Package~31bf3856ad364e35~AMD64~ru-ru~" PackageType="SatellitePackage" />
      </Packages>
    </Feature>
    <Feature Type="OnDemandFeature" FeatureID="Rsat.NetworkLoadBalancing.Tools~~1.0" FMID="MSDN" Group="Microsoft">
      <Packages>
        <Package ID="Microsoft-Windows-NetworkLoadBalancing-Tools-FoD-Package~31bf3856ad364e35~AMD64~ru-ru~" PackageType="SatellitePackage" />
      </Packages>
    </Feature>
    <Feature Type="OnDemandFeature" FeatureID="RasCMAK.Client~~1.0" FMID="MSDN" Group="Microsoft">
      <Packages>
        <Package ID="Microsoft-Windows-RasCMAK-Client-Package~31bf3856ad364e35~AMD64~ru-ru~" PackageType="SatellitePackage" />
        <Package ID="Microsoft-Windows-RasCMAK-Client-Package~31bf3856ad364e35~wow64~ru-ru~" PackageType="SatellitePackage" />
      </Packages>
    </Feature>
    <Feature Type="OnDemandFeature" FeatureID="RIP.Listener~~1.0" FMID="MSDN" Group="Microsoft">
      <Packages>
        <Package ID="Microsoft-Windows-RasRip-Package~31bf3856ad364e35~AMD64~ru-ru~" PackageType="SatellitePackage" />
      </Packages>
    </Feature>
    <Feature Type="OnDemandFeature" FeatureID="Rsat.RemoteAccess.Management.Tools~~1.0" FMID="MSDN" Group="Microsoft">
      <Dependencies>
        <Feature FeatureID="Rsat.GroupPolicy.Management.Tools~~1.0" />
        <Feature FeatureID="Rsat.ServerManager.Tools~~1.0" />
      </Dependencies>
      <Packages>
        <Package ID="Microsoft-Windows-RemoteAccess-Management-Tools-FoD-Package~31bf3856ad364e35~AMD64~ru-ru~" PackageType="SatellitePackage" />
        <Package ID="Microsoft-Windows-RemoteAccess-Management-Tools-FoD-Package~31bf3856ad364e35~wow64~ru-ru~" PackageType="SatellitePackage" />
      </Packages>
    </Feature>
    <Feature Type="OnDemandFeature" FeatureID="Rsat.RemoteDesktop.Services.Tools~~1.0" FMID="MSDN" Group="Microsoft">
      <Packages>
        <Package ID="Microsoft-Windows-RemoteDesktop-Services-Tools-FoD-Package~31bf3856ad364e35~AMD64~ru-ru~" PackageType="SatellitePackage" />
      </Packages>
    </Feature>
    <Feature Type="OnDemandFeature" FeatureID="ServerCore.AppCompatibility~~1.0" FMID="MSDN" Group="Microsoft">
      <Packages>
        <Package ID="Microsoft-Windows-Server-AppCompat-FoD-Package~31bf3856ad364e35~AMD64~ru-ru~" PackageType="SatellitePackage" />
      </Packages>
    </Feature>
    <Feature Type="OnDemandFeature" FeatureID="Rsat.ServerManager.Tools~~1.0" FMID="MSDN" Group="Microsoft">
      <Packages>
        <Package ID="Microsoft-Windows-ServerManager-Tools-FoD-Package~31bf3856ad364e35~AMD64~ru-ru~" PackageType="SatellitePackage" />
        <Package ID="Microsoft-Windows-ServerManager-Tools-FoD-Package~31bf3856ad364e35~wow64~ru-ru~" PackageType="SatellitePackage" />
      </Packages>
    </Feature>
    <Feature Type="OnDemandFeature" FeatureID="Rsat.Shielded.VM.Tools~~1.0" FMID="MSDN" Group="Microsoft">
      <Dependencies>
        <Feature FeatureID="Rsat.ServerManager.Tools~~1.0" />
      </Dependencies>
      <Packages>
        <Package ID="Microsoft-Windows-Shielded-VM-Tools-FoD-Package~31bf3856ad364e35~AMD64~ru-ru~" PackageType="SatellitePackage" />
      </Packages>
    </Feature>
    <Feature Type="OnDemandFeature" FeatureID="SNMP.Client~~1.0" FMID="MSDN" Group="Microsoft">
      <Packages>
        <Package ID="Microsoft-Windows-SNMP-Client-Package~31bf3856ad364e35~AMD64~ru-ru~" PackageType="SatellitePackage" />
        <Package ID="Microsoft-Windows-SNMP-Client-Package~31bf3856ad364e35~wow64~ru-ru~" PackageType="SatellitePackage" />
      </Packages>
    </Feature>
    <Feature Type="OnDemandFeature" FeatureID="Microsoft.Windows.StorageManagement~~1.0" FMID="MSDN" Group="Microsoft">
      <Packages>
        <Package ID="Microsoft-Windows-StorageManagement-FoD-Package~31bf3856ad364e35~AMD64~ru-ru~" PackageType="SatellitePackage" />
        <Package ID="Microsoft-Windows-StorageManagement-FoD-Package~31bf3856ad364e35~wow64~ru-ru~" PackageType="SatellitePackage" />
      </Packages>
    </Feature>
    <Feature Type="OnDemandFeature" FeatureID="Rsat.StorageMigrationService.Management.Tools~~1.0" FMID="MSDN" Group="Microsoft">
      <Packages>
        <Package ID="Microsoft-Windows-StorageMigrationService-Management-Tools-FOD-Package~31bf3856ad364e35~AMD64~ru-ru~" PackageType="SatellitePackage" />
      </Packages>
    </Feature>
    <Feature Type="OnDemandFeature" FeatureID="Rsat.StorageReplica.Tools~~1.0" FMID="MSDN" Group="Microsoft">
      <Packages>
        <Package ID="Microsoft-Windows-StorageReplica-Tools-FoD-Package~31bf3856ad364e35~AMD64~ru-ru~" PackageType="SatellitePackage" />
      </Packages>
    </Feature>
    <Feature Type="OnDemandFeature" FeatureID="Rsat.SystemInsights.Management.Tools~~1.0" FMID="MSDN" Group="Microsoft">
      <Packages>
        <Package ID="Microsoft-Windows-SystemInsights-Management-Tools-FOD-Package~31bf3856ad364e35~AMD64~ru-ru~" PackageType="SatellitePackage" />
      </Packages>
    </Feature>
    <Feature Type="OnDemandFeature" FeatureID="Rsat.VolumeActivation.Tools~~1.0" FMID="MSDN" Group="Microsoft">
      <Packages>
        <Package ID="Microsoft-Windows-VolumeActivation-Tools-FoD-Package~31bf3856ad364e35~AMD64~ru-ru~" PackageType="SatellitePackage" />
      </Packages>
    </Feature>
    <Feature Type="OnDemandFeature" FeatureID="WMI-SNMP-Provider.Client~~1.0" FMID="MSDN" Group="Microsoft">
      <Dependencies>
        <Feature FeatureID="SNMP.Client~~1.0" />
      </Dependencies>
      <Packages>
        <Package ID="Microsoft-Windows-WMI-SNMP-Provider-Client-Package~31bf3856ad364e35~AMD64~ru-ru~" PackageType="SatellitePackage" />
        <Package ID="Microsoft-Windows-WMI-SNMP-Provider-Client-Package~31bf3856ad364e35~wow64~ru-ru~" PackageType="SatellitePackage" />
      </Packages>
    </Feature>
    <Feature Type="OnDemandFeature" FeatureID="Rsat.WSUS.Tools~~1.0" FMID="MSDN" Group="Microsoft">
      <Packages>
        <Package ID="Microsoft-Windows-WSUS-Tools-FoD-Package~31bf3856ad364e35~AMD64~ru-ru~" PackageType="SatellitePackage" />
      </Packages>
    </Feature>
  </Features>
  <Packages>
    <Package ID="Microsoft-Windows-Server-LanguagePack-Package_ru-ru~31bf3856ad364e35~amd64~ru-ru~" InstalledSize="1541162657" Version="10.0.17763.1">
      <SatelliteInfo>
        <DeclareInfo>
          <Declare Type="language" Value="ru-RU" />
        </DeclareInfo>
      </SatelliteInfo>
      <Payload>
        <PayloadItem PayloadHash="LrBhdqNQLTKu2BI4wCGYjIoaiBHkXh4xqw5siw1wuFM=" PayloadSize="1731013" Path="UUP\Desktop\editionpackages\Server\ru-ru\baseless\Microsoft-Windows-Server-LanguagePack-Package_ru-ru~31bf3856ad364e35~amd64~ru-ru~.cab" PayloadType="ExpressCab" />
        <PayloadItem PayloadHash="aYk49Ko91spH5XCo7jQtKSYPixEAqb2zXDd1Dyirt+4=" PayloadSize="92541631" Path="UUP\Desktop\editionpackages\Server\ru-ru\baseless\Microsoft-Windows-Server-LanguagePack-Package_ru-ru~31bf3856ad364e35~amd64~ru-ru~.psf" PayloadType="ExpressPSF" />
      </Payload>
    </Package>
    <Package ID="Microsoft-OneCore-StorageManagement-FoD-Package~31bf3856ad364e35~AMD64~ru-ru~" InstalledSize="2023747" Version="10.0.17763.1">
      <SatelliteInfo>
        <ApplyToInfo>
          <ApplyTo Type="language" Value="ru-RU" />
        </ApplyToInfo>
      </SatelliteInfo>
      <Payload>
        <PayloadItem PayloadHash="K8MFU7LQZjbnoWyrUbc3I7q31/Z/DMYGc/MCzAvNWpI=" PayloadSize="20593" Path="FeaturesOnDemand\ru-ru\baseless\Microsoft-OneCore-StorageManagement-FoD-Package~31bf3856ad364e35~AMD64~ru-ru~.cab" PayloadType="ExpressCab" />
        <PayloadItem PayloadHash="5FceKxhZlmYdJLKSpVl1FzyopYh6XB+nNmUjRTcHIVI=" PayloadSize="216648" Path="FeaturesOnDemand\ru-ru\baseless\Microsoft-OneCore-StorageManagement-FoD-Package~31bf3856ad364e35~AMD64~ru-ru~.psf" PayloadType="ExpressPSF" />
      </Payload>
    </Package>
    <Package ID="Microsoft-OneCore-StorageManagement-FoD-Package~31bf3856ad364e35~wow64~ru-ru~" InstalledSize="1099003" Version="10.0.17763.1">
      <SatelliteInfo>
        <ApplyToInfo>
          <ApplyTo Type="arch" Value="wow64" />
          <ApplyTo Type="language" Value="ru-RU" />
        </ApplyToInfo>
      </SatelliteInfo>
      <Payload>
        <PayloadItem PayloadHash="ijBf0fNi6jhGvNnj2iyJSa89ttY5+v1gvlgHB/fyAIw=" PayloadSize="19165" Path="FeaturesOnDemand\ru-ru\baseless\Microsoft-OneCore-StorageManagement-FoD-Package~31bf3856ad364e35~wow64~ru-ru~.cab" PayloadType="ExpressCab" />
        <PayloadItem PayloadHash="3bwZR2DWREjiL5USdk6h8tAMTeYpZU9TQYjTVNluIhg=" PayloadSize="119766" Path="FeaturesOnDemand\ru-ru\baseless\Microsoft-OneCore-StorageManagement-FoD-Package~31bf3856ad364e35~wow64~ru-ru~.psf" PayloadType="ExpressPSF" />
      </Payload>
    </Package>
    <Package ID="Microsoft-Windows-ActiveDirectory-DS-LDS-Tools-FoD-Package~31bf3856ad364e35~AMD64~ru-ru~" InstalledSize="7884233" Version="10.0.17763.1">
      <SatelliteInfo>
        <ApplyToInfo>
          <ApplyTo Type="language" Value="ru-RU" />
        </ApplyToInfo>
      </SatelliteInfo>
      <Payload>
        <PayloadItem PayloadHash="csRU+42SM4LOIZtAS9nSJIa7ThXC/g+1sf3p0VUwi7Y=" PayloadSize="31677" Path="FeaturesOnDemand\ru-ru\baseless\Microsoft-Windows-ActiveDirectory-DS-LDS-Tools-FoD-Package~31bf3856ad364e35~AMD64~ru-ru~.cab" PayloadType="ExpressCab" />
        <PayloadItem PayloadHash="itHp7kLgo3sADcskF5zQiUHMNBgdEYs1SHFyvLkZHQY=" PayloadSize="1262113" Path="FeaturesOnDemand\ru-ru\baseless\Microsoft-Windows-ActiveDirectory-DS-LDS-Tools-FoD-Package~31bf3856ad364e35~AMD64~ru-ru~.psf" PayloadType="ExpressPSF" />
      </Payload>
    </Package>
    <Package ID="Microsoft-Windows-ActiveDirectory-DS-LDS-Tools-FoD-Package~31bf3856ad364e35~wow64~ru-ru~" InstalledSize="827087" Version="10.0.17763.1">
      <SatelliteInfo>
        <ApplyToInfo>
          <ApplyTo Type="arch" Value="wow64" />
          <ApplyTo Type="language" Value="ru-RU" />
        </ApplyToInfo>
      </SatelliteInfo>
      <Payload>
        <PayloadItem PayloadHash="qlwhLTu4qxp735r5KA+ExZaGEukzUcaviEUkrw8kodo=" PayloadSize="20107" Path="FeaturesOnDemand\ru-ru\baseless\Microsoft-Windows-ActiveDirectory-DS-LDS-Tools-FoD-Package~31bf3856ad364e35~wow64~ru-ru~.cab" PayloadType="ExpressCab" />
        <PayloadItem PayloadHash="++dfye5GwiaLbVj6iAvkBKekTmf+GxXevKXiI19i5FE=" PayloadSize="168460" Path="FeaturesOnDemand\ru-ru\baseless\Microsoft-Windows-ActiveDirectory-DS-LDS-Tools-FoD-Package~31bf3856ad364e35~wow64~ru-ru~.psf" PayloadType="ExpressPSF" />
      </Payload>
    </Package>
    <Package ID="Microsoft-Windows-BitLocker-Recovery-Tools-FoD-Package~31bf3856ad364e35~AMD64~ru-ru~" InstalledSize="53231" Version="10.0.17763.1">
      <SatelliteInfo>
        <ApplyToInfo>
          <ApplyTo Type="language" Value="ru-RU" />
        </ApplyToInfo>
      </SatelliteInfo>
      <Payload>
        <PayloadItem PayloadHash="dy3yQ/80l4qBfDpSBCpk/O2HCZaMvZC4Q57AzHrCNQc=" PayloadSize="18977" Path="FeaturesOnDemand\ru-ru\baseless\Microsoft-Windows-BitLocker-Recovery-Tools-FoD-Package~31bf3856ad364e35~AMD64~ru-ru~.cab" PayloadType="ExpressCab" />
        <PayloadItem PayloadHash="igakAUD5LVj4d/7vfFPzByNR0bLsDOk5IuTv9YcTNP8=" PayloadSize="70696" Path="FeaturesOnDemand\ru-ru\baseless\Microsoft-Windows-BitLocker-Recovery-Tools-FoD-Package~31bf3856ad364e35~AMD64~ru-ru~.psf" PayloadType="ExpressPSF" />
      </Payload>
    </Package>
    <Package ID="Microsoft-Windows-CertificateServices-Tools-FoD-Package~31bf3856ad364e35~AMD64~ru-ru~" InstalledSize="1064121" Version="10.0.17763.1">
      <SatelliteInfo>
        <ApplyToInfo>
          <ApplyTo Type="language" Value="ru-RU" />
        </ApplyToInfo>
      </SatelliteInfo>
      <Payload>
        <PayloadItem PayloadHash="ZqGK3bWIc5qYF7PHZFX0KEpQxzAHIxJ72s2hy6sqCMY=" PayloadSize="21211" Path="FeaturesOnDemand\ru-ru\baseless\Microsoft-Windows-CertificateServices-Tools-FoD-Package~31bf3856ad364e35~AMD64~ru-ru~.cab" PayloadType="ExpressCab" />
        <PayloadItem PayloadHash="E4tP0usfi3C2iTzLtmvJX55tDUDNmm5szr0GsZr8jws=" PayloadSize="214934" Path="FeaturesOnDemand\ru-ru\baseless\Microsoft-Windows-CertificateServices-Tools-FoD-Package~31bf3856ad364e35~AMD64~ru-ru~.psf" PayloadType="ExpressPSF" />
      </Payload>
    </Package>
    <Package ID="Microsoft-Windows-DHCP-Tools-FoD-Package~31bf3856ad364e35~AMD64~ru-ru~" InstalledSize="2290966" Version="10.0.17763.1">
      <SatelliteInfo>
        <ApplyToInfo>
          <ApplyTo Type="language" Value="ru-RU" />
        </ApplyToInfo>
      </SatelliteInfo>
      <Payload>
        <PayloadItem PayloadHash="/PA6IWEu35WCAEdPCEFu3meVkhA7GFZetxClqlVKMYU=" PayloadSize="19821" Path="FeaturesOnDemand\ru-ru\baseless\Microsoft-Windows-DHCP-Tools-FoD-Package~31bf3856ad364e35~AMD64~ru-ru~.cab" PayloadType="ExpressCab" />
        <PayloadItem PayloadHash="7FsWKlvObsUTl1OjjZ0tHUhNN6gHdUnLNlE8AHMCCwo=" PayloadSize="260241" Path="FeaturesOnDemand\ru-ru\baseless\Microsoft-Windows-DHCP-Tools-FoD-Package~31bf3856ad364e35~AMD64~ru-ru~.psf" PayloadType="ExpressPSF" />
      </Payload>
    </Package>
    <Package ID="Microsoft-Windows-DHCP-Tools-FoD-Package~31bf3856ad364e35~wow64~ru-ru~" InstalledSize="944942" Version="10.0.17763.1">
      <SatelliteInfo>
        <ApplyToInfo>
          <ApplyTo Type="arch" Value="wow64" />
          <ApplyTo Type="language" Value="ru-RU" />
        </ApplyToInfo>
      </SatelliteInfo>
      <Payload>
        <PayloadItem PayloadHash="25uB0OeBmpW5gQhhGnkFgZ+LX/bzjjz0M6Jh7Ce36is=" PayloadSize="19039" Path="FeaturesOnDemand\ru-ru\baseless\Microsoft-Windows-DHCP-Tools-FoD-Package~31bf3856ad364e35~wow64~ru-ru~.cab" PayloadType="ExpressCab" />
        <PayloadItem PayloadHash="8zDvonaoJS5PAZeykqXvyqRhOZ0ybtuMUNWblQU2vnQ=" PayloadSize="141955" Path="FeaturesOnDemand\ru-ru\baseless\Microsoft-Windows-DHCP-Tools-FoD-Package~31bf3856ad364e35~wow64~ru-ru~.psf" PayloadType="ExpressPSF" />
      </Payload>
    </Package>
    <Package ID="Microsoft-Windows-DNS-Tools-FoD-Package~31bf3856ad364e35~AMD64~ru-ru~" InstalledSize="2175068" Version="10.0.17763.1">
      <SatelliteInfo>
        <ApplyToInfo>
          <ApplyTo Type="language" Value="ru-RU" />
        </ApplyToInfo>
      </SatelliteInfo>
      <Payload>
        <PayloadItem PayloadHash="InIbYDaMJztWQkAYhcMcZz9X56Dw3h/QjjbM+oJu6WE=" PayloadSize="20691" Path="FeaturesOnDemand\ru-ru\baseless\Microsoft-Windows-DNS-Tools-FoD-Package~31bf3856ad364e35~AMD64~ru-ru~.cab" PayloadType="ExpressCab" />
        <PayloadItem PayloadHash="/RPJaRmZOW6FpHvxrHasT99x+1mn7EtcaavoAkddc+I=" PayloadSize="288620" Path="FeaturesOnDemand\ru-ru\baseless\Microsoft-Windows-DNS-Tools-FoD-Package~31bf3856ad364e35~AMD64~ru-ru~.psf" PayloadType="ExpressPSF" />
      </Payload>
    </Package>
    <Package ID="Microsoft-Windows-DNS-Tools-FoD-Package~31bf3856ad364e35~wow64~ru-ru~" InstalledSize="32937" Version="10.0.17763.1">
      <SatelliteInfo>
        <ApplyToInfo>
          <ApplyTo Type="arch" Value="wow64" />
          <ApplyTo Type="language" Value="ru-RU" />
        </ApplyToInfo>
      </SatelliteInfo>
      <Payload>
        <PayloadItem PayloadHash="jbRFVF7S+yJ4kA+JI74sSMewKoJS1ZHuhtRwQ+w8KCM=" PayloadSize="18609" Path="FeaturesOnDemand\ru-ru\baseless\Microsoft-Windows-DNS-Tools-FoD-Package~31bf3856ad364e35~wow64~ru-ru~.cab" PayloadType="ExpressCab" />
        <PayloadItem PayloadHash="tOPPc3COsO4QMkjwcdKeeQDpjF40RXRae2Cis8WjURA=" PayloadSize="61381" Path="FeaturesOnDemand\ru-ru\baseless\Microsoft-Windows-DNS-Tools-FoD-Package~31bf3856ad364e35~wow64~ru-ru~.psf" PayloadType="ExpressPSF" />
      </Payload>
    </Package>
    <Package ID="Microsoft-Windows-FailoverCluster-Management-Tools-FOD-Package~31bf3856ad364e35~AMD64~ru-ru~" InstalledSize="9537799" Version="10.0.17763.1">
      <SatelliteInfo>
        <ApplyToInfo>
          <ApplyTo Type="language" Value="ru-RU" />
        </ApplyToInfo>
      </SatelliteInfo>
      <Payload>
        <PayloadItem PayloadHash="3Ctz3F8W9OLYK4rhFOtGks5+/1zT0Et9LIfm8+ASSPg=" PayloadSize="27107" Path="FeaturesOnDemand\ru-ru\baseless\Microsoft-Windows-FailoverCluster-Management-Tools-FOD-Package~31bf3856ad364e35~AMD64~ru-ru~.cab" PayloadType="ExpressCab" />
        <PayloadItem PayloadHash="3wx1hfYzbVPiCmbJMmEe/u0HYyG+aeJ/yjwsJN2ZdCY=" PayloadSize="2529363" Path="FeaturesOnDemand\ru-ru\baseless\Microsoft-Windows-FailoverCluster-Management-Tools-FOD-Package~31bf3856ad364e35~AMD64~ru-ru~.psf" PayloadType="ExpressPSF" />
      </Payload>
    </Package>
    <Package ID="Microsoft-Windows-FailoverCluster-Management-Tools-FOD-Package~31bf3856ad364e35~wow64~ru-ru~" InstalledSize="137312" Version="10.0.17763.1">
      <SatelliteInfo>
        <ApplyToInfo>
          <ApplyTo Type="arch" Value="wow64" />
          <ApplyTo Type="language" Value="ru-RU" />
        </ApplyToInfo>
      </SatelliteInfo>
      <Payload>
        <PayloadItem PayloadHash="SdOQN85GJ+r/DsRr0sW4I21SMJOTwD/7peTU3wGzPzQ=" PayloadSize="20079" Path="FeaturesOnDemand\ru-ru\baseless\Microsoft-Windows-FailoverCluster-Management-Tools-FOD-Package~31bf3856ad364e35~wow64~ru-ru~.cab" PayloadType="ExpressCab" />
        <PayloadItem PayloadHash="+8QYEv7weV9UF4NjDsInLXZDwP3LndpzRf9F5cVdjhI=" PayloadSize="95687" Path="FeaturesOnDemand\ru-ru\baseless\Microsoft-Windows-FailoverCluster-Management-Tools-FOD-Package~31bf3856ad364e35~wow64~ru-ru~.psf" PayloadType="ExpressPSF" />
      </Payload>
    </Package>
    <Package ID="Microsoft-Windows-FileServices-Tools-FoD-Package~31bf3856ad364e35~AMD64~ru-ru~" InstalledSize="5237117" Version="10.0.17763.1">
      <SatelliteInfo>
        <ApplyToInfo>
          <ApplyTo Type="language" Value="ru-RU" />
        </ApplyToInfo>
      </SatelliteInfo>
      <Payload>
        <PayloadItem PayloadHash="ukvP+0Y2+z/wQ139bKo3ZfuHQ/L2IQyAa4REPiIUiGE=" PayloadSize="25949" Path="FeaturesOnDemand\ru-ru\baseless\Microsoft-Windows-FileServices-Tools-FoD-Package~31bf3856ad364e35~AMD64~ru-ru~.cab" PayloadType="ExpressCab" />
        <PayloadItem PayloadHash="PLjo/7gicYfRPil1Q/vV6IFYFP05gpGbIyI9Mi/xH7c=" PayloadSize="761249" Path="FeaturesOnDemand\ru-ru\baseless\Microsoft-Windows-FileServices-Tools-FoD-Package~31bf3856ad364e35~AMD64~ru-ru~.psf" PayloadType="ExpressPSF" />
      </Payload>
    </Package>
    <Package ID="Microsoft-Windows-FileServices-Tools-FoD-Package~31bf3856ad364e35~wow64~ru-ru~" InstalledSize="245178" Version="10.0.17763.1">
      <SatelliteInfo>
        <ApplyToInfo>
          <ApplyTo Type="arch" Value="wow64" />
          <ApplyTo Type="language" Value="ru-RU" />
        </ApplyToInfo>
      </SatelliteInfo>
      <Payload>
        <PayloadItem PayloadHash="7oMdeL7oJwzpzhkpKA08H1BkkNX3aeZdw79SEx2YnNE=" PayloadSize="18957" Path="FeaturesOnDemand\ru-ru\baseless\Microsoft-Windows-FileServices-Tools-FoD-Package~31bf3856ad364e35~wow64~ru-ru~.cab" PayloadType="ExpressCab" />
        <PayloadItem PayloadHash="es/dG7Lzxfd94yMOzYEOatRnt1YGYRKSWqwXtM+/vAs=" PayloadSize="93316" Path="FeaturesOnDemand\ru-ru\baseless\Microsoft-Windows-FileServices-Tools-FoD-Package~31bf3856ad364e35~wow64~ru-ru~.psf" PayloadType="ExpressPSF" />
      </Payload>
    </Package>
    <Package ID="Microsoft-Windows-GroupPolicy-Management-Tools-FoD-Package~31bf3856ad364e35~AMD64~ru-ru~" InstalledSize="2415427" Version="10.0.17763.1">
      <SatelliteInfo>
        <ApplyToInfo>
          <ApplyTo Type="language" Value="ru-RU" />
        </ApplyToInfo>
      </SatelliteInfo>
      <Payload>
        <PayloadItem PayloadHash="GRqRYvy78RPDN6V2lw+LsDswEHZPi+7jDuiyaIe+mQQ=" PayloadSize="22791" Path="FeaturesOnDemand\ru-ru\baseless\Microsoft-Windows-GroupPolicy-Management-Tools-FoD-Package~31bf3856ad364e35~AMD64~ru-ru~.cab" PayloadType="ExpressCab" />
        <PayloadItem PayloadHash="V7QF6Kq6lDRswomI/5Rm8T0ndBQ/VrubDnJcM3Sqn2M=" PayloadSize="375478" Path="FeaturesOnDemand\ru-ru\baseless\Microsoft-Windows-GroupPolicy-Management-Tools-FoD-Package~31bf3856ad364e35~AMD64~ru-ru~.psf" PayloadType="ExpressPSF" />
      </Payload>
    </Package>
    <Package ID="Microsoft-Windows-GroupPolicy-Management-Tools-FoD-Package~31bf3856ad364e35~wow64~ru-ru~" InstalledSize="348540" Version="10.0.17763.1">
      <SatelliteInfo>
        <ApplyToInfo>
          <ApplyTo Type="arch" Value="wow64" />
          <ApplyTo Type="language" Value="ru-RU" />
        </ApplyToInfo>
      </SatelliteInfo>
      <Payload>
        <PayloadItem PayloadHash="LkAMMw/kQbrn1EVfwP4DBsU+7UvPPF4aTztxnx5LV08=" PayloadSize="18693" Path="FeaturesOnDemand\ru-ru\baseless\Microsoft-Windows-GroupPolicy-Management-Tools-FoD-Package~31bf3856ad364e35~wow64~ru-ru~.cab" PayloadType="ExpressCab" />
        <PayloadItem PayloadHash="e8KlWNjBJAjPOMmNT658RHG7/txuJg9R0gMyB9+Gv9w=" PayloadSize="104725" Path="FeaturesOnDemand\ru-ru\baseless\Microsoft-Windows-GroupPolicy-Management-Tools-FoD-Package~31bf3856ad364e35~wow64~ru-ru~.psf" PayloadType="ExpressPSF" />
      </Payload>
    </Package>
    <Package ID="Microsoft-Windows-IPAM-Client-FoD-Package~31bf3856ad364e35~AMD64~ru-ru~" InstalledSize="123544" Version="10.0.17763.1">
      <SatelliteInfo>
        <ApplyToInfo>
          <ApplyTo Type="language" Value="ru-RU" />
        </ApplyToInfo>
      </SatelliteInfo>
      <Payload>
        <PayloadItem PayloadHash="Hd6AJrUNt8lHqKdvgQDJGlMjuuj9DYMkyz7MI9cxksc=" PayloadSize="18569" Path="FeaturesOnDemand\ru-ru\baseless\Microsoft-Windows-IPAM-Client-FoD-Package~31bf3856ad364e35~AMD64~ru-ru~.cab" PayloadType="ExpressCab" />
        <PayloadItem PayloadHash="gnOHK6Ue1c4ISnTrO/fbmeREhmVqkQU51zcswNvsuL0=" PayloadSize="74945" Path="FeaturesOnDemand\ru-ru\baseless\Microsoft-Windows-IPAM-Client-FoD-Package~31bf3856ad364e35~AMD64~ru-ru~.psf" PayloadType="ExpressPSF" />
      </Payload>
    </Package>
    <Package ID="Microsoft-Windows-IPAM-Client-FoD-Package~31bf3856ad364e35~wow64~ru-ru~" InstalledSize="47043" Version="10.0.17763.1">
      <SatelliteInfo>
        <ApplyToInfo>
          <ApplyTo Type="arch" Value="wow64" />
          <ApplyTo Type="language" Value="ru-RU" />
        </ApplyToInfo>
      </SatelliteInfo>
      <Payload>
        <PayloadItem PayloadHash="AncGCCPkGqhw1PyuajYGVdJtndNmR5IvaOuAT/LrY2A=" PayloadSize="18729" Path="FeaturesOnDemand\ru-ru\baseless\Microsoft-Windows-IPAM-Client-FoD-Package~31bf3856ad364e35~wow64~ru-ru~.cab" PayloadType="ExpressCab" />
        <PayloadItem PayloadHash="vMKax5+cFDrlfkk6u1huncYiIdzKsrOGGgR/uBSQmUs=" PayloadSize="64394" Path="FeaturesOnDemand\ru-ru\baseless\Microsoft-Windows-IPAM-Client-FoD-Package~31bf3856ad364e35~wow64~ru-ru~.psf" PayloadType="ExpressPSF" />
      </Payload>
    </Package>
    <Package ID="Microsoft-Windows-NetworkController-Tools-FoD-Package~31bf3856ad364e35~AMD64~ru-ru~" InstalledSize="103593" Version="10.0.17763.1">
      <SatelliteInfo>
        <ApplyToInfo>
          <ApplyTo Type="language" Value="ru-RU" />
        </ApplyToInfo>
      </SatelliteInfo>
      <Payload>
        <PayloadItem PayloadHash="8WRdiIhYAe5hLAe1Du9sBFr9aJ87CCI3rhPPzZ4wgmc=" PayloadSize="19031" Path="FeaturesOnDemand\ru-ru\baseless\Microsoft-Windows-NetworkController-Tools-FoD-Package~31bf3856ad364e35~AMD64~ru-ru~.cab" PayloadType="ExpressCab" />
        <PayloadItem PayloadHash="dk9s6tcI0RN4qxd/pRi9t6zyc/Eb+cJWzkneGJpYQJA=" PayloadSize="84492" Path="FeaturesOnDemand\ru-ru\baseless\Microsoft-Windows-NetworkController-Tools-FoD-Package~31bf3856ad364e35~AMD64~ru-ru~.psf" PayloadType="ExpressPSF" />
      </Payload>
    </Package>
    <Package ID="Microsoft-Windows-NetworkLoadBalancing-Tools-FoD-Package~31bf3856ad364e35~AMD64~ru-ru~" InstalledSize="358334" Version="10.0.17763.1">
      <SatelliteInfo>
        <ApplyToInfo>
          <ApplyTo Type="language" Value="ru-RU" />
        </ApplyToInfo>
      </SatelliteInfo>
      <Payload>
        <PayloadItem PayloadHash="3VpqloS8ZZ03QlzkH32yaEGEqkfb6Op+PychBpGw8VI=" PayloadSize="19707" Path="FeaturesOnDemand\ru-ru\baseless\Microsoft-Windows-NetworkLoadBalancing-Tools-FoD-Package~31bf3856ad364e35~AMD64~ru-ru~.cab" PayloadType="ExpressCab" />
        <PayloadItem PayloadHash="KbOQpDa3pJz87E9PQ0ii95bhDHAolefvf0zoToaYe/o=" PayloadSize="120110" Path="FeaturesOnDemand\ru-ru\baseless\Microsoft-Windows-NetworkLoadBalancing-Tools-FoD-Package~31bf3856ad364e35~AMD64~ru-ru~.psf" PayloadType="ExpressPSF" />
      </Payload>
    </Package>
    <Package ID="Microsoft-Windows-RasCMAK-Client-Package~31bf3856ad364e35~AMD64~ru-ru~" InstalledSize="448364" Version="10.0.17763.1">
      <SatelliteInfo>
        <ApplyToInfo>
          <ApplyTo Type="language" Value="ru-RU" />
        </ApplyToInfo>
      </SatelliteInfo>
      <Payload>
        <PayloadItem PayloadHash="OZznSseIoGZRaiuMrvkju8Heo5KCNSTKxez3vf8AHYQ=" PayloadSize="19653" Path="FeaturesOnDemand\ru-ru\baseless\Microsoft-Windows-RasCMAK-Client-Package~31bf3856ad364e35~AMD64~ru-ru~.cab" PayloadType="ExpressCab" />
        <PayloadItem PayloadHash="33kXB5I0lLcRUIXTERk2Kc4cgMRLmKY6pROw5iM+NWQ=" PayloadSize="189511" Path="FeaturesOnDemand\ru-ru\baseless\Microsoft-Windows-RasCMAK-Client-Package~31bf3856ad364e35~AMD64~ru-ru~.psf" PayloadType="ExpressPSF" />
      </Payload>
    </Package>
    <Package ID="Microsoft-Windows-RasCMAK-Client-Package~31bf3856ad364e35~wow64~ru-ru~" InstalledSize="888874" Version="10.0.17763.1">
      <SatelliteInfo>
        <ApplyToInfo>
          <ApplyTo Type="arch" Value="wow64" />
          <ApplyTo Type="language" Value="ru-RU" />
        </ApplyToInfo>
      </SatelliteInfo>
      <Payload>
        <PayloadItem PayloadHash="+rYVnd9b2tbl3ZaY2t0WzWOj5kcrQ903aJNCtPZn31s=" PayloadSize="19879" Path="FeaturesOnDemand\ru-ru\baseless\Microsoft-Windows-RasCMAK-Client-Package~31bf3856ad364e35~wow64~ru-ru~.cab" PayloadType="ExpressCab" />
        <PayloadItem PayloadHash="nLI1ER1CyO/pevu0/9Yvrt46d2O7CSIitpNDjn6OIkY=" PayloadSize="667142" Path="FeaturesOnDemand\ru-ru\baseless\Microsoft-Windows-RasCMAK-Client-Package~31bf3856ad364e35~wow64~ru-ru~.psf" PayloadType="ExpressPSF" />
      </Payload>
    </Package>
    <Package ID="Microsoft-Windows-RasRip-Package~31bf3856ad364e35~AMD64~ru-ru~" InstalledSize="46844" Version="10.0.17763.1">
      <SatelliteInfo>
        <ApplyToInfo>
          <ApplyTo Type="language" Value="ru-RU" />
        </ApplyToInfo>
      </SatelliteInfo>
      <Payload>
        <PayloadItem PayloadHash="1jk+sUih9R1uI3HORk31J4PttpT7ibXIt5/HTUna45U=" PayloadSize="18333" Path="FeaturesOnDemand\ru-ru\baseless\Microsoft-Windows-RasRip-Package~31bf3856ad364e35~AMD64~ru-ru~.cab" PayloadType="ExpressCab" />
        <PayloadItem PayloadHash="MzXSmq+3G3VKOnapv9Am5j73AtjBP1ikCCLQs1JOvT8=" PayloadSize="64131" Path="FeaturesOnDemand\ru-ru\baseless\Microsoft-Windows-RasRip-Package~31bf3856ad364e35~AMD64~ru-ru~.psf" PayloadType="ExpressPSF" />
      </Payload>
    </Package>
    <Package ID="Microsoft-Windows-RemoteAccess-Management-Tools-FoD-Package~31bf3856ad364e35~AMD64~ru-ru~" InstalledSize="19069850" Version="10.0.17763.1">
      <SatelliteInfo>
        <ApplyToInfo>
          <ApplyTo Type="language" Value="ru-RU" />
        </ApplyToInfo>
      </SatelliteInfo>
      <Payload>
        <PayloadItem PayloadHash="VoyR6pCGZoarp1GhlPmpgcCWxXUwIT0dYZMnx/ntjrE=" PayloadSize="22313" Path="FeaturesOnDemand\ru-ru\baseless\Microsoft-Windows-RemoteAccess-Management-Tools-FoD-Package~31bf3856ad364e35~AMD64~ru-ru~.cab" PayloadType="ExpressCab" />
        <PayloadItem PayloadHash="EUdJJgg36wG/+s+tmdg0TUswYqqe9DJq/nKSl5vtoNk=" PayloadSize="3477903" Path="FeaturesOnDemand\ru-ru\baseless\Microsoft-Windows-RemoteAccess-Management-Tools-FoD-Package~31bf3856ad364e35~AMD64~ru-ru~.psf" PayloadType="ExpressPSF" />
      </Payload>
    </Package>
    <Package ID="Microsoft-Windows-RemoteAccess-Management-Tools-FoD-Package~31bf3856ad364e35~wow64~ru-ru~" InstalledSize="33021" Version="10.0.17763.1">
      <SatelliteInfo>
        <ApplyToInfo>
          <ApplyTo Type="arch" Value="wow64" />
          <ApplyTo Type="language" Value="ru-RU" />
        </ApplyToInfo>
      </SatelliteInfo>
      <Payload>
        <PayloadItem PayloadHash="FljSJ2BC3WnmaS/IeRLQH1k7Xgmv6Ev82jC1EVTEt+c=" PayloadSize="18219" Path="FeaturesOnDemand\ru-ru\baseless\Microsoft-Windows-RemoteAccess-Management-Tools-FoD-Package~31bf3856ad364e35~wow64~ru-ru~.cab" PayloadType="ExpressCab" />
        <PayloadItem PayloadHash="V0mWV102VuopdR5bD3+KSViXTTz8Q+HAJauC+D0pBHU=" PayloadSize="60995" Path="FeaturesOnDemand\ru-ru\baseless\Microsoft-Windows-RemoteAccess-Management-Tools-FoD-Package~31bf3856ad364e35~wow64~ru-ru~.psf" PayloadType="ExpressPSF" />
      </Payload>
    </Package>
    <Package ID="Microsoft-Windows-RemoteDesktop-Services-Tools-FoD-Package~31bf3856ad364e35~AMD64~ru-ru~" InstalledSize="1615419" Version="10.0.17763.1">
      <SatelliteInfo>
        <ApplyToInfo>
          <ApplyTo Type="language" Value="ru-RU" />
        </ApplyToInfo>
      </SatelliteInfo>
      <Payload>
        <PayloadItem PayloadHash="QYmkOdX+uF7qh8RmLpUvIaLqdbUbOdW1kTXX87+fXz0=" PayloadSize="20509" Path="FeaturesOnDemand\ru-ru\baseless\Microsoft-Windows-RemoteDesktop-Services-Tools-FoD-Package~31bf3856ad364e35~AMD64~ru-ru~.cab" PayloadType="ExpressCab" />
        <PayloadItem PayloadHash="npJLvzv7gk3Bve2ilqiReeGDIaglBpXCrQNMC56y/E8=" PayloadSize="314857" Path="FeaturesOnDemand\ru-ru\baseless\Microsoft-Windows-RemoteDesktop-Services-Tools-FoD-Package~31bf3856ad364e35~AMD64~ru-ru~.psf" PayloadType="ExpressPSF" />
      </Payload>
    </Package>
    <Package ID="Microsoft-Windows-Server-AppCompat-FoD-Package~31bf3856ad364e35~AMD64~ru-ru~" InstalledSize="30622467" Version="10.0.17763.1">
      <SatelliteInfo>
        <ApplyToInfo>
          <ApplyTo Type="language" Value="ru-RU" />
        </ApplyToInfo>
      </SatelliteInfo>
      <Payload>
        <PayloadItem PayloadHash="VRmOuxeInmj5IeCzZcs7J10YBMOfue72vR53eT24hW0=" PayloadSize="95887" Path="FeaturesOnDemand\ru-ru\baseless\Microsoft-Windows-Server-AppCompat-FoD-Package~31bf3856ad364e35~AMD64~ru-ru~.cab" PayloadType="ExpressCab" />
        <PayloadItem PayloadHash="2Vhjdlam52DdBj5TgGtrE4Utuzdxw5VbFG/De/Fr7Wo=" PayloadSize="7150592" Path="FeaturesOnDemand\ru-ru\baseless\Microsoft-Windows-Server-AppCompat-FoD-Package~31bf3856ad364e35~AMD64~ru-ru~.psf" PayloadType="ExpressPSF" />
      </Payload>
    </Package>
    <Package ID="Microsoft-Windows-ServerManager-Tools-FoD-Package~31bf3856ad364e35~AMD64~ru-ru~" InstalledSize="12875943" Version="10.0.17763.1">
      <SatelliteInfo>
        <ApplyToInfo>
          <ApplyTo Type="language" Value="ru-RU" />
        </ApplyToInfo>
      </SatelliteInfo>
      <Payload>
        <PayloadItem PayloadHash="vcF1A1ogGGqLrGAZfTq1UgVMbL3s46ZgHax0HglbOsk=" PayloadSize="38327" Path="FeaturesOnDemand\ru-ru\baseless\Microsoft-Windows-ServerManager-Tools-FoD-Package~31bf3856ad364e35~AMD64~ru-ru~.cab" PayloadType="ExpressCab" />
        <PayloadItem PayloadHash="8wKZ8A9oV1AwjRKI6PLeOEdPtEIrNAs34IwoMKF67lg=" PayloadSize="2415830" Path="FeaturesOnDemand\ru-ru\baseless\Microsoft-Windows-ServerManager-Tools-FoD-Package~31bf3856ad364e35~AMD64~ru-ru~.psf" PayloadType="ExpressPSF" />
      </Payload>
    </Package>
    <Package ID="Microsoft-Windows-ServerManager-Tools-FoD-Package~31bf3856ad364e35~wow64~ru-ru~" InstalledSize="1350429" Version="10.0.17763.1">
      <SatelliteInfo>
        <ApplyToInfo>
          <ApplyTo Type="arch" Value="wow64" />
          <ApplyTo Type="language" Value="ru-RU" />
        </ApplyToInfo>
      </SatelliteInfo>
      <Payload>
        <PayloadItem PayloadHash="ZmbJM4DUnon5XHNhqAf0ZmNXbzk9Ml910fX5ymKkJAk=" PayloadSize="19879" Path="FeaturesOnDemand\ru-ru\baseless\Microsoft-Windows-ServerManager-Tools-FoD-Package~31bf3856ad364e35~wow64~ru-ru~.cab" PayloadType="ExpressCab" />
        <PayloadItem PayloadHash="NlJX8sNOwRwx9K7UjZeHFykLGhETRt4odh3el0/V5vk=" PayloadSize="377952" Path="FeaturesOnDemand\ru-ru\baseless\Microsoft-Windows-ServerManager-Tools-FoD-Package~31bf3856ad364e35~wow64~ru-ru~.psf" PayloadType="ExpressPSF" />
      </Payload>
    </Package>
    <Package ID="Microsoft-Windows-Shielded-VM-Tools-FoD-Package~31bf3856ad364e35~AMD64~ru-ru~" InstalledSize="524208" Version="10.0.17763.1">
      <SatelliteInfo>
        <ApplyToInfo>
          <ApplyTo Type="language" Value="ru-RU" />
        </ApplyToInfo>
      </SatelliteInfo>
      <Payload>
        <PayloadItem PayloadHash="p4/F0X10LU+OsOgqH4Z3zBMhLhJAZfK1DlSjC94pwn8=" PayloadSize="23925" Path="FeaturesOnDemand\ru-ru\baseless\Microsoft-Windows-Shielded-VM-Tools-FoD-Package~31bf3856ad364e35~AMD64~ru-ru~.cab" PayloadType="ExpressCab" />
        <PayloadItem PayloadHash="nDH8ZGdikHyvw/ipWqQycJixLo2jNcbQugkav4kUxfQ=" PayloadSize="199675" Path="FeaturesOnDemand\ru-ru\baseless\Microsoft-Windows-Shielded-VM-Tools-FoD-Package~31bf3856ad364e35~AMD64~ru-ru~.psf" PayloadType="ExpressPSF" />
      </Payload>
    </Package>
    <Package ID="Microsoft-Windows-SNMP-Client-Package~31bf3856ad364e35~AMD64~ru-ru~" InstalledSize="197057" Version="10.0.17763.1">
      <SatelliteInfo>
        <ApplyToInfo>
          <ApplyTo Type="language" Value="ru-RU" />
        </ApplyToInfo>
      </SatelliteInfo>
      <Payload>
        <PayloadItem PayloadHash="MC01sQ2g3WD+skFHvHWCW/OIyZH0tdA0Wml92Ct/6w8=" PayloadSize="21051" Path="FeaturesOnDemand\ru-ru\baseless\Microsoft-Windows-SNMP-Client-Package~31bf3856ad364e35~AMD64~ru-ru~.cab" PayloadType="ExpressCab" />
        <PayloadItem PayloadHash="EAGaLxzLnsl0qLEsZCi7KOWmcKrdPcf8V+NrTW3TBPQ=" PayloadSize="115649" Path="FeaturesOnDemand\ru-ru\baseless\Microsoft-Windows-SNMP-Client-Package~31bf3856ad364e35~AMD64~ru-ru~.psf" PayloadType="ExpressPSF" />
      </Payload>
    </Package>
    <Package ID="Microsoft-Windows-SNMP-Client-Package~31bf3856ad364e35~wow64~ru-ru~" InstalledSize="196560" Version="10.0.17763.1">
      <SatelliteInfo>
        <ApplyToInfo>
          <ApplyTo Type="arch" Value="wow64" />
          <ApplyTo Type="language" Value="ru-RU" />
        </ApplyToInfo>
      </SatelliteInfo>
      <Payload>
        <PayloadItem PayloadHash="RcGtmXbuUUADRb38FfhKn4mj0buIo9AHXhdK7drvALM=" PayloadSize="20595" Path="FeaturesOnDemand\ru-ru\baseless\Microsoft-Windows-SNMP-Client-Package~31bf3856ad364e35~wow64~ru-ru~.cab" PayloadType="ExpressCab" />
        <PayloadItem PayloadHash="SBvXuJrQiDxqFYZgf8IT3u8GI1xVTeYtHJZBkf/2i2k=" PayloadSize="115008" Path="FeaturesOnDemand\ru-ru\baseless\Microsoft-Windows-SNMP-Client-Package~31bf3856ad364e35~wow64~ru-ru~.psf" PayloadType="ExpressPSF" />
      </Payload>
    </Package>
    <Package ID="Microsoft-Windows-StorageManagement-FoD-Package~31bf3856ad364e35~AMD64~ru-ru~" InstalledSize="1678986" Version="10.0.17763.1">
      <SatelliteInfo>
        <ApplyToInfo>
          <ApplyTo Type="language" Value="ru-RU" />
        </ApplyToInfo>
      </SatelliteInfo>
      <Payload>
        <PayloadItem PayloadHash="b1aYn9a8mF5G+EwBGIArT7neJpbPPlz7mYEQ06rJUGk=" PayloadSize="21233" Path="FeaturesOnDemand\ru-ru\baseless\Microsoft-Windows-StorageManagement-FoD-Package~31bf3856ad364e35~AMD64~ru-ru~.cab" PayloadType="ExpressCab" />
        <PayloadItem PayloadHash="mMXMVHvWBGW9h9k+Fo4AYN4lXrxC04ZqeLQiD/sZqOY=" PayloadSize="218489" Path="FeaturesOnDemand\ru-ru\baseless\Microsoft-Windows-StorageManagement-FoD-Package~31bf3856ad364e35~AMD64~ru-ru~.psf" PayloadType="ExpressPSF" />
      </Payload>
    </Package>
    <Package ID="Microsoft-Windows-StorageManagement-FoD-Package~31bf3856ad364e35~wow64~ru-ru~" InstalledSize="1177647" Version="10.0.17763.1">
      <SatelliteInfo>
        <ApplyToInfo>
          <ApplyTo Type="arch" Value="wow64" />
          <ApplyTo Type="language" Value="ru-RU" />
        </ApplyToInfo>
      </SatelliteInfo>
      <Payload>
        <PayloadItem PayloadHash="Fh1sm/IOm7QqmwgjL/7Bpc2UPeQtgBg/h9J+GPQ4IP4=" PayloadSize="20245" Path="FeaturesOnDemand\ru-ru\baseless\Microsoft-Windows-StorageManagement-FoD-Package~31bf3856ad364e35~wow64~ru-ru~.cab" PayloadType="ExpressCab" />
        <PayloadItem PayloadHash="DAbwXz47gmJNp6KXZSTue5ZBtHFupu8zfitN5Nmrgvs=" PayloadSize="147865" Path="FeaturesOnDemand\ru-ru\baseless\Microsoft-Windows-StorageManagement-FoD-Package~31bf3856ad364e35~wow64~ru-ru~.psf" PayloadType="ExpressPSF" />
      </Payload>
    </Package>
    <Package ID="Microsoft-Windows-StorageMigrationService-Management-Tools-FOD-Package~31bf3856ad364e35~AMD64~ru-ru~" InstalledSize="89467" Version="10.0.17763.1">
      <SatelliteInfo>
        <ApplyToInfo>
          <ApplyTo Type="language" Value="ru-RU" />
        </ApplyToInfo>
      </SatelliteInfo>
      <Payload>
        <PayloadItem PayloadHash="0ZUCtnOdzciRFF9dbiaFqtDQ4vgKe3xQfRiDjg2Pr80=" PayloadSize="18985" Path="FeaturesOnDemand\ru-ru\baseless\Microsoft-Windows-StorageMigrationService-Management-Tools-FOD-Package~31bf3856ad364e35~AMD64~ru-ru~.cab" PayloadType="ExpressCab" />
        <PayloadItem PayloadHash="A2O0E6WWRtz7bglgn4egoxK3F/C+g+M5rBfMUCDWSLk=" PayloadSize="77302" Path="FeaturesOnDemand\ru-ru\baseless\Microsoft-Windows-StorageMigrationService-Management-Tools-FOD-Package~31bf3856ad364e35~AMD64~ru-ru~.psf" PayloadType="ExpressPSF" />
      </Payload>
    </Package>
    <Package ID="Microsoft-Windows-StorageReplica-Tools-FoD-Package~31bf3856ad364e35~AMD64~ru-ru~" InstalledSize="442127" Version="10.0.17763.1">
      <SatelliteInfo>
        <ApplyToInfo>
          <ApplyTo Type="language" Value="ru-RU" />
        </ApplyToInfo>
      </SatelliteInfo>
      <Payload>
        <PayloadItem PayloadHash="1vCfa7kDqH683Fhet9Y6vUAbCCdNZuGqY7WKC90eD9Q=" PayloadSize="19135" Path="FeaturesOnDemand\ru-ru\baseless\Microsoft-Windows-StorageReplica-Tools-FoD-Package~31bf3856ad364e35~AMD64~ru-ru~.cab" PayloadType="ExpressCab" />
        <PayloadItem PayloadHash="Ok/CGT382pF7hfta5XUXRJPARsictW5Y1GQcIIvsOaA=" PayloadSize="123690" Path="FeaturesOnDemand\ru-ru\baseless\Microsoft-Windows-StorageReplica-Tools-FoD-Package~31bf3856ad364e35~AMD64~ru-ru~.psf" PayloadType="ExpressPSF" />
      </Payload>
    </Package>
    <Package ID="Microsoft-Windows-SystemInsights-Management-Tools-FOD-Package~31bf3856ad364e35~AMD64~ru-ru~" InstalledSize="66435" Version="10.0.17763.1">
      <SatelliteInfo>
        <ApplyToInfo>
          <ApplyTo Type="language" Value="ru-RU" />
        </ApplyToInfo>
      </SatelliteInfo>
      <Payload>
        <PayloadItem PayloadHash="4rpnduCAEws9Jy/CJcD8GWzs/a7vPlrUDBAQuTe56Qk=" PayloadSize="18961" Path="FeaturesOnDemand\ru-ru\baseless\Microsoft-Windows-SystemInsights-Management-Tools-FOD-Package~31bf3856ad364e35~AMD64~ru-ru~.cab" PayloadType="ExpressCab" />
        <PayloadItem PayloadHash="JSC49RvP0oWQZlfYynfts6xhAiBuvfL2qJIAAe2MFG4=" PayloadSize="73593" Path="FeaturesOnDemand\ru-ru\baseless\Microsoft-Windows-SystemInsights-Management-Tools-FOD-Package~31bf3856ad364e35~AMD64~ru-ru~.psf" PayloadType="ExpressPSF" />
      </Payload>
    </Package>
    <Package ID="Microsoft-Windows-VolumeActivation-Tools-FoD-Package~31bf3856ad364e35~AMD64~ru-ru~" InstalledSize="256190" Version="10.0.17763.1">
      <SatelliteInfo>
        <ApplyToInfo>
          <ApplyTo Type="language" Value="ru-RU" />
        </ApplyToInfo>
      </SatelliteInfo>
      <Payload>
        <PayloadItem PayloadHash="wwB285mU8wBPCeMqX3pCDyLeL4rBeDPPmYMMNDHb0pI=" PayloadSize="18649" Path="FeaturesOnDemand\ru-ru\baseless\Microsoft-Windows-VolumeActivation-Tools-FoD-Package~31bf3856ad364e35~AMD64~ru-ru~.cab" PayloadType="ExpressCab" />
        <PayloadItem PayloadHash="BBJNb/v+iERcgNW1tj6Y9OjOKEW92fYJD7Dwquapudo=" PayloadSize="185159" Path="FeaturesOnDemand\ru-ru\baseless\Microsoft-Windows-VolumeActivation-Tools-FoD-Package~31bf3856ad364e35~AMD64~ru-ru~.psf" PayloadType="ExpressPSF" />
      </Payload>
    </Package>
    <Package ID="Microsoft-Windows-WMI-SNMP-Provider-Client-Package~31bf3856ad364e35~AMD64~ru-ru~" InstalledSize="76284" Version="10.0.17763.1">
      <SatelliteInfo>
        <ApplyToInfo>
          <ApplyTo Type="language" Value="ru-RU" />
        </ApplyToInfo>
      </SatelliteInfo>
      <Payload>
        <PayloadItem PayloadHash="A2bAWEwbfKU8UlE7zNx7JOMUyngy4LTbWCsU2qkEMys=" PayloadSize="19287" Path="FeaturesOnDemand\ru-ru\baseless\Microsoft-Windows-WMI-SNMP-Provider-Client-Package~31bf3856ad364e35~AMD64~ru-ru~.cab" PayloadType="ExpressCab" />
        <PayloadItem PayloadHash="BdsF7t5vKu8E5UDT1yigWk2iOqD45NT7WPhGom631Cs=" PayloadSize="76455" Path="FeaturesOnDemand\ru-ru\baseless\Microsoft-Windows-WMI-SNMP-Provider-Client-Package~31bf3856ad364e35~AMD64~ru-ru~.psf" PayloadType="ExpressPSF" />
      </Payload>
    </Package>
    <Package ID="Microsoft-Windows-WMI-SNMP-Provider-Client-Package~31bf3856ad364e35~wow64~ru-ru~" InstalledSize="76366" Version="10.0.17763.1">
      <SatelliteInfo>
        <ApplyToInfo>
          <ApplyTo Type="arch" Value="wow64" />
          <ApplyTo Type="language" Value="ru-RU" />
        </ApplyToInfo>
      </SatelliteInfo>
      <Payload>
        <PayloadItem PayloadHash="oiBbgelVr3ikSSYiCEl6GnwDLHBzwp8EHer+DVQ+6+w=" PayloadSize="19291" Path="FeaturesOnDemand\ru-ru\baseless\Microsoft-Windows-WMI-SNMP-Provider-Client-Package~31bf3856ad364e35~wow64~ru-ru~.cab" PayloadType="ExpressCab" />
        <PayloadItem PayloadHash="mLLh9eM8O2lG2uBeE8cxKO16AXJL24uOL/etEpHqtjM=" PayloadSize="76623" Path="FeaturesOnDemand\ru-ru\baseless\Microsoft-Windows-WMI-SNMP-Provider-Client-Package~31bf3856ad364e35~wow64~ru-ru~.psf" PayloadType="ExpressPSF" />
      </Payload>
    </Package>
    <Package ID="Microsoft-Windows-WSUS-Tools-FoD-Package~31bf3856ad364e35~AMD64~ru-ru~" InstalledSize="3082484" Version="10.0.17763.1">
      <SatelliteInfo>
        <ApplyToInfo>
          <ApplyTo Type="language" Value="ru-RU" />
        </ApplyToInfo>
      </SatelliteInfo>
      <Payload>
        <PayloadItem PayloadHash="341YCmcLtE2g7Mk7KifWRZ/hUzC/lQUyNzVnloyIXn8=" PayloadSize="19969" Path="FeaturesOnDemand\ru-ru\baseless\Microsoft-Windows-WSUS-Tools-FoD-Package~31bf3856ad364e35~AMD64~ru-ru~.cab" PayloadType="ExpressCab" />
        <PayloadItem PayloadHash="8XDXozw4MfJ5n4KFqOVSy5PHxNwVT1LxFFEnq7MeWVM=" PayloadSize="408616" Path="FeaturesOnDemand\ru-ru\baseless\Microsoft-Windows-WSUS-Tools-FoD-Package~31bf3856ad364e35~AMD64~ru-ru~.psf" PayloadType="ExpressPSF" />
      </Payload>
    </Package>
  </Packages>
</CompDB>