<?xml version="1.0" encoding="utf-8"?>
<CompDB xmlns:xsi="http://www.w3.org/2001/XMLSchema-instance" xmlns:xsd="http://www.w3.org/2001/XMLSchema" CreatedDate="2018-11-16T01:37:45.1157946Z" Revision="1" SchemaVersion="1.2" Product="Desktop" BuildID="80154b57-1148-3590-c1b9-d2ce93ee1fac" BuildInfo="rs5_release.17763.1.180914-1434" OSVersion="10.0.17763.1" BuildArch="amd64" ReleaseType="Production" Type="Baseless" xmlns="http://schemas.microsoft.com/embedded/2004/10/ImageUpdate">
  <Tags Type="Language">
    <Tag Name="Language" Value="zh-CN" />
    <Tag Name="UpdateType" Value="Baseless" />
  </Tags>
  <Features>
    <Feature Type="LanguagePack" FeatureID="Language.UI.Server~zh-cn" FMID="MSDL" Group="Microsoft">
      <Packages>
        <Package ID="Microsoft-Windows-Server-LanguagePack-Package_zh-cn~31bf3856ad364e35~amd64~zh-cn~" PackageType="FeaturePackage" />
      </Packages>
    </Feature>
    <Feature Type="OnDemandFeature" FeatureID="Microsoft.Onecore.StorageManagement~~1.0" FMID="MSDN" Group="Microsoft">
      <Packages>
        <Package ID="Microsoft-OneCore-StorageManagement-FoD-Package~31bf3856ad364e35~AMD64~zh-cn~" PackageType="SatellitePackage" />
        <Package ID="Microsoft-OneCore-StorageManagement-FoD-Package~31bf3856ad364e35~wow64~zh-cn~" PackageType="SatellitePackage" />
      </Packages>
    </Feature>
    <Feature Type="OnDemandFeature" FeatureID="Rsat.ActiveDirectory.DS-LDS.Tools~~1.0" FMID="MSDN" Group="Microsoft">
      <Dependencies>
        <Feature FeatureID="Rsat.ServerManager.Tools~~1.0" />
      </Dependencies>
      <Packages>
        <Package ID="Microsoft-Windows-ActiveDirectory-DS-LDS-Tools-FoD-Package~31bf3856ad364e35~AMD64~zh-cn~" PackageType="SatellitePackage" />
        <Package ID="Microsoft-Windows-ActiveDirectory-DS-LDS-Tools-FoD-Package~31bf3856ad364e35~wow64~zh-cn~" PackageType="SatellitePackage" />
      </Packages>
    </Feature>
    <Feature Type="OnDemandFeature" FeatureID="Rsat.BitLocker.Recovery.Tools~~1.0" FMID="MSDN" Group="Microsoft">
      <Dependencies>
        <Feature FeatureID="Rsat.ActiveDirectory.DS-LDS.Tools~~1.0" />
      </Dependencies>
      <Packages>
        <Package ID="Microsoft-Windows-BitLocker-Recovery-Tools-FoD-Package~31bf3856ad364e35~AMD64~zh-cn~" PackageType="SatellitePackage" />
      </Packages>
    </Feature>
    <Feature Type="OnDemandFeature" FeatureID="Rsat.CertificateServices.Tools~~1.0" FMID="MSDN" Group="Microsoft">
      <Packages>
        <Package ID="Microsoft-Windows-CertificateServices-Tools-FoD-Package~31bf3856ad364e35~AMD64~zh-cn~" PackageType="SatellitePackage" />
      </Packages>
    </Feature>
    <Feature Type="OnDemandFeature" FeatureID="Rsat.DHCP.Tools~~1.0" FMID="MSDN" Group="Microsoft">
      <Packages>
        <Package ID="Microsoft-Windows-DHCP-Tools-FoD-Package~31bf3856ad364e35~AMD64~zh-cn~" PackageType="SatellitePackage" />
        <Package ID="Microsoft-Windows-DHCP-Tools-FoD-Package~31bf3856ad364e35~wow64~zh-cn~" PackageType="SatellitePackage" />
      </Packages>
    </Feature>
    <Feature Type="OnDemandFeature" FeatureID="Rsat.Dns.Tools~~1.0" FMID="MSDN" Group="Microsoft">
      <Packages>
        <Package ID="Microsoft-Windows-DNS-Tools-FoD-Package~31bf3856ad364e35~AMD64~zh-cn~" PackageType="SatellitePackage" />
        <Package ID="Microsoft-Windows-DNS-Tools-FoD-Package~31bf3856ad364e35~wow64~zh-cn~" PackageType="SatellitePackage" />
      </Packages>
    </Feature>
    <Feature Type="OnDemandFeature" FeatureID="Rsat.FailoverCluster.Management.Tools~~1.0" FMID="MSDN" Group="Microsoft">
      <Dependencies>
        <Feature FeatureID="Rsat.FileServices.Tools~~1.0" />
      </Dependencies>
      <Packages>
        <Package ID="Microsoft-Windows-FailoverCluster-Management-Tools-FOD-Package~31bf3856ad364e35~AMD64~zh-cn~" PackageType="SatellitePackage" />
        <Package ID="Microsoft-Windows-FailoverCluster-Management-Tools-FOD-Package~31bf3856ad364e35~wow64~zh-cn~" PackageType="SatellitePackage" />
      </Packages>
    </Feature>
    <Feature Type="OnDemandFeature" FeatureID="Rsat.FileServices.Tools~~1.0" FMID="MSDN" Group="Microsoft">
      <Dependencies>
        <Feature FeatureID="Rsat.ServerManager.Tools~~1.0" />
      </Dependencies>
      <Packages>
        <Package ID="Microsoft-Windows-FileServices-Tools-FoD-Package~31bf3856ad364e35~AMD64~zh-cn~" PackageType="SatellitePackage" />
        <Package ID="Microsoft-Windows-FileServices-Tools-FoD-Package~31bf3856ad364e35~wow64~zh-cn~" PackageType="SatellitePackage" />
      </Packages>
    </Feature>
    <Feature Type="OnDemandFeature" FeatureID="Rsat.GroupPolicy.Management.Tools~~1.0" FMID="MSDN" Group="Microsoft">
      <Packages>
        <Package ID="Microsoft-Windows-GroupPolicy-Management-Tools-FoD-Package~31bf3856ad364e35~AMD64~zh-cn~" PackageType="SatellitePackage" />
        <Package ID="Microsoft-Windows-GroupPolicy-Management-Tools-FoD-Package~31bf3856ad364e35~wow64~zh-cn~" PackageType="SatellitePackage" />
      </Packages>
    </Feature>
    <Feature Type="OnDemandFeature" FeatureID="Rsat.IPAM.Client.Tools~~1.0" FMID="MSDN" Group="Microsoft">
      <Dependencies>
        <Feature FeatureID="Rsat.ServerManager.Tools~~1.0" />
      </Dependencies>
      <Packages>
        <Package ID="Microsoft-Windows-IPAM-Client-FoD-Package~31bf3856ad364e35~AMD64~zh-cn~" PackageType="SatellitePackage" />
        <Package ID="Microsoft-Windows-IPAM-Client-FoD-Package~31bf3856ad364e35~wow64~zh-cn~" PackageType="SatellitePackage" />
      </Packages>
    </Feature>
    <Feature Type="OnDemandFeature" FeatureID="Rsat.NetworkController.Tools~~1.0" FMID="MSDN" Group="Microsoft">
      <Packages>
        <Package ID="Microsoft-Windows-NetworkController-Tools-FoD-Package~31bf3856ad364e35~AMD64~zh-cn~" PackageType="SatellitePackage" />
      </Packages>
    </Feature>
    <Feature Type="OnDemandFeature" FeatureID="Rsat.NetworkLoadBalancing.Tools~~1.0" FMID="MSDN" Group="Microsoft">
      <Packages>
        <Package ID="Microsoft-Windows-NetworkLoadBalancing-Tools-FoD-Package~31bf3856ad364e35~AMD64~zh-cn~" PackageType="SatellitePackage" />
      </Packages>
    </Feature>
    <Feature Type="OnDemandFeature" FeatureID="RasCMAK.Client~~1.0" FMID="MSDN" Group="Microsoft">
      <Packages>
        <Package ID="Microsoft-Windows-RasCMAK-Client-Package~31bf3856ad364e35~AMD64~zh-cn~" PackageType="SatellitePackage" />
        <Package ID="Microsoft-Windows-RasCMAK-Client-Package~31bf3856ad364e35~wow64~zh-cn~" PackageType="SatellitePackage" />
      </Packages>
    </Feature>
    <Feature Type="OnDemandFeature" FeatureID="RIP.Listener~~1.0" FMID="MSDN" Group="Microsoft">
      <Packages>
        <Package ID="Microsoft-Windows-RasRip-Package~31bf3856ad364e35~AMD64~zh-cn~" PackageType="SatellitePackage" />
      </Packages>
    </Feature>
    <Feature Type="OnDemandFeature" FeatureID="Rsat.RemoteAccess.Management.Tools~~1.0" FMID="MSDN" Group="Microsoft">
      <Dependencies>
        <Feature FeatureID="Rsat.GroupPolicy.Management.Tools~~1.0" />
        <Feature FeatureID="Rsat.ServerManager.Tools~~1.0" />
      </Dependencies>
      <Packages>
        <Package ID="Microsoft-Windows-RemoteAccess-Management-Tools-FoD-Package~31bf3856ad364e35~AMD64~zh-cn~" PackageType="SatellitePackage" />
        <Package ID="Microsoft-Windows-RemoteAccess-Management-Tools-FoD-Package~31bf3856ad364e35~wow64~zh-cn~" PackageType="SatellitePackage" />
      </Packages>
    </Feature>
    <Feature Type="OnDemandFeature" FeatureID="Rsat.RemoteDesktop.Services.Tools~~1.0" FMID="MSDN" Group="Microsoft">
      <Packages>
        <Package ID="Microsoft-Windows-RemoteDesktop-Services-Tools-FoD-Package~31bf3856ad364e35~AMD64~zh-cn~" PackageType="SatellitePackage" />
      </Packages>
    </Feature>
    <Feature Type="OnDemandFeature" FeatureID="ServerCore.AppCompatibility~~1.0" FMID="MSDN" Group="Microsoft">
      <Packages>
        <Package ID="Microsoft-Windows-Server-AppCompat-FoD-Package~31bf3856ad364e35~AMD64~zh-cn~" PackageType="SatellitePackage" />
      </Packages>
    </Feature>
    <Feature Type="OnDemandFeature" FeatureID="Rsat.ServerManager.Tools~~1.0" FMID="MSDN" Group="Microsoft">
      <Packages>
        <Package ID="Microsoft-Windows-ServerManager-Tools-FoD-Package~31bf3856ad364e35~AMD64~zh-cn~" PackageType="SatellitePackage" />
        <Package ID="Microsoft-Windows-ServerManager-Tools-FoD-Package~31bf3856ad364e35~wow64~zh-cn~" PackageType="SatellitePackage" />
      </Packages>
    </Feature>
    <Feature Type="OnDemandFeature" FeatureID="Rsat.Shielded.VM.Tools~~1.0" FMID="MSDN" Group="Microsoft">
      <Dependencies>
        <Feature FeatureID="Rsat.ServerManager.Tools~~1.0" />
      </Dependencies>
      <Packages>
        <Package ID="Microsoft-Windows-Shielded-VM-Tools-FoD-Package~31bf3856ad364e35~AMD64~zh-cn~" PackageType="SatellitePackage" />
      </Packages>
    </Feature>
    <Feature Type="OnDemandFeature" FeatureID="SNMP.Client~~1.0" FMID="MSDN" Group="Microsoft">
      <Packages>
        <Package ID="Microsoft-Windows-SNMP-Client-Package~31bf3856ad364e35~AMD64~zh-cn~" PackageType="SatellitePackage" />
        <Package ID="Microsoft-Windows-SNMP-Client-Package~31bf3856ad364e35~wow64~zh-cn~" PackageType="SatellitePackage" />
      </Packages>
    </Feature>
    <Feature Type="OnDemandFeature" FeatureID="Microsoft.Windows.StorageManagement~~1.0" FMID="MSDN" Group="Microsoft">
      <Packages>
        <Package ID="Microsoft-Windows-StorageManagement-FoD-Package~31bf3856ad364e35~AMD64~zh-cn~" PackageType="SatellitePackage" />
        <Package ID="Microsoft-Windows-StorageManagement-FoD-Package~31bf3856ad364e35~wow64~zh-cn~" PackageType="SatellitePackage" />
      </Packages>
    </Feature>
    <Feature Type="OnDemandFeature" FeatureID="Rsat.StorageMigrationService.Management.Tools~~1.0" FMID="MSDN" Group="Microsoft">
      <Packages>
        <Package ID="Microsoft-Windows-StorageMigrationService-Management-Tools-FOD-Package~31bf3856ad364e35~AMD64~zh-cn~" PackageType="SatellitePackage" />
      </Packages>
    </Feature>
    <Feature Type="OnDemandFeature" FeatureID="Rsat.StorageReplica.Tools~~1.0" FMID="MSDN" Group="Microsoft">
      <Packages>
        <Package ID="Microsoft-Windows-StorageReplica-Tools-FoD-Package~31bf3856ad364e35~AMD64~zh-cn~" PackageType="SatellitePackage" />
      </Packages>
    </Feature>
    <Feature Type="OnDemandFeature" FeatureID="Rsat.SystemInsights.Management.Tools~~1.0" FMID="MSDN" Group="Microsoft">
      <Packages>
        <Package ID="Microsoft-Windows-SystemInsights-Management-Tools-FOD-Package~31bf3856ad364e35~AMD64~zh-cn~" PackageType="SatellitePackage" />
      </Packages>
    </Feature>
    <Feature Type="OnDemandFeature" FeatureID="Rsat.VolumeActivation.Tools~~1.0" FMID="MSDN" Group="Microsoft">
      <Packages>
        <Package ID="Microsoft-Windows-VolumeActivation-Tools-FoD-Package~31bf3856ad364e35~AMD64~zh-cn~" PackageType="SatellitePackage" />
      </Packages>
    </Feature>
    <Feature Type="OnDemandFeature" FeatureID="WMI-SNMP-Provider.Client~~1.0" FMID="MSDN" Group="Microsoft">
      <Dependencies>
        <Feature FeatureID="SNMP.Client~~1.0" />
      </Dependencies>
      <Packages>
        <Package ID="Microsoft-Windows-WMI-SNMP-Provider-Client-Package~31bf3856ad364e35~AMD64~zh-cn~" PackageType="SatellitePackage" />
        <Package ID="Microsoft-Windows-WMI-SNMP-Provider-Client-Package~31bf3856ad364e35~wow64~zh-cn~" PackageType="SatellitePackage" />
      </Packages>
    </Feature>
    <Feature Type="OnDemandFeature" FeatureID="Rsat.WSUS.Tools~~1.0" FMID="MSDN" Group="Microsoft">
      <Packages>
        <Package ID="Microsoft-Windows-WSUS-Tools-FoD-Package~31bf3856ad364e35~AMD64~zh-cn~" PackageType="SatellitePackage" />
      </Packages>
    </Feature>
  </Features>
  <Packages>
    <Package ID="Microsoft-Windows-Server-LanguagePack-Package_zh-cn~31bf3856ad364e35~amd64~zh-cn~" InstalledSize="1255377259" Version="10.0.17763.1">
      <SatelliteInfo>
        <DeclareInfo>
          <Declare Type="language" Value="zh-CN" />
        </DeclareInfo>
      </SatelliteInfo>
      <Payload>
        <PayloadItem PayloadHash="6BGdJJyOryY2JzZIoCKcZIeryW3X2m+Uw7vhwVZX5+o=" PayloadSize="1728381" Path="UUP\Desktop\editionpackages\Server\zh-cn\baseless\Microsoft-Windows-Server-LanguagePack-Package_zh-cn~31bf3856ad364e35~amd64~zh-cn~.cab" PayloadType="ExpressCab" />
        <PayloadItem PayloadHash="QiQNyghGdNhy5Xqdp+baF05qkfeXotScPEiJazbUmRQ=" PayloadSize="88598958" Path="UUP\Desktop\editionpackages\Server\zh-cn\baseless\Microsoft-Windows-Server-LanguagePack-Package_zh-cn~31bf3856ad364e35~amd64~zh-cn~.psf" PayloadType="ExpressPSF" />
      </Payload>
    </Package>
    <Package ID="Microsoft-OneCore-StorageManagement-FoD-Package~31bf3856ad364e35~AMD64~zh-cn~" InstalledSize="1989903" Version="10.0.17763.1">
      <SatelliteInfo>
        <ApplyToInfo>
          <ApplyTo Type="language" Value="zh-CN" />
        </ApplyToInfo>
      </SatelliteInfo>
      <Payload>
        <PayloadItem PayloadHash="dSFMaxp1cUWWkmf0eDkzoIz6JeXkNF3JYlItsncpSKY=" PayloadSize="20955" Path="FeaturesOnDemand\zh-cn\baseless\Microsoft-OneCore-StorageManagement-FoD-Package~31bf3856ad364e35~AMD64~zh-cn~.cab" PayloadType="ExpressCab" />
        <PayloadItem PayloadHash="yZ81md2h74RPRnpiv26vMxb78aBDzcHEFwaYz0FX8nw=" PayloadSize="214343" Path="FeaturesOnDemand\zh-cn\baseless\Microsoft-OneCore-StorageManagement-FoD-Package~31bf3856ad364e35~AMD64~zh-cn~.psf" PayloadType="ExpressPSF" />
      </Payload>
    </Package>
    <Package ID="Microsoft-OneCore-StorageManagement-FoD-Package~31bf3856ad364e35~wow64~zh-cn~" InstalledSize="1098806" Version="10.0.17763.1">
      <SatelliteInfo>
        <ApplyToInfo>
          <ApplyTo Type="arch" Value="wow64" />
          <ApplyTo Type="language" Value="zh-CN" />
        </ApplyToInfo>
      </SatelliteInfo>
      <Payload>
        <PayloadItem PayloadHash="lQ7Cj9nZ0F1glLtIMqW2LfiQ1z3TwFs1Zm3bEW+QbNE=" PayloadSize="18997" Path="FeaturesOnDemand\zh-cn\baseless\Microsoft-OneCore-StorageManagement-FoD-Package~31bf3856ad364e35~wow64~zh-cn~.cab" PayloadType="ExpressCab" />
        <PayloadItem PayloadHash="kxiI4lRmg8Fvcj5Die42GjigaVhvcRK/1OCNU3VkYIQ=" PayloadSize="119366" Path="FeaturesOnDemand\zh-cn\baseless\Microsoft-OneCore-StorageManagement-FoD-Package~31bf3856ad364e35~wow64~zh-cn~.psf" PayloadType="ExpressPSF" />
      </Payload>
    </Package>
    <Package ID="Microsoft-Windows-ActiveDirectory-DS-LDS-Tools-FoD-Package~31bf3856ad364e35~AMD64~zh-cn~" InstalledSize="6439139" Version="10.0.17763.1">
      <SatelliteInfo>
        <ApplyToInfo>
          <ApplyTo Type="language" Value="zh-CN" />
        </ApplyToInfo>
      </SatelliteInfo>
      <Payload>
        <PayloadItem PayloadHash="FufLXY8mjnLSHAn5/mFpbbloM8UBsgWu6KkM7OyupFA=" PayloadSize="32083" Path="FeaturesOnDemand\zh-cn\baseless\Microsoft-Windows-ActiveDirectory-DS-LDS-Tools-FoD-Package~31bf3856ad364e35~AMD64~zh-cn~.cab" PayloadType="ExpressCab" />
        <PayloadItem PayloadHash="XSKi7JNMoipz4IPsoCP5DYHti3PZgFlfyzYe5Ta3WF0=" PayloadSize="1177354" Path="FeaturesOnDemand\zh-cn\baseless\Microsoft-Windows-ActiveDirectory-DS-LDS-Tools-FoD-Package~31bf3856ad364e35~AMD64~zh-cn~.psf" PayloadType="ExpressPSF" />
      </Payload>
    </Package>
    <Package ID="Microsoft-Windows-ActiveDirectory-DS-LDS-Tools-FoD-Package~31bf3856ad364e35~wow64~zh-cn~" InstalledSize="734461" Version="10.0.17763.1">
      <SatelliteInfo>
        <ApplyToInfo>
          <ApplyTo Type="arch" Value="wow64" />
          <ApplyTo Type="language" Value="zh-CN" />
        </ApplyToInfo>
      </SatelliteInfo>
      <Payload>
        <PayloadItem PayloadHash="Jg8BrY2IqIaD3hcjczQfKku0UK3OaOVvATOY86OtC3g=" PayloadSize="20059" Path="FeaturesOnDemand\zh-cn\baseless\Microsoft-Windows-ActiveDirectory-DS-LDS-Tools-FoD-Package~31bf3856ad364e35~wow64~zh-cn~.cab" PayloadType="ExpressCab" />
        <PayloadItem PayloadHash="h094sYX5n7yC+ARk1D+t7Vz5Zpszd13DQQd4SAEw6TM=" PayloadSize="162108" Path="FeaturesOnDemand\zh-cn\baseless\Microsoft-Windows-ActiveDirectory-DS-LDS-Tools-FoD-Package~31bf3856ad364e35~wow64~zh-cn~.psf" PayloadType="ExpressPSF" />
      </Payload>
    </Package>
    <Package ID="Microsoft-Windows-BitLocker-Recovery-Tools-FoD-Package~31bf3856ad364e35~AMD64~zh-cn~" InstalledSize="49684" Version="10.0.17763.1">
      <SatelliteInfo>
        <ApplyToInfo>
          <ApplyTo Type="language" Value="zh-CN" />
        </ApplyToInfo>
      </SatelliteInfo>
      <Payload>
        <PayloadItem PayloadHash="xf6B2bTZtdsBx99eePRnVDDjdiAZmJg9aW8VGl1t8q8=" PayloadSize="18791" Path="FeaturesOnDemand\zh-cn\baseless\Microsoft-Windows-BitLocker-Recovery-Tools-FoD-Package~31bf3856ad364e35~AMD64~zh-cn~.cab" PayloadType="ExpressCab" />
        <PayloadItem PayloadHash="An+8vMXKNp3D6i5dNQTlt+uMMQ3w1IDiCnqt68d3Zlk=" PayloadSize="70350" Path="FeaturesOnDemand\zh-cn\baseless\Microsoft-Windows-BitLocker-Recovery-Tools-FoD-Package~31bf3856ad364e35~AMD64~zh-cn~.psf" PayloadType="ExpressPSF" />
      </Payload>
    </Package>
    <Package ID="Microsoft-Windows-CertificateServices-Tools-FoD-Package~31bf3856ad364e35~AMD64~zh-cn~" InstalledSize="942287" Version="10.0.17763.1">
      <SatelliteInfo>
        <ApplyToInfo>
          <ApplyTo Type="language" Value="zh-CN" />
        </ApplyToInfo>
      </SatelliteInfo>
      <Payload>
        <PayloadItem PayloadHash="PuZxEaNwhT8jUcgHq97uDCFcgddYUo/yQclUJ2zgFT0=" PayloadSize="21201" Path="FeaturesOnDemand\zh-cn\baseless\Microsoft-Windows-CertificateServices-Tools-FoD-Package~31bf3856ad364e35~AMD64~zh-cn~.cab" PayloadType="ExpressCab" />
        <PayloadItem PayloadHash="BV82S4V9iGTL+DZHPg9W107PXfadEVClGEDUprzPFKA=" PayloadSize="203468" Path="FeaturesOnDemand\zh-cn\baseless\Microsoft-Windows-CertificateServices-Tools-FoD-Package~31bf3856ad364e35~AMD64~zh-cn~.psf" PayloadType="ExpressPSF" />
      </Payload>
    </Package>
    <Package ID="Microsoft-Windows-DHCP-Tools-FoD-Package~31bf3856ad364e35~AMD64~zh-cn~" InstalledSize="1903853" Version="10.0.17763.1">
      <SatelliteInfo>
        <ApplyToInfo>
          <ApplyTo Type="language" Value="zh-CN" />
        </ApplyToInfo>
      </SatelliteInfo>
      <Payload>
        <PayloadItem PayloadHash="tj7QeSVyYtF4afpLs5mvXdX7k2dwTE7yqbhDiDUVwqQ=" PayloadSize="20189" Path="FeaturesOnDemand\zh-cn\baseless\Microsoft-Windows-DHCP-Tools-FoD-Package~31bf3856ad364e35~AMD64~zh-cn~.cab" PayloadType="ExpressCab" />
        <PayloadItem PayloadHash="VvAwxNLRmQKwr9z8yChdnAOUQTy3+tltviLKTQO2Qnw=" PayloadSize="243635" Path="FeaturesOnDemand\zh-cn\baseless\Microsoft-Windows-DHCP-Tools-FoD-Package~31bf3856ad364e35~AMD64~zh-cn~.psf" PayloadType="ExpressPSF" />
      </Payload>
    </Package>
    <Package ID="Microsoft-Windows-DHCP-Tools-FoD-Package~31bf3856ad364e35~wow64~zh-cn~" InstalledSize="745737" Version="10.0.17763.1">
      <SatelliteInfo>
        <ApplyToInfo>
          <ApplyTo Type="arch" Value="wow64" />
          <ApplyTo Type="language" Value="zh-CN" />
        </ApplyToInfo>
      </SatelliteInfo>
      <Payload>
        <PayloadItem PayloadHash="qTozKMhv424eE/9ZdZTBKtSVZMdnD2RXP8VeZOYVrO0=" PayloadSize="19063" Path="FeaturesOnDemand\zh-cn\baseless\Microsoft-Windows-DHCP-Tools-FoD-Package~31bf3856ad364e35~wow64~zh-cn~.cab" PayloadType="ExpressCab" />
        <PayloadItem PayloadHash="T5ct1lF0ypO1AB2br63faata1gq5k+tbqBgYtVXW6ko=" PayloadSize="134548" Path="FeaturesOnDemand\zh-cn\baseless\Microsoft-Windows-DHCP-Tools-FoD-Package~31bf3856ad364e35~wow64~zh-cn~.psf" PayloadType="ExpressPSF" />
      </Payload>
    </Package>
    <Package ID="Microsoft-Windows-DNS-Tools-FoD-Package~31bf3856ad364e35~AMD64~zh-cn~" InstalledSize="1714715" Version="10.0.17763.1">
      <SatelliteInfo>
        <ApplyToInfo>
          <ApplyTo Type="language" Value="zh-CN" />
        </ApplyToInfo>
      </SatelliteInfo>
      <Payload>
        <PayloadItem PayloadHash="mJK8U8HgzQ+syA9FH6c1ijcvyoiDsXeFzReDNP1Ye7M=" PayloadSize="20481" Path="FeaturesOnDemand\zh-cn\baseless\Microsoft-Windows-DNS-Tools-FoD-Package~31bf3856ad364e35~AMD64~zh-cn~.cab" PayloadType="ExpressCab" />
        <PayloadItem PayloadHash="asJqZGrS5bZnw3VtboxsW9E///Y8kumJd1mGY2M7sTo=" PayloadSize="263586" Path="FeaturesOnDemand\zh-cn\baseless\Microsoft-Windows-DNS-Tools-FoD-Package~31bf3856ad364e35~AMD64~zh-cn~.psf" PayloadType="ExpressPSF" />
      </Payload>
    </Package>
    <Package ID="Microsoft-Windows-DNS-Tools-FoD-Package~31bf3856ad364e35~wow64~zh-cn~" InstalledSize="32740" Version="10.0.17763.1">
      <SatelliteInfo>
        <ApplyToInfo>
          <ApplyTo Type="arch" Value="wow64" />
          <ApplyTo Type="language" Value="zh-CN" />
        </ApplyToInfo>
      </SatelliteInfo>
      <Payload>
        <PayloadItem PayloadHash="Hnt9IHLmELXYnsCq8b0AjdGFlj6gSbe5AiGLQNm0jwQ=" PayloadSize="18603" Path="FeaturesOnDemand\zh-cn\baseless\Microsoft-Windows-DNS-Tools-FoD-Package~31bf3856ad364e35~wow64~zh-cn~.cab" PayloadType="ExpressCab" />
        <PayloadItem PayloadHash="swqgfBAMwQBtjc3HXW2pAlOSbVGS3XLFDALycOLRLes=" PayloadSize="61237" Path="FeaturesOnDemand\zh-cn\baseless\Microsoft-Windows-DNS-Tools-FoD-Package~31bf3856ad364e35~wow64~zh-cn~.psf" PayloadType="ExpressPSF" />
      </Payload>
    </Package>
    <Package ID="Microsoft-Windows-FailoverCluster-Management-Tools-FOD-Package~31bf3856ad364e35~AMD64~zh-cn~" InstalledSize="8878897" Version="10.0.17763.1">
      <SatelliteInfo>
        <ApplyToInfo>
          <ApplyTo Type="language" Value="zh-CN" />
        </ApplyToInfo>
      </SatelliteInfo>
      <Payload>
        <PayloadItem PayloadHash="NUaIAmuJK7vHIL9LY2kF3k+khkN30BbJNVfKcQNsgQg=" PayloadSize="27043" Path="FeaturesOnDemand\zh-cn\baseless\Microsoft-Windows-FailoverCluster-Management-Tools-FOD-Package~31bf3856ad364e35~AMD64~zh-cn~.cab" PayloadType="ExpressCab" />
        <PayloadItem PayloadHash="r5VJXs6dgvM1CFujIXxtvR/reXm7EWABF85aHX3Ufig=" PayloadSize="2469891" Path="FeaturesOnDemand\zh-cn\baseless\Microsoft-Windows-FailoverCluster-Management-Tools-FOD-Package~31bf3856ad364e35~AMD64~zh-cn~.psf" PayloadType="ExpressPSF" />
      </Payload>
    </Package>
    <Package ID="Microsoft-Windows-FailoverCluster-Management-Tools-FOD-Package~31bf3856ad364e35~wow64~zh-cn~" InstalledSize="125539" Version="10.0.17763.1">
      <SatelliteInfo>
        <ApplyToInfo>
          <ApplyTo Type="arch" Value="wow64" />
          <ApplyTo Type="language" Value="zh-CN" />
        </ApplyToInfo>
      </SatelliteInfo>
      <Payload>
        <PayloadItem PayloadHash="IU0A+GYfc/KMfzVpyaOw0vHuX4cxqM0WZRpvCUawdQs=" PayloadSize="20085" Path="FeaturesOnDemand\zh-cn\baseless\Microsoft-Windows-FailoverCluster-Management-Tools-FOD-Package~31bf3856ad364e35~wow64~zh-cn~.cab" PayloadType="ExpressCab" />
        <PayloadItem PayloadHash="Mtx7PT8qrdIN4lH81Fae4H5BFcOMyQIBspe/aSID7wQ=" PayloadSize="94524" Path="FeaturesOnDemand\zh-cn\baseless\Microsoft-Windows-FailoverCluster-Management-Tools-FOD-Package~31bf3856ad364e35~wow64~zh-cn~.psf" PayloadType="ExpressPSF" />
      </Payload>
    </Package>
    <Package ID="Microsoft-Windows-FileServices-Tools-FoD-Package~31bf3856ad364e35~AMD64~zh-cn~" InstalledSize="4554000" Version="10.0.17763.1">
      <SatelliteInfo>
        <ApplyToInfo>
          <ApplyTo Type="language" Value="zh-CN" />
        </ApplyToInfo>
      </SatelliteInfo>
      <Payload>
        <PayloadItem PayloadHash="JXGIkyEMLOOt2tidY8P0JdF0ml0Mo8OK905HWk6LnPA=" PayloadSize="26197" Path="FeaturesOnDemand\zh-cn\baseless\Microsoft-Windows-FileServices-Tools-FoD-Package~31bf3856ad364e35~AMD64~zh-cn~.cab" PayloadType="ExpressCab" />
        <PayloadItem PayloadHash="BDA+6URd6O22XfXU4NmALy4cJkJKfD7nOsTrkYRnk+E=" PayloadSize="709796" Path="FeaturesOnDemand\zh-cn\baseless\Microsoft-Windows-FileServices-Tools-FoD-Package~31bf3856ad364e35~AMD64~zh-cn~.psf" PayloadType="ExpressPSF" />
      </Payload>
    </Package>
    <Package ID="Microsoft-Windows-FileServices-Tools-FoD-Package~31bf3856ad364e35~wow64~zh-cn~" InstalledSize="188500" Version="10.0.17763.1">
      <SatelliteInfo>
        <ApplyToInfo>
          <ApplyTo Type="arch" Value="wow64" />
          <ApplyTo Type="language" Value="zh-CN" />
        </ApplyToInfo>
      </SatelliteInfo>
      <Payload>
        <PayloadItem PayloadHash="ffjItq/VbCb1gIilKOPDh5l8QYoIKVdyo8Wlh3DpZwo=" PayloadSize="19369" Path="FeaturesOnDemand\zh-cn\baseless\Microsoft-Windows-FileServices-Tools-FoD-Package~31bf3856ad364e35~wow64~zh-cn~.cab" PayloadType="ExpressCab" />
        <PayloadItem PayloadHash="KjAZW9bidfNeEOdYzDB26MrJ6LHhFGo2O75DqRHBZYY=" PayloadSize="89278" Path="FeaturesOnDemand\zh-cn\baseless\Microsoft-Windows-FileServices-Tools-FoD-Package~31bf3856ad364e35~wow64~zh-cn~.psf" PayloadType="ExpressPSF" />
      </Payload>
    </Package>
    <Package ID="Microsoft-Windows-GroupPolicy-Management-Tools-FoD-Package~31bf3856ad364e35~AMD64~zh-cn~" InstalledSize="2062877" Version="10.0.17763.1">
      <SatelliteInfo>
        <ApplyToInfo>
          <ApplyTo Type="language" Value="zh-CN" />
        </ApplyToInfo>
      </SatelliteInfo>
      <Payload>
        <PayloadItem PayloadHash="xsX5PHaG4oM32P8oX5LTNEifebQp7A9JEx6TOTXYccs=" PayloadSize="22931" Path="FeaturesOnDemand\zh-cn\baseless\Microsoft-Windows-GroupPolicy-Management-Tools-FoD-Package~31bf3856ad364e35~AMD64~zh-cn~.cab" PayloadType="ExpressCab" />
        <PayloadItem PayloadHash="eIMEhjP0lRBaa9sBgjSh7wFWEC3jhheGe1/DNxe/Q88=" PayloadSize="347268" Path="FeaturesOnDemand\zh-cn\baseless\Microsoft-Windows-GroupPolicy-Management-Tools-FoD-Package~31bf3856ad364e35~AMD64~zh-cn~.psf" PayloadType="ExpressPSF" />
      </Payload>
    </Package>
    <Package ID="Microsoft-Windows-GroupPolicy-Management-Tools-FoD-Package~31bf3856ad364e35~wow64~zh-cn~" InstalledSize="279871" Version="10.0.17763.1">
      <SatelliteInfo>
        <ApplyToInfo>
          <ApplyTo Type="arch" Value="wow64" />
          <ApplyTo Type="language" Value="zh-CN" />
        </ApplyToInfo>
      </SatelliteInfo>
      <Payload>
        <PayloadItem PayloadHash="0Sid/QzfFQggGJz3l4z421KawiBmaqTixCuP/wDA1YY=" PayloadSize="19085" Path="FeaturesOnDemand\zh-cn\baseless\Microsoft-Windows-GroupPolicy-Management-Tools-FoD-Package~31bf3856ad364e35~wow64~zh-cn~.cab" PayloadType="ExpressCab" />
        <PayloadItem PayloadHash="7M23E/Lu3rfpSPbQFcWThdQwzpMoJsf9s5trwQf6oTI=" PayloadSize="100164" Path="FeaturesOnDemand\zh-cn\baseless\Microsoft-Windows-GroupPolicy-Management-Tools-FoD-Package~31bf3856ad364e35~wow64~zh-cn~.psf" PayloadType="ExpressPSF" />
      </Payload>
    </Package>
    <Package ID="Microsoft-Windows-IPAM-Client-FoD-Package~31bf3856ad364e35~AMD64~zh-cn~" InstalledSize="82651" Version="10.0.17763.1">
      <SatelliteInfo>
        <ApplyToInfo>
          <ApplyTo Type="language" Value="zh-CN" />
        </ApplyToInfo>
      </SatelliteInfo>
      <Payload>
        <PayloadItem PayloadHash="B4Xvjvcp/BDonXFJFMs6rGUnyYX5vjcewV4bmI5EDtM=" PayloadSize="18777" Path="FeaturesOnDemand\zh-cn\baseless\Microsoft-Windows-IPAM-Client-FoD-Package~31bf3856ad364e35~AMD64~zh-cn~.cab" PayloadType="ExpressCab" />
        <PayloadItem PayloadHash="9QhS+KG1OdQ7XcurT6eJaYwBAAd9ckdTZW2maIjhmV8=" PayloadSize="73148" Path="FeaturesOnDemand\zh-cn\baseless\Microsoft-Windows-IPAM-Client-FoD-Package~31bf3856ad364e35~AMD64~zh-cn~.psf" PayloadType="ExpressPSF" />
      </Payload>
    </Package>
    <Package ID="Microsoft-Windows-IPAM-Client-FoD-Package~31bf3856ad364e35~wow64~zh-cn~" InstalledSize="41271" Version="10.0.17763.1">
      <SatelliteInfo>
        <ApplyToInfo>
          <ApplyTo Type="arch" Value="wow64" />
          <ApplyTo Type="language" Value="zh-CN" />
        </ApplyToInfo>
      </SatelliteInfo>
      <Payload>
        <PayloadItem PayloadHash="JR24v9FNmCUYxcSYTuNsJvsbKbnK1n555vrP98KH/JI=" PayloadSize="18755" Path="FeaturesOnDemand\zh-cn\baseless\Microsoft-Windows-IPAM-Client-FoD-Package~31bf3856ad364e35~wow64~zh-cn~.cab" PayloadType="ExpressCab" />
        <PayloadItem PayloadHash="KJAVRyU5c2ZnIyu9S0oWV3vO5yYGxbwFssdzqfD2CiY=" PayloadSize="63654" Path="FeaturesOnDemand\zh-cn\baseless\Microsoft-Windows-IPAM-Client-FoD-Package~31bf3856ad364e35~wow64~zh-cn~.psf" PayloadType="ExpressPSF" />
      </Payload>
    </Package>
    <Package ID="Microsoft-Windows-NetworkController-Tools-FoD-Package~31bf3856ad364e35~AMD64~zh-cn~" InstalledSize="86198" Version="10.0.17763.1">
      <SatelliteInfo>
        <ApplyToInfo>
          <ApplyTo Type="language" Value="zh-CN" />
        </ApplyToInfo>
      </SatelliteInfo>
      <Payload>
        <PayloadItem PayloadHash="x2t55VUz8GRK+wsTl5+YsmjnI2Q9KGMpQqE7LEhfFo4=" PayloadSize="19047" Path="FeaturesOnDemand\zh-cn\baseless\Microsoft-Windows-NetworkController-Tools-FoD-Package~31bf3856ad364e35~AMD64~zh-cn~.cab" PayloadType="ExpressCab" />
        <PayloadItem PayloadHash="DCP3SHg0bdNa5Q1DmZ/Rda6hu6PPjMxDBaGFRXE5SLk=" PayloadSize="82566" Path="FeaturesOnDemand\zh-cn\baseless\Microsoft-Windows-NetworkController-Tools-FoD-Package~31bf3856ad364e35~AMD64~zh-cn~.psf" PayloadType="ExpressPSF" />
      </Payload>
    </Package>
    <Package ID="Microsoft-Windows-NetworkLoadBalancing-Tools-FoD-Package~31bf3856ad364e35~AMD64~zh-cn~" InstalledSize="251848" Version="10.0.17763.1">
      <SatelliteInfo>
        <ApplyToInfo>
          <ApplyTo Type="language" Value="zh-CN" />
        </ApplyToInfo>
      </SatelliteInfo>
      <Payload>
        <PayloadItem PayloadHash="aSKJ5Kju/yQOwkB41VeBQoKu7N0JNuoQ8tWyyT0J8Cc=" PayloadSize="19735" Path="FeaturesOnDemand\zh-cn\baseless\Microsoft-Windows-NetworkLoadBalancing-Tools-FoD-Package~31bf3856ad364e35~AMD64~zh-cn~.cab" PayloadType="ExpressCab" />
        <PayloadItem PayloadHash="md8hrBujpUGlyqs6evA+/i0qD1elkl2M/uKIpRuWIMQ=" PayloadSize="112994" Path="FeaturesOnDemand\zh-cn\baseless\Microsoft-Windows-NetworkLoadBalancing-Tools-FoD-Package~31bf3856ad364e35~AMD64~zh-cn~.psf" PayloadType="ExpressPSF" />
      </Payload>
    </Package>
    <Package ID="Microsoft-Windows-RasCMAK-Client-Package~31bf3856ad364e35~AMD64~zh-cn~" InstalledSize="397663" Version="10.0.17763.1">
      <SatelliteInfo>
        <ApplyToInfo>
          <ApplyTo Type="language" Value="zh-CN" />
        </ApplyToInfo>
      </SatelliteInfo>
      <Payload>
        <PayloadItem PayloadHash="k4E8vLUmLu7kA9QhyBYYhb+8WKkUdsMP4II76m4LFYg=" PayloadSize="19665" Path="FeaturesOnDemand\zh-cn\baseless\Microsoft-Windows-RasCMAK-Client-Package~31bf3856ad364e35~AMD64~zh-cn~.cab" PayloadType="ExpressCab" />
        <PayloadItem PayloadHash="mqPqe9c3vUzHmdpN/AUncIdqNZCQ/kNvoFIWUDCfOJk=" PayloadSize="185176" Path="FeaturesOnDemand\zh-cn\baseless\Microsoft-Windows-RasCMAK-Client-Package~31bf3856ad364e35~AMD64~zh-cn~.psf" PayloadType="ExpressPSF" />
      </Payload>
    </Package>
    <Package ID="Microsoft-Windows-RasCMAK-Client-Package~31bf3856ad364e35~wow64~zh-cn~" InstalledSize="844352" Version="10.0.17763.1">
      <SatelliteInfo>
        <ApplyToInfo>
          <ApplyTo Type="arch" Value="wow64" />
          <ApplyTo Type="language" Value="zh-CN" />
        </ApplyToInfo>
      </SatelliteInfo>
      <Payload>
        <PayloadItem PayloadHash="DsBaUoCxw3Amu6qEKTkiVH56jzxBdm5niMT00wMS+0g=" PayloadSize="19691" Path="FeaturesOnDemand\zh-cn\baseless\Microsoft-Windows-RasCMAK-Client-Package~31bf3856ad364e35~wow64~zh-cn~.cab" PayloadType="ExpressCab" />
        <PayloadItem PayloadHash="/RrdXfo+jKjf8s7k6ZQeRAnnFexPV+4Udc2uQHuM08A=" PayloadSize="661149" Path="FeaturesOnDemand\zh-cn\baseless\Microsoft-Windows-RasCMAK-Client-Package~31bf3856ad364e35~wow64~zh-cn~.psf" PayloadType="ExpressPSF" />
      </Payload>
    </Package>
    <Package ID="Microsoft-Windows-RasRip-Package~31bf3856ad364e35~AMD64~zh-cn~" InstalledSize="46844" Version="10.0.17763.1">
      <SatelliteInfo>
        <ApplyToInfo>
          <ApplyTo Type="language" Value="zh-CN" />
        </ApplyToInfo>
      </SatelliteInfo>
      <Payload>
        <PayloadItem PayloadHash="abHEEQwgtnnef8DQ7NR/UpGo400vt38nca50bIMf8GU=" PayloadSize="18747" Path="FeaturesOnDemand\zh-cn\baseless\Microsoft-Windows-RasRip-Package~31bf3856ad364e35~AMD64~zh-cn~.cab" PayloadType="ExpressCab" />
        <PayloadItem PayloadHash="gQNtho+9awBMOHwoLRGj13qwVYZ5OEs6rXKLFUY591M=" PayloadSize="64553" Path="FeaturesOnDemand\zh-cn\baseless\Microsoft-Windows-RasRip-Package~31bf3856ad364e35~AMD64~zh-cn~.psf" PayloadType="ExpressPSF" />
      </Payload>
    </Package>
    <Package ID="Microsoft-Windows-RemoteAccess-Management-Tools-FoD-Package~31bf3856ad364e35~AMD64~zh-cn~" InstalledSize="18248624" Version="10.0.17763.1">
      <SatelliteInfo>
        <ApplyToInfo>
          <ApplyTo Type="language" Value="zh-CN" />
        </ApplyToInfo>
      </SatelliteInfo>
      <Payload>
        <PayloadItem PayloadHash="dsCsccSuJ2as7KqpzT6fHsLzQrfL6f8KicHK589zFmg=" PayloadSize="22347" Path="FeaturesOnDemand\zh-cn\baseless\Microsoft-Windows-RemoteAccess-Management-Tools-FoD-Package~31bf3856ad364e35~AMD64~zh-cn~.cab" PayloadType="ExpressCab" />
        <PayloadItem PayloadHash="NyZ5rPQQ8Ria/BPeP69ZXsPGwOJYj44/KYxM8Selp34=" PayloadSize="3424275" Path="FeaturesOnDemand\zh-cn\baseless\Microsoft-Windows-RemoteAccess-Management-Tools-FoD-Package~31bf3856ad364e35~AMD64~zh-cn~.psf" PayloadType="ExpressPSF" />
      </Payload>
    </Package>
    <Package ID="Microsoft-Windows-RemoteAccess-Management-Tools-FoD-Package~31bf3856ad364e35~wow64~zh-cn~" InstalledSize="33034" Version="10.0.17763.1">
      <SatelliteInfo>
        <ApplyToInfo>
          <ApplyTo Type="arch" Value="wow64" />
          <ApplyTo Type="language" Value="zh-CN" />
        </ApplyToInfo>
      </SatelliteInfo>
      <Payload>
        <PayloadItem PayloadHash="SftH835oxJOlgSDgn+Rcc68Gd88IAf2/2tHeokZWIko=" PayloadSize="18203" Path="FeaturesOnDemand\zh-cn\baseless\Microsoft-Windows-RemoteAccess-Management-Tools-FoD-Package~31bf3856ad364e35~wow64~zh-cn~.cab" PayloadType="ExpressCab" />
        <PayloadItem PayloadHash="2aMhYVKEr9rSS3jZsSINO59VOCdvrMMK6F5NHzfhSdI=" PayloadSize="61182" Path="FeaturesOnDemand\zh-cn\baseless\Microsoft-Windows-RemoteAccess-Management-Tools-FoD-Package~31bf3856ad364e35~wow64~zh-cn~.psf" PayloadType="ExpressPSF" />
      </Payload>
    </Package>
    <Package ID="Microsoft-Windows-RemoteDesktop-Services-Tools-FoD-Package~31bf3856ad364e35~AMD64~zh-cn~" InstalledSize="1424478" Version="10.0.17763.1">
      <SatelliteInfo>
        <ApplyToInfo>
          <ApplyTo Type="language" Value="zh-CN" />
        </ApplyToInfo>
      </SatelliteInfo>
      <Payload>
        <PayloadItem PayloadHash="Aekm0Im+BtN3Y35BcTzpZe3R6P3xS3qJvpULeab4qqo=" PayloadSize="20651" Path="FeaturesOnDemand\zh-cn\baseless\Microsoft-Windows-RemoteDesktop-Services-Tools-FoD-Package~31bf3856ad364e35~AMD64~zh-cn~.cab" PayloadType="ExpressCab" />
        <PayloadItem PayloadHash="XTVU1NvG/eJCVAL25Es0lWlaNcl6hlmhSJyYsB9fBhY=" PayloadSize="303440" Path="FeaturesOnDemand\zh-cn\baseless\Microsoft-Windows-RemoteDesktop-Services-Tools-FoD-Package~31bf3856ad364e35~AMD64~zh-cn~.psf" PayloadType="ExpressPSF" />
      </Payload>
    </Package>
    <Package ID="Microsoft-Windows-Server-AppCompat-FoD-Package~31bf3856ad364e35~AMD64~zh-cn~" InstalledSize="26864769" Version="10.0.17763.1">
      <SatelliteInfo>
        <ApplyToInfo>
          <ApplyTo Type="language" Value="zh-CN" />
        </ApplyToInfo>
      </SatelliteInfo>
      <Payload>
        <PayloadItem PayloadHash="GeZCkOQhxS4LHtBlTDs62Fm8tcO66Vsrm4eLr890LmY=" PayloadSize="95901" Path="FeaturesOnDemand\zh-cn\baseless\Microsoft-Windows-Server-AppCompat-FoD-Package~31bf3856ad364e35~AMD64~zh-cn~.cab" PayloadType="ExpressCab" />
        <PayloadItem PayloadHash="wOS2kXzh1/BcvZNuvTr0D962uYiCUSakhg2FvBbeSik=" PayloadSize="6885255" Path="FeaturesOnDemand\zh-cn\baseless\Microsoft-Windows-Server-AppCompat-FoD-Package~31bf3856ad364e35~AMD64~zh-cn~.psf" PayloadType="ExpressPSF" />
      </Payload>
    </Package>
    <Package ID="Microsoft-Windows-ServerManager-Tools-FoD-Package~31bf3856ad364e35~AMD64~zh-cn~" InstalledSize="11892095" Version="10.0.17763.1">
      <SatelliteInfo>
        <ApplyToInfo>
          <ApplyTo Type="language" Value="zh-CN" />
        </ApplyToInfo>
      </SatelliteInfo>
      <Payload>
        <PayloadItem PayloadHash="pw9+IndITEUMSaUAqN8Ps3SnECGxP28RB52xbHWM/vU=" PayloadSize="38559" Path="FeaturesOnDemand\zh-cn\baseless\Microsoft-Windows-ServerManager-Tools-FoD-Package~31bf3856ad364e35~AMD64~zh-cn~.cab" PayloadType="ExpressCab" />
        <PayloadItem PayloadHash="PLcbFJM5V2VTxMNLP1Trgd+uInwU9oiYKuQek40vqho=" PayloadSize="2345139" Path="FeaturesOnDemand\zh-cn\baseless\Microsoft-Windows-ServerManager-Tools-FoD-Package~31bf3856ad364e35~AMD64~zh-cn~.psf" PayloadType="ExpressPSF" />
      </Payload>
    </Package>
    <Package ID="Microsoft-Windows-ServerManager-Tools-FoD-Package~31bf3856ad364e35~wow64~zh-cn~" InstalledSize="1206701" Version="10.0.17763.1">
      <SatelliteInfo>
        <ApplyToInfo>
          <ApplyTo Type="arch" Value="wow64" />
          <ApplyTo Type="language" Value="zh-CN" />
        </ApplyToInfo>
      </SatelliteInfo>
      <Payload>
        <PayloadItem PayloadHash="+s6Xy+d7lqqIPxD6mmlayB5AdHdNym2NJ++lwlsGsUU=" PayloadSize="20081" Path="FeaturesOnDemand\zh-cn\baseless\Microsoft-Windows-ServerManager-Tools-FoD-Package~31bf3856ad364e35~wow64~zh-cn~.cab" PayloadType="ExpressCab" />
        <PayloadItem PayloadHash="96eSPiTt1KWG8LkNkw4K+X8h7Hb5OhsFcL2+mAXOiRI=" PayloadSize="369046" Path="FeaturesOnDemand\zh-cn\baseless\Microsoft-Windows-ServerManager-Tools-FoD-Package~31bf3856ad364e35~wow64~zh-cn~.psf" PayloadType="ExpressPSF" />
      </Payload>
    </Package>
    <Package ID="Microsoft-Windows-Shielded-VM-Tools-FoD-Package~31bf3856ad364e35~AMD64~zh-cn~" InstalledSize="430104" Version="10.0.17763.1">
      <SatelliteInfo>
        <ApplyToInfo>
          <ApplyTo Type="language" Value="zh-CN" />
        </ApplyToInfo>
      </SatelliteInfo>
      <Payload>
        <PayloadItem PayloadHash="rIJIaEpIECkwza0DulNip7kKEccv1/S/t1lBecZ0TPs=" PayloadSize="23441" Path="FeaturesOnDemand\zh-cn\baseless\Microsoft-Windows-Shielded-VM-Tools-FoD-Package~31bf3856ad364e35~AMD64~zh-cn~.cab" PayloadType="ExpressCab" />
        <PayloadItem PayloadHash="UDrbua1TmoTrL3B1hADRok4KazPI2nl8QNp1T8/ZVhw=" PayloadSize="189439" Path="FeaturesOnDemand\zh-cn\baseless\Microsoft-Windows-Shielded-VM-Tools-FoD-Package~31bf3856ad364e35~AMD64~zh-cn~.psf" PayloadType="ExpressPSF" />
      </Payload>
    </Package>
    <Package ID="Microsoft-Windows-SNMP-Client-Package~31bf3856ad364e35~AMD64~zh-cn~" InstalledSize="166523" Version="10.0.17763.1">
      <SatelliteInfo>
        <ApplyToInfo>
          <ApplyTo Type="language" Value="zh-CN" />
        </ApplyToInfo>
      </SatelliteInfo>
      <Payload>
        <PayloadItem PayloadHash="52w5MljnFypEO/DXiPGwKyfiMr1AC84Jp9r7UzLBvCs=" PayloadSize="20613" Path="FeaturesOnDemand\zh-cn\baseless\Microsoft-Windows-SNMP-Client-Package~31bf3856ad364e35~AMD64~zh-cn~.cab" PayloadType="ExpressCab" />
        <PayloadItem PayloadHash="WQ5O+cvdCMsmj8bZP2K92mtLLLjG6fbI8XG6ZQwEJdo=" PayloadSize="112791" Path="FeaturesOnDemand\zh-cn\baseless\Microsoft-Windows-SNMP-Client-Package~31bf3856ad364e35~AMD64~zh-cn~.psf" PayloadType="ExpressPSF" />
      </Payload>
    </Package>
    <Package ID="Microsoft-Windows-SNMP-Client-Package~31bf3856ad364e35~wow64~zh-cn~" InstalledSize="166457" Version="10.0.17763.1">
      <SatelliteInfo>
        <ApplyToInfo>
          <ApplyTo Type="arch" Value="wow64" />
          <ApplyTo Type="language" Value="zh-CN" />
        </ApplyToInfo>
      </SatelliteInfo>
      <Payload>
        <PayloadItem PayloadHash="PNSlYjD42H8JnC6PuUPXoFMM2MVFimQHpRLyL4fDtAU=" PayloadSize="21049" Path="FeaturesOnDemand\zh-cn\baseless\Microsoft-Windows-SNMP-Client-Package~31bf3856ad364e35~wow64~zh-cn~.cab" PayloadType="ExpressCab" />
        <PayloadItem PayloadHash="xQzor0mwkPZnmJwpmbr1BedJ7nl3RlzLz6eukthNGL8=" PayloadSize="112712" Path="FeaturesOnDemand\zh-cn\baseless\Microsoft-Windows-SNMP-Client-Package~31bf3856ad364e35~wow64~zh-cn~.psf" PayloadType="ExpressPSF" />
      </Payload>
    </Package>
    <Package ID="Microsoft-Windows-StorageManagement-FoD-Package~31bf3856ad364e35~AMD64~zh-cn~" InstalledSize="1666295" Version="10.0.17763.1">
      <SatelliteInfo>
        <ApplyToInfo>
          <ApplyTo Type="language" Value="zh-CN" />
        </ApplyToInfo>
      </SatelliteInfo>
      <Payload>
        <PayloadItem PayloadHash="/3Oi4TVAMuJeZo6gcTIu8Wja3I1sP/hkCfz4wdq4ZHQ=" PayloadSize="21641" Path="FeaturesOnDemand\zh-cn\baseless\Microsoft-Windows-StorageManagement-FoD-Package~31bf3856ad364e35~AMD64~zh-cn~.cab" PayloadType="ExpressCab" />
        <PayloadItem PayloadHash="EHzLNNXhTe0X4c5xYjzBW2/bdV5P1KqnqIUkTZlk0sA=" PayloadSize="216514" Path="FeaturesOnDemand\zh-cn\baseless\Microsoft-Windows-StorageManagement-FoD-Package~31bf3856ad364e35~AMD64~zh-cn~.psf" PayloadType="ExpressPSF" />
      </Payload>
    </Package>
    <Package ID="Microsoft-Windows-StorageManagement-FoD-Package~31bf3856ad364e35~wow64~zh-cn~" InstalledSize="1177664" Version="10.0.17763.1">
      <SatelliteInfo>
        <ApplyToInfo>
          <ApplyTo Type="arch" Value="wow64" />
          <ApplyTo Type="language" Value="zh-CN" />
        </ApplyToInfo>
      </SatelliteInfo>
      <Payload>
        <PayloadItem PayloadHash="feB+5qN0Qcwh0e4ivq1zrCQTWEF4REk9Q+u+7SIAvls=" PayloadSize="20489" Path="FeaturesOnDemand\zh-cn\baseless\Microsoft-Windows-StorageManagement-FoD-Package~31bf3856ad364e35~wow64~zh-cn~.cab" PayloadType="ExpressCab" />
        <PayloadItem PayloadHash="poYWeJNFogPPtuBTRYJu0elGV/FZoSGuNWW2MjXM12A=" PayloadSize="147883" Path="FeaturesOnDemand\zh-cn\baseless\Microsoft-Windows-StorageManagement-FoD-Package~31bf3856ad364e35~wow64~zh-cn~.psf" PayloadType="ExpressPSF" />
      </Payload>
    </Package>
    <Package ID="Microsoft-Windows-StorageMigrationService-Management-Tools-FOD-Package~31bf3856ad364e35~AMD64~zh-cn~" InstalledSize="74313" Version="10.0.17763.1">
      <SatelliteInfo>
        <ApplyToInfo>
          <ApplyTo Type="language" Value="zh-CN" />
        </ApplyToInfo>
      </SatelliteInfo>
      <Payload>
        <PayloadItem PayloadHash="zD2BOqaCDSh+Ev9Jqs6UkET8N1acqM2iLHPDuR36Zsw=" PayloadSize="19009" Path="FeaturesOnDemand\zh-cn\baseless\Microsoft-Windows-StorageMigrationService-Management-Tools-FOD-Package~31bf3856ad364e35~AMD64~zh-cn~.cab" PayloadType="ExpressCab" />
        <PayloadItem PayloadHash="21YcPEaHQY+RoHpsbPAw32kwwmjgjm3Csm93goPXbbc=" PayloadSize="75641" Path="FeaturesOnDemand\zh-cn\baseless\Microsoft-Windows-StorageMigrationService-Management-Tools-FOD-Package~31bf3856ad364e35~AMD64~zh-cn~.psf" PayloadType="ExpressPSF" />
      </Payload>
    </Package>
    <Package ID="Microsoft-Windows-StorageReplica-Tools-FoD-Package~31bf3856ad364e35~AMD64~zh-cn~" InstalledSize="306461" Version="10.0.17763.1">
      <SatelliteInfo>
        <ApplyToInfo>
          <ApplyTo Type="language" Value="zh-CN" />
        </ApplyToInfo>
      </SatelliteInfo>
      <Payload>
        <PayloadItem PayloadHash="wk9oew5d68jCTNtpuSNfOlH8u5CPA94Jl+WFI2cm22Y=" PayloadSize="19409" Path="FeaturesOnDemand\zh-cn\baseless\Microsoft-Windows-StorageReplica-Tools-FoD-Package~31bf3856ad364e35~AMD64~zh-cn~.cab" PayloadType="ExpressCab" />
        <PayloadItem PayloadHash="XX23rMDn2T0BNefxssC/tk/eR/Rj5dHCXJeFdgDTYaE=" PayloadSize="115456" Path="FeaturesOnDemand\zh-cn\baseless\Microsoft-Windows-StorageReplica-Tools-FoD-Package~31bf3856ad364e35~AMD64~zh-cn~.psf" PayloadType="ExpressPSF" />
      </Payload>
    </Package>
    <Package ID="Microsoft-Windows-SystemInsights-Management-Tools-FOD-Package~31bf3856ad364e35~AMD64~zh-cn~" InstalledSize="59789" Version="10.0.17763.1">
      <SatelliteInfo>
        <ApplyToInfo>
          <ApplyTo Type="language" Value="zh-CN" />
        </ApplyToInfo>
      </SatelliteInfo>
      <Payload>
        <PayloadItem PayloadHash="PzixA5Z38clswGA2TTnc43GREzawAYWMGGqeeUVRrJ4=" PayloadSize="18991" Path="FeaturesOnDemand\zh-cn\baseless\Microsoft-Windows-SystemInsights-Management-Tools-FOD-Package~31bf3856ad364e35~AMD64~zh-cn~.cab" PayloadType="ExpressCab" />
        <PayloadItem PayloadHash="ITXoqUZhxB5rojMFJchrt7EMWzcC0sPp/zcM9YXUbsU=" PayloadSize="73039" Path="FeaturesOnDemand\zh-cn\baseless\Microsoft-Windows-SystemInsights-Management-Tools-FOD-Package~31bf3856ad364e35~AMD64~zh-cn~.psf" PayloadType="ExpressPSF" />
      </Payload>
    </Package>
    <Package ID="Microsoft-Windows-VolumeActivation-Tools-FoD-Package~31bf3856ad364e35~AMD64~zh-cn~" InstalledSize="243401" Version="10.0.17763.1">
      <SatelliteInfo>
        <ApplyToInfo>
          <ApplyTo Type="language" Value="zh-CN" />
        </ApplyToInfo>
      </SatelliteInfo>
      <Payload>
        <PayloadItem PayloadHash="uwvABCkSs5DL7COultd9L0uh5DXhGUZjv8CPvefJcko=" PayloadSize="18865" Path="FeaturesOnDemand\zh-cn\baseless\Microsoft-Windows-VolumeActivation-Tools-FoD-Package~31bf3856ad364e35~AMD64~zh-cn~.cab" PayloadType="ExpressCab" />
        <PayloadItem PayloadHash="zV2RBF7Z2C/h9J5zbWu9cX2Aa14Uiu8fsjcSVCU3A8s=" PayloadSize="183012" Path="FeaturesOnDemand\zh-cn\baseless\Microsoft-Windows-VolumeActivation-Tools-FoD-Package~31bf3856ad364e35~AMD64~zh-cn~.psf" PayloadType="ExpressPSF" />
      </Payload>
    </Package>
    <Package ID="Microsoft-Windows-WMI-SNMP-Provider-Client-Package~31bf3856ad364e35~AMD64~zh-cn~" InstalledSize="76283" Version="10.0.17763.1">
      <SatelliteInfo>
        <ApplyToInfo>
          <ApplyTo Type="language" Value="zh-CN" />
        </ApplyToInfo>
      </SatelliteInfo>
      <Payload>
        <PayloadItem PayloadHash="P0umPrXDAEln9jDEDy4ssf9NTahxzJZtvm1YkQW2b6Q=" PayloadSize="19277" Path="FeaturesOnDemand\zh-cn\baseless\Microsoft-Windows-WMI-SNMP-Provider-Client-Package~31bf3856ad364e35~AMD64~zh-cn~.cab" PayloadType="ExpressCab" />
        <PayloadItem PayloadHash="/okzNB47oEI3Db13tXNbkqQ/fAl16ILwtfkutRcGnx4=" PayloadSize="76429" Path="FeaturesOnDemand\zh-cn\baseless\Microsoft-Windows-WMI-SNMP-Provider-Client-Package~31bf3856ad364e35~AMD64~zh-cn~.psf" PayloadType="ExpressPSF" />
      </Payload>
    </Package>
    <Package ID="Microsoft-Windows-WMI-SNMP-Provider-Client-Package~31bf3856ad364e35~wow64~zh-cn~" InstalledSize="76563" Version="10.0.17763.1">
      <SatelliteInfo>
        <ApplyToInfo>
          <ApplyTo Type="arch" Value="wow64" />
          <ApplyTo Type="language" Value="zh-CN" />
        </ApplyToInfo>
      </SatelliteInfo>
      <Payload>
        <PayloadItem PayloadHash="O8/OmwdLaU2Lm6pFugIjurgTuScsV75VTHr0Ht4XsEI=" PayloadSize="19285" Path="FeaturesOnDemand\zh-cn\baseless\Microsoft-Windows-WMI-SNMP-Provider-Client-Package~31bf3856ad364e35~wow64~zh-cn~.cab" PayloadType="ExpressCab" />
        <PayloadItem PayloadHash="BC6w32lL+4W+EWtHDCQZ9js1S+nfIq9ibk2Y1bEGeO4=" PayloadSize="76205" Path="FeaturesOnDemand\zh-cn\baseless\Microsoft-Windows-WMI-SNMP-Provider-Client-Package~31bf3856ad364e35~wow64~zh-cn~.psf" PayloadType="ExpressPSF" />
      </Payload>
    </Package>
    <Package ID="Microsoft-Windows-WSUS-Tools-FoD-Package~31bf3856ad364e35~AMD64~zh-cn~" InstalledSize="2927619" Version="10.0.17763.1">
      <SatelliteInfo>
        <ApplyToInfo>
          <ApplyTo Type="language" Value="zh-CN" />
        </ApplyToInfo>
      </SatelliteInfo>
      <Payload>
        <PayloadItem PayloadHash="cgE5Ajbg29TndrQFjj+fDv+21mY4aURHF3rl1R+P01c=" PayloadSize="19931" Path="FeaturesOnDemand\zh-cn\baseless\Microsoft-Windows-WSUS-Tools-FoD-Package~31bf3856ad364e35~AMD64~zh-cn~.cab" PayloadType="ExpressCab" />
        <PayloadItem PayloadHash="60mUmzuWW3LwtXDdE17B/NjgSPidB3DDoKTu/EPGdSo=" PayloadSize="397372" Path="FeaturesOnDemand\zh-cn\baseless\Microsoft-Windows-WSUS-Tools-FoD-Package~31bf3856ad364e35~AMD64~zh-cn~.psf" PayloadType="ExpressPSF" />
      </Payload>
    </Package>
  </Packages>
</CompDB>