<?xml version="1.0" encoding="utf-8"?>
<CompDB xmlns:xsi="http://www.w3.org/2001/XMLSchema-instance" xmlns:xsd="http://www.w3.org/2001/XMLSchema" CreatedDate="2018-11-15T23:11:21.0513242Z" Revision="1" SchemaVersion="1.2" Product="Desktop" BuildID="80154b57-1148-3590-c1b9-d2ce93ee1fac" BuildInfo="rs5_release.17763.1.180914-1434" OSVersion="10.0.17763.1" BuildArch="amd64" ReleaseType="Production" Type="Baseless" xmlns="http://schemas.microsoft.com/embedded/2004/10/ImageUpdate">
  <Tags Type="Language">
    <Tag Name="Language" Value="pl-PL" />
    <Tag Name="UpdateType" Value="Baseless" />
  </Tags>
  <Features>
    <Feature Type="LanguagePack" FeatureID="Language.UI.Server~pl-pl" FMID="MSDL" Group="Microsoft">
      <Packages>
        <Package ID="Microsoft-Windows-Server-LanguagePack-Package_pl-pl~31bf3856ad364e35~amd64~pl-pl~" PackageType="FeaturePackage" />
      </Packages>
    </Feature>
    <Feature Type="OnDemandFeature" FeatureID="Microsoft.Onecore.StorageManagement~~1.0" FMID="MSDN" Group="Microsoft">
      <Packages>
        <Package ID="Microsoft-OneCore-StorageManagement-FoD-Package~31bf3856ad364e35~AMD64~pl-pl~" PackageType="SatellitePackage" />
        <Package ID="Microsoft-OneCore-StorageManagement-FoD-Package~31bf3856ad364e35~wow64~pl-pl~" PackageType="SatellitePackage" />
      </Packages>
    </Feature>
    <Feature Type="OnDemandFeature" FeatureID="Rsat.ActiveDirectory.DS-LDS.Tools~~1.0" FMID="MSDN" Group="Microsoft">
      <Dependencies>
        <Feature FeatureID="Rsat.ServerManager.Tools~~1.0" />
      </Dependencies>
      <Packages>
        <Package ID="Microsoft-Windows-ActiveDirectory-DS-LDS-Tools-FoD-Package~31bf3856ad364e35~AMD64~pl-pl~" PackageType="SatellitePackage" />
        <Package ID="Microsoft-Windows-ActiveDirectory-DS-LDS-Tools-FoD-Package~31bf3856ad364e35~wow64~pl-pl~" PackageType="SatellitePackage" />
      </Packages>
    </Feature>
    <Feature Type="OnDemandFeature" FeatureID="Rsat.BitLocker.Recovery.Tools~~1.0" FMID="MSDN" Group="Microsoft">
      <Dependencies>
        <Feature FeatureID="Rsat.ActiveDirectory.DS-LDS.Tools~~1.0" />
      </Dependencies>
      <Packages>
        <Package ID="Microsoft-Windows-BitLocker-Recovery-Tools-FoD-Package~31bf3856ad364e35~AMD64~pl-pl~" PackageType="SatellitePackage" />
      </Packages>
    </Feature>
    <Feature Type="OnDemandFeature" FeatureID="Rsat.CertificateServices.Tools~~1.0" FMID="MSDN" Group="Microsoft">
      <Packages>
        <Package ID="Microsoft-Windows-CertificateServices-Tools-FoD-Package~31bf3856ad364e35~AMD64~pl-pl~" PackageType="SatellitePackage" />
      </Packages>
    </Feature>
    <Feature Type="OnDemandFeature" FeatureID="Rsat.DHCP.Tools~~1.0" FMID="MSDN" Group="Microsoft">
      <Packages>
        <Package ID="Microsoft-Windows-DHCP-Tools-FoD-Package~31bf3856ad364e35~AMD64~pl-pl~" PackageType="SatellitePackage" />
        <Package ID="Microsoft-Windows-DHCP-Tools-FoD-Package~31bf3856ad364e35~wow64~pl-pl~" PackageType="SatellitePackage" />
      </Packages>
    </Feature>
    <Feature Type="OnDemandFeature" FeatureID="Rsat.Dns.Tools~~1.0" FMID="MSDN" Group="Microsoft">
      <Packages>
        <Package ID="Microsoft-Windows-DNS-Tools-FoD-Package~31bf3856ad364e35~AMD64~pl-pl~" PackageType="SatellitePackage" />
        <Package ID="Microsoft-Windows-DNS-Tools-FoD-Package~31bf3856ad364e35~wow64~pl-pl~" PackageType="SatellitePackage" />
      </Packages>
    </Feature>
    <Feature Type="OnDemandFeature" FeatureID="Rsat.FailoverCluster.Management.Tools~~1.0" FMID="MSDN" Group="Microsoft">
      <Dependencies>
        <Feature FeatureID="Rsat.FileServices.Tools~~1.0" />
      </Dependencies>
      <Packages>
        <Package ID="Microsoft-Windows-FailoverCluster-Management-Tools-FOD-Package~31bf3856ad364e35~AMD64~pl-pl~" PackageType="SatellitePackage" />
        <Package ID="Microsoft-Windows-FailoverCluster-Management-Tools-FOD-Package~31bf3856ad364e35~wow64~pl-pl~" PackageType="SatellitePackage" />
      </Packages>
    </Feature>
    <Feature Type="OnDemandFeature" FeatureID="Rsat.FileServices.Tools~~1.0" FMID="MSDN" Group="Microsoft">
      <Dependencies>
        <Feature FeatureID="Rsat.ServerManager.Tools~~1.0" />
      </Dependencies>
      <Packages>
        <Package ID="Microsoft-Windows-FileServices-Tools-FoD-Package~31bf3856ad364e35~AMD64~pl-pl~" PackageType="SatellitePackage" />
        <Package ID="Microsoft-Windows-FileServices-Tools-FoD-Package~31bf3856ad364e35~wow64~pl-pl~" PackageType="SatellitePackage" />
      </Packages>
    </Feature>
    <Feature Type="OnDemandFeature" FeatureID="Rsat.GroupPolicy.Management.Tools~~1.0" FMID="MSDN" Group="Microsoft">
      <Packages>
        <Package ID="Microsoft-Windows-GroupPolicy-Management-Tools-FoD-Package~31bf3856ad364e35~AMD64~pl-pl~" PackageType="SatellitePackage" />
        <Package ID="Microsoft-Windows-GroupPolicy-Management-Tools-FoD-Package~31bf3856ad364e35~wow64~pl-pl~" PackageType="SatellitePackage" />
      </Packages>
    </Feature>
    <Feature Type="OnDemandFeature" FeatureID="Rsat.IPAM.Client.Tools~~1.0" FMID="MSDN" Group="Microsoft">
      <Dependencies>
        <Feature FeatureID="Rsat.ServerManager.Tools~~1.0" />
      </Dependencies>
      <Packages>
        <Package ID="Microsoft-Windows-IPAM-Client-FoD-Package~31bf3856ad364e35~AMD64~pl-pl~" PackageType="SatellitePackage" />
        <Package ID="Microsoft-Windows-IPAM-Client-FoD-Package~31bf3856ad364e35~wow64~pl-pl~" PackageType="SatellitePackage" />
      </Packages>
    </Feature>
    <Feature Type="OnDemandFeature" FeatureID="Rsat.NetworkController.Tools~~1.0" FMID="MSDN" Group="Microsoft">
      <Packages>
        <Package ID="Microsoft-Windows-NetworkController-Tools-FoD-Package~31bf3856ad364e35~AMD64~pl-pl~" PackageType="SatellitePackage" />
      </Packages>
    </Feature>
    <Feature Type="OnDemandFeature" FeatureID="Rsat.NetworkLoadBalancing.Tools~~1.0" FMID="MSDN" Group="Microsoft">
      <Packages>
        <Package ID="Microsoft-Windows-NetworkLoadBalancing-Tools-FoD-Package~31bf3856ad364e35~AMD64~pl-pl~" PackageType="SatellitePackage" />
      </Packages>
    </Feature>
    <Feature Type="OnDemandFeature" FeatureID="RasCMAK.Client~~1.0" FMID="MSDN" Group="Microsoft">
      <Packages>
        <Package ID="Microsoft-Windows-RasCMAK-Client-Package~31bf3856ad364e35~AMD64~pl-pl~" PackageType="SatellitePackage" />
        <Package ID="Microsoft-Windows-RasCMAK-Client-Package~31bf3856ad364e35~wow64~pl-pl~" PackageType="SatellitePackage" />
      </Packages>
    </Feature>
    <Feature Type="OnDemandFeature" FeatureID="RIP.Listener~~1.0" FMID="MSDN" Group="Microsoft">
      <Packages>
        <Package ID="Microsoft-Windows-RasRip-Package~31bf3856ad364e35~AMD64~pl-pl~" PackageType="SatellitePackage" />
      </Packages>
    </Feature>
    <Feature Type="OnDemandFeature" FeatureID="Rsat.RemoteAccess.Management.Tools~~1.0" FMID="MSDN" Group="Microsoft">
      <Dependencies>
        <Feature FeatureID="Rsat.GroupPolicy.Management.Tools~~1.0" />
        <Feature FeatureID="Rsat.ServerManager.Tools~~1.0" />
      </Dependencies>
      <Packages>
        <Package ID="Microsoft-Windows-RemoteAccess-Management-Tools-FoD-Package~31bf3856ad364e35~AMD64~pl-pl~" PackageType="SatellitePackage" />
        <Package ID="Microsoft-Windows-RemoteAccess-Management-Tools-FoD-Package~31bf3856ad364e35~wow64~pl-pl~" PackageType="SatellitePackage" />
      </Packages>
    </Feature>
    <Feature Type="OnDemandFeature" FeatureID="Rsat.RemoteDesktop.Services.Tools~~1.0" FMID="MSDN" Group="Microsoft">
      <Packages>
        <Package ID="Microsoft-Windows-RemoteDesktop-Services-Tools-FoD-Package~31bf3856ad364e35~AMD64~pl-pl~" PackageType="SatellitePackage" />
      </Packages>
    </Feature>
    <Feature Type="OnDemandFeature" FeatureID="ServerCore.AppCompatibility~~1.0" FMID="MSDN" Group="Microsoft">
      <Packages>
        <Package ID="Microsoft-Windows-Server-AppCompat-FoD-Package~31bf3856ad364e35~AMD64~pl-pl~" PackageType="SatellitePackage" />
      </Packages>
    </Feature>
    <Feature Type="OnDemandFeature" FeatureID="Rsat.ServerManager.Tools~~1.0" FMID="MSDN" Group="Microsoft">
      <Packages>
        <Package ID="Microsoft-Windows-ServerManager-Tools-FoD-Package~31bf3856ad364e35~AMD64~pl-pl~" PackageType="SatellitePackage" />
        <Package ID="Microsoft-Windows-ServerManager-Tools-FoD-Package~31bf3856ad364e35~wow64~pl-pl~" PackageType="SatellitePackage" />
      </Packages>
    </Feature>
    <Feature Type="OnDemandFeature" FeatureID="Rsat.Shielded.VM.Tools~~1.0" FMID="MSDN" Group="Microsoft">
      <Dependencies>
        <Feature FeatureID="Rsat.ServerManager.Tools~~1.0" />
      </Dependencies>
      <Packages>
        <Package ID="Microsoft-Windows-Shielded-VM-Tools-FoD-Package~31bf3856ad364e35~AMD64~pl-pl~" PackageType="SatellitePackage" />
      </Packages>
    </Feature>
    <Feature Type="OnDemandFeature" FeatureID="SNMP.Client~~1.0" FMID="MSDN" Group="Microsoft">
      <Packages>
        <Package ID="Microsoft-Windows-SNMP-Client-Package~31bf3856ad364e35~AMD64~pl-pl~" PackageType="SatellitePackage" />
        <Package ID="Microsoft-Windows-SNMP-Client-Package~31bf3856ad364e35~wow64~pl-pl~" PackageType="SatellitePackage" />
      </Packages>
    </Feature>
    <Feature Type="OnDemandFeature" FeatureID="Microsoft.Windows.StorageManagement~~1.0" FMID="MSDN" Group="Microsoft">
      <Packages>
        <Package ID="Microsoft-Windows-StorageManagement-FoD-Package~31bf3856ad364e35~AMD64~pl-pl~" PackageType="SatellitePackage" />
        <Package ID="Microsoft-Windows-StorageManagement-FoD-Package~31bf3856ad364e35~wow64~pl-pl~" PackageType="SatellitePackage" />
      </Packages>
    </Feature>
    <Feature Type="OnDemandFeature" FeatureID="Rsat.StorageMigrationService.Management.Tools~~1.0" FMID="MSDN" Group="Microsoft">
      <Packages>
        <Package ID="Microsoft-Windows-StorageMigrationService-Management-Tools-FOD-Package~31bf3856ad364e35~AMD64~pl-pl~" PackageType="SatellitePackage" />
      </Packages>
    </Feature>
    <Feature Type="OnDemandFeature" FeatureID="Rsat.StorageReplica.Tools~~1.0" FMID="MSDN" Group="Microsoft">
      <Packages>
        <Package ID="Microsoft-Windows-StorageReplica-Tools-FoD-Package~31bf3856ad364e35~AMD64~pl-pl~" PackageType="SatellitePackage" />
      </Packages>
    </Feature>
    <Feature Type="OnDemandFeature" FeatureID="Rsat.SystemInsights.Management.Tools~~1.0" FMID="MSDN" Group="Microsoft">
      <Packages>
        <Package ID="Microsoft-Windows-SystemInsights-Management-Tools-FOD-Package~31bf3856ad364e35~AMD64~pl-pl~" PackageType="SatellitePackage" />
      </Packages>
    </Feature>
    <Feature Type="OnDemandFeature" FeatureID="Rsat.VolumeActivation.Tools~~1.0" FMID="MSDN" Group="Microsoft">
      <Packages>
        <Package ID="Microsoft-Windows-VolumeActivation-Tools-FoD-Package~31bf3856ad364e35~AMD64~pl-pl~" PackageType="SatellitePackage" />
      </Packages>
    </Feature>
    <Feature Type="OnDemandFeature" FeatureID="WMI-SNMP-Provider.Client~~1.0" FMID="MSDN" Group="Microsoft">
      <Dependencies>
        <Feature FeatureID="SNMP.Client~~1.0" />
      </Dependencies>
      <Packages>
        <Package ID="Microsoft-Windows-WMI-SNMP-Provider-Client-Package~31bf3856ad364e35~AMD64~pl-pl~" PackageType="SatellitePackage" />
        <Package ID="Microsoft-Windows-WMI-SNMP-Provider-Client-Package~31bf3856ad364e35~wow64~pl-pl~" PackageType="SatellitePackage" />
      </Packages>
    </Feature>
    <Feature Type="OnDemandFeature" FeatureID="Rsat.WSUS.Tools~~1.0" FMID="MSDN" Group="Microsoft">
      <Packages>
        <Package ID="Microsoft-Windows-WSUS-Tools-FoD-Package~31bf3856ad364e35~AMD64~pl-pl~" PackageType="SatellitePackage" />
      </Packages>
    </Feature>
  </Features>
  <Packages>
    <Package ID="Microsoft-Windows-Server-LanguagePack-Package_pl-pl~31bf3856ad364e35~amd64~pl-pl~" InstalledSize="1143309780" Version="10.0.17763.1">
      <SatelliteInfo>
        <DeclareInfo>
          <Declare Type="language" Value="pl-PL" />
        </DeclareInfo>
      </SatelliteInfo>
      <Payload>
        <PayloadItem PayloadHash="DIdnv2VXVNbPTTcSINz/uTcw2NzaHEN7tCbEkp8Tpvo=" PayloadSize="1667385" Path="UUP\Desktop\editionpackages\Server\pl-pl\baseless\Microsoft-Windows-Server-LanguagePack-Package_pl-pl~31bf3856ad364e35~amd64~pl-pl~.cab" PayloadType="ExpressCab" />
        <PayloadItem PayloadHash="viocPPpUMup7dl0UgNmrhyvmb5AoPmnUOKRuBDSy9Jw=" PayloadSize="79473499" Path="UUP\Desktop\editionpackages\Server\pl-pl\baseless\Microsoft-Windows-Server-LanguagePack-Package_pl-pl~31bf3856ad364e35~amd64~pl-pl~.psf" PayloadType="ExpressPSF" />
      </Payload>
    </Package>
    <Package ID="Microsoft-OneCore-StorageManagement-FoD-Package~31bf3856ad364e35~AMD64~pl-pl~" InstalledSize="1963498" Version="10.0.17763.1">
      <SatelliteInfo>
        <ApplyToInfo>
          <ApplyTo Type="language" Value="pl-PL" />
        </ApplyToInfo>
      </SatelliteInfo>
      <Payload>
        <PayloadItem PayloadHash="WYjZjAvoCgn53nKJgnlrNgPL8VlquWTDKLwbv51JTdk=" PayloadSize="20971" Path="FeaturesOnDemand\pl-pl\baseless\Microsoft-OneCore-StorageManagement-FoD-Package~31bf3856ad364e35~AMD64~pl-pl~.cab" PayloadType="ExpressCab" />
        <PayloadItem PayloadHash="2L0YOEi+PoAny5X1qac84xK5SMXb8yqiIFm0vGbeXoE=" PayloadSize="207621" Path="FeaturesOnDemand\pl-pl\baseless\Microsoft-OneCore-StorageManagement-FoD-Package~31bf3856ad364e35~AMD64~pl-pl~.psf" PayloadType="ExpressPSF" />
      </Payload>
    </Package>
    <Package ID="Microsoft-OneCore-StorageManagement-FoD-Package~31bf3856ad364e35~wow64~pl-pl~" InstalledSize="1079505" Version="10.0.17763.1">
      <SatelliteInfo>
        <ApplyToInfo>
          <ApplyTo Type="arch" Value="wow64" />
          <ApplyTo Type="language" Value="pl-PL" />
        </ApplyToInfo>
      </SatelliteInfo>
      <Payload>
        <PayloadItem PayloadHash="UpjRNiFjM5jRdk/k2rYxHakD8ODVNUrlKp2bdquej6M=" PayloadSize="19005" Path="FeaturesOnDemand\pl-pl\baseless\Microsoft-OneCore-StorageManagement-FoD-Package~31bf3856ad364e35~wow64~pl-pl~.cab" PayloadType="ExpressCab" />
        <PayloadItem PayloadHash="bIKBr5xK3uVvwBD3uEuPEWWoVQDb3eZKU77NfR79hKA=" PayloadSize="117555" Path="FeaturesOnDemand\pl-pl\baseless\Microsoft-OneCore-StorageManagement-FoD-Package~31bf3856ad364e35~wow64~pl-pl~.psf" PayloadType="ExpressPSF" />
      </Payload>
    </Package>
    <Package ID="Microsoft-Windows-ActiveDirectory-DS-LDS-Tools-FoD-Package~31bf3856ad364e35~AMD64~pl-pl~" InstalledSize="5820146" Version="10.0.17763.1">
      <SatelliteInfo>
        <ApplyToInfo>
          <ApplyTo Type="language" Value="pl-PL" />
        </ApplyToInfo>
      </SatelliteInfo>
      <Payload>
        <PayloadItem PayloadHash="SeiqKPvaZ6JLH4w6JoD/l6cNGiyxBvf2s5HEYqXRdHE=" PayloadSize="28317" Path="FeaturesOnDemand\pl-pl\baseless\Microsoft-Windows-ActiveDirectory-DS-LDS-Tools-FoD-Package~31bf3856ad364e35~AMD64~pl-pl~.cab" PayloadType="ExpressCab" />
        <PayloadItem PayloadHash="s+/7b1sxFXWvRDfahijb4IjeO0xL3dpbVEWksjYhCS8=" PayloadSize="979690" Path="FeaturesOnDemand\pl-pl\baseless\Microsoft-Windows-ActiveDirectory-DS-LDS-Tools-FoD-Package~31bf3856ad364e35~AMD64~pl-pl~.psf" PayloadType="ExpressPSF" />
      </Payload>
    </Package>
    <Package ID="Microsoft-Windows-ActiveDirectory-DS-LDS-Tools-FoD-Package~31bf3856ad364e35~wow64~pl-pl~" InstalledSize="813528" Version="10.0.17763.1">
      <SatelliteInfo>
        <ApplyToInfo>
          <ApplyTo Type="arch" Value="wow64" />
          <ApplyTo Type="language" Value="pl-PL" />
        </ApplyToInfo>
      </SatelliteInfo>
      <Payload>
        <PayloadItem PayloadHash="fFOf2jdNpG4HWZUckHt36mqD5SeWOB+Os0+QHqCehUM=" PayloadSize="20075" Path="FeaturesOnDemand\pl-pl\baseless\Microsoft-Windows-ActiveDirectory-DS-LDS-Tools-FoD-Package~31bf3856ad364e35~wow64~pl-pl~.cab" PayloadType="ExpressCab" />
        <PayloadItem PayloadHash="QFUI0ufghnkP3ycxdpRReuQqxqNBNLZy6rXVe9E0yt4=" PayloadSize="165970" Path="FeaturesOnDemand\pl-pl\baseless\Microsoft-Windows-ActiveDirectory-DS-LDS-Tools-FoD-Package~31bf3856ad364e35~wow64~pl-pl~.psf" PayloadType="ExpressPSF" />
      </Payload>
    </Package>
    <Package ID="Microsoft-Windows-BitLocker-Recovery-Tools-FoD-Package~31bf3856ad364e35~AMD64~pl-pl~" InstalledSize="34245" Version="10.0.17763.1">
      <SatelliteInfo>
        <ApplyToInfo>
          <ApplyTo Type="language" Value="pl-PL" />
        </ApplyToInfo>
      </SatelliteInfo>
      <Payload>
        <PayloadItem PayloadHash="RoQRYSqoqcKPL9JZnTOwOFtYF/n37X/VUWQlRHIFoz8=" PayloadSize="18999" Path="FeaturesOnDemand\pl-pl\baseless\Microsoft-Windows-BitLocker-Recovery-Tools-FoD-Package~31bf3856ad364e35~AMD64~pl-pl~.cab" PayloadType="ExpressCab" />
        <PayloadItem PayloadHash="p/Au7y+PMzpmt7vV2EP8/InJ9Gh69/UxCQvIU9qNuRY=" PayloadSize="67867" Path="FeaturesOnDemand\pl-pl\baseless\Microsoft-Windows-BitLocker-Recovery-Tools-FoD-Package~31bf3856ad364e35~AMD64~pl-pl~.psf" PayloadType="ExpressPSF" />
      </Payload>
    </Package>
    <Package ID="Microsoft-Windows-CertificateServices-Tools-FoD-Package~31bf3856ad364e35~AMD64~pl-pl~" InstalledSize="1049019" Version="10.0.17763.1">
      <SatelliteInfo>
        <ApplyToInfo>
          <ApplyTo Type="language" Value="pl-PL" />
        </ApplyToInfo>
      </SatelliteInfo>
      <Payload>
        <PayloadItem PayloadHash="09nsEoGF+TGjYrhSamJAe8BsPVmX8tNfnCxREttMO8Q=" PayloadSize="20787" Path="FeaturesOnDemand\pl-pl\baseless\Microsoft-Windows-CertificateServices-Tools-FoD-Package~31bf3856ad364e35~AMD64~pl-pl~.cab" PayloadType="ExpressCab" />
        <PayloadItem PayloadHash="aBLd+qM3gNpPyELt/TZY1p6W/fC54viwahg0XKAbOIs=" PayloadSize="211776" Path="FeaturesOnDemand\pl-pl\baseless\Microsoft-Windows-CertificateServices-Tools-FoD-Package~31bf3856ad364e35~AMD64~pl-pl~.psf" PayloadType="ExpressPSF" />
      </Payload>
    </Package>
    <Package ID="Microsoft-Windows-DHCP-Tools-FoD-Package~31bf3856ad364e35~AMD64~pl-pl~" InstalledSize="1814425" Version="10.0.17763.1">
      <SatelliteInfo>
        <ApplyToInfo>
          <ApplyTo Type="language" Value="pl-PL" />
        </ApplyToInfo>
      </SatelliteInfo>
      <Payload>
        <PayloadItem PayloadHash="WSB3wzjQ/Zyrg0yYYRBoQC0q7aZNo4RdrIUpMtf+0Cw=" PayloadSize="20017" Path="FeaturesOnDemand\pl-pl\baseless\Microsoft-Windows-DHCP-Tools-FoD-Package~31bf3856ad364e35~AMD64~pl-pl~.cab" PayloadType="ExpressCab" />
        <PayloadItem PayloadHash="+Y/R5UjqGvVvZBf3aGLshqm5RIfYvcWGbJd81X78H74=" PayloadSize="212611" Path="FeaturesOnDemand\pl-pl\baseless\Microsoft-Windows-DHCP-Tools-FoD-Package~31bf3856ad364e35~AMD64~pl-pl~.psf" PayloadType="ExpressPSF" />
      </Payload>
    </Package>
    <Package ID="Microsoft-Windows-DHCP-Tools-FoD-Package~31bf3856ad364e35~wow64~pl-pl~" InstalledSize="465466" Version="10.0.17763.1">
      <SatelliteInfo>
        <ApplyToInfo>
          <ApplyTo Type="arch" Value="wow64" />
          <ApplyTo Type="language" Value="pl-PL" />
        </ApplyToInfo>
      </SatelliteInfo>
      <Payload>
        <PayloadItem PayloadHash="hzreMhyhm1YrqEEQaaoZ7Z3bBVA8ht7grFAZHAwM1cw=" PayloadSize="18997" Path="FeaturesOnDemand\pl-pl\baseless\Microsoft-Windows-DHCP-Tools-FoD-Package~31bf3856ad364e35~wow64~pl-pl~.cab" PayloadType="ExpressCab" />
        <PayloadItem PayloadHash="g28H4wE3Sq8Stf+JP+eSHLHQe9PrsywZYE9BaNjp4A0=" PayloadSize="96811" Path="FeaturesOnDemand\pl-pl\baseless\Microsoft-Windows-DHCP-Tools-FoD-Package~31bf3856ad364e35~wow64~pl-pl~.psf" PayloadType="ExpressPSF" />
      </Payload>
    </Package>
    <Package ID="Microsoft-Windows-DNS-Tools-FoD-Package~31bf3856ad364e35~AMD64~pl-pl~" InstalledSize="1930677" Version="10.0.17763.1">
      <SatelliteInfo>
        <ApplyToInfo>
          <ApplyTo Type="language" Value="pl-PL" />
        </ApplyToInfo>
      </SatelliteInfo>
      <Payload>
        <PayloadItem PayloadHash="aBxId+KCD4WZhmMKYpUYu9gqUqu5BBSYd1K4TYsY5JY=" PayloadSize="20429" Path="FeaturesOnDemand\pl-pl\baseless\Microsoft-Windows-DNS-Tools-FoD-Package~31bf3856ad364e35~AMD64~pl-pl~.cab" PayloadType="ExpressCab" />
        <PayloadItem PayloadHash="BN6mYloIs9olydXyh2GRiwMmDeyh5K0wwXxBT1RFNZ0=" PayloadSize="249914" Path="FeaturesOnDemand\pl-pl\baseless\Microsoft-Windows-DNS-Tools-FoD-Package~31bf3856ad364e35~AMD64~pl-pl~.psf" PayloadType="ExpressPSF" />
      </Payload>
    </Package>
    <Package ID="Microsoft-Windows-DNS-Tools-FoD-Package~31bf3856ad364e35~wow64~pl-pl~" InstalledSize="13653" Version="10.0.17763.1">
      <SatelliteInfo>
        <ApplyToInfo>
          <ApplyTo Type="arch" Value="wow64" />
          <ApplyTo Type="language" Value="pl-PL" />
        </ApplyToInfo>
      </SatelliteInfo>
      <Payload>
        <PayloadItem PayloadHash="T0gKPizBuOjUmZC3BUTQXyIYVELXeqUoHIUzEGVmKik=" PayloadSize="18629" Path="FeaturesOnDemand\pl-pl\baseless\Microsoft-Windows-DNS-Tools-FoD-Package~31bf3856ad364e35~wow64~pl-pl~.cab" PayloadType="ExpressCab" />
        <PayloadItem PayloadHash="bEawnWFhaHafhwUV3X5JwS6fI57P7Ilk8vmRnBCSdt0=" PayloadSize="59025" Path="FeaturesOnDemand\pl-pl\baseless\Microsoft-Windows-DNS-Tools-FoD-Package~31bf3856ad364e35~wow64~pl-pl~.psf" PayloadType="ExpressPSF" />
      </Payload>
    </Package>
    <Package ID="Microsoft-Windows-FailoverCluster-Management-Tools-FOD-Package~31bf3856ad364e35~AMD64~pl-pl~" InstalledSize="9071786" Version="10.0.17763.1">
      <SatelliteInfo>
        <ApplyToInfo>
          <ApplyTo Type="language" Value="pl-PL" />
        </ApplyToInfo>
      </SatelliteInfo>
      <Payload>
        <PayloadItem PayloadHash="C9JNAMNNG0TYZP9cYP+SSrKa1jTaMz32DGubT0j9IeQ=" PayloadSize="26851" Path="FeaturesOnDemand\pl-pl\baseless\Microsoft-Windows-FailoverCluster-Management-Tools-FOD-Package~31bf3856ad364e35~AMD64~pl-pl~.cab" PayloadType="ExpressCab" />
        <PayloadItem PayloadHash="FBqe4nxFfihsBoqIPTqmBzp2HgSak7hK4/g4wr9Kl2g=" PayloadSize="2496220" Path="FeaturesOnDemand\pl-pl\baseless\Microsoft-Windows-FailoverCluster-Management-Tools-FOD-Package~31bf3856ad364e35~AMD64~pl-pl~.psf" PayloadType="ExpressPSF" />
      </Payload>
    </Package>
    <Package ID="Microsoft-Windows-FailoverCluster-Management-Tools-FOD-Package~31bf3856ad364e35~wow64~pl-pl~" InstalledSize="81462" Version="10.0.17763.1">
      <SatelliteInfo>
        <ApplyToInfo>
          <ApplyTo Type="arch" Value="wow64" />
          <ApplyTo Type="language" Value="pl-PL" />
        </ApplyToInfo>
      </SatelliteInfo>
      <Payload>
        <PayloadItem PayloadHash="aloTrmSX2/BGZPsH2cB3v6JFM2K/h2OfAWGyoiLsc5g=" PayloadSize="19859" Path="FeaturesOnDemand\pl-pl\baseless\Microsoft-Windows-FailoverCluster-Management-Tools-FOD-Package~31bf3856ad364e35~wow64~pl-pl~.cab" PayloadType="ExpressCab" />
        <PayloadItem PayloadHash="pgS1WZtJCrwYuCzfFRHa9D9ij821jM3z0xoRdei3pcY=" PayloadSize="88136" Path="FeaturesOnDemand\pl-pl\baseless\Microsoft-Windows-FailoverCluster-Management-Tools-FOD-Package~31bf3856ad364e35~wow64~pl-pl~.psf" PayloadType="ExpressPSF" />
      </Payload>
    </Package>
    <Package ID="Microsoft-Windows-FileServices-Tools-FoD-Package~31bf3856ad364e35~AMD64~pl-pl~" InstalledSize="4207838" Version="10.0.17763.1">
      <SatelliteInfo>
        <ApplyToInfo>
          <ApplyTo Type="language" Value="pl-PL" />
        </ApplyToInfo>
      </SatelliteInfo>
      <Payload>
        <PayloadItem PayloadHash="FtFe1P74/mJdRw/kdsTq7YxehzgR10xb7UIGWUsGzfQ=" PayloadSize="24401" Path="FeaturesOnDemand\pl-pl\baseless\Microsoft-Windows-FileServices-Tools-FoD-Package~31bf3856ad364e35~AMD64~pl-pl~.cab" PayloadType="ExpressCab" />
        <PayloadItem PayloadHash="YPjXdTvyzah8LckoduKpDu58YtbyzZKPnaasXIB4TBg=" PayloadSize="637177" Path="FeaturesOnDemand\pl-pl\baseless\Microsoft-Windows-FileServices-Tools-FoD-Package~31bf3856ad364e35~AMD64~pl-pl~.psf" PayloadType="ExpressPSF" />
      </Payload>
    </Package>
    <Package ID="Microsoft-Windows-FileServices-Tools-FoD-Package~31bf3856ad364e35~wow64~pl-pl~" InstalledSize="191585" Version="10.0.17763.1">
      <SatelliteInfo>
        <ApplyToInfo>
          <ApplyTo Type="arch" Value="wow64" />
          <ApplyTo Type="language" Value="pl-PL" />
        </ApplyToInfo>
      </SatelliteInfo>
      <Payload>
        <PayloadItem PayloadHash="BR+ZG9wmX52oXgvnXPVFqS7qDW/xiukuP2jpTKBcdAA=" PayloadSize="19381" Path="FeaturesOnDemand\pl-pl\baseless\Microsoft-Windows-FileServices-Tools-FoD-Package~31bf3856ad364e35~wow64~pl-pl~.cab" PayloadType="ExpressCab" />
        <PayloadItem PayloadHash="HpXRftNqn9dfMC5H9HNxbBYUwvgfOOoHdKQWHQAVxdE=" PayloadSize="89391" Path="FeaturesOnDemand\pl-pl\baseless\Microsoft-Windows-FileServices-Tools-FoD-Package~31bf3856ad364e35~wow64~pl-pl~.psf" PayloadType="ExpressPSF" />
      </Payload>
    </Package>
    <Package ID="Microsoft-Windows-GroupPolicy-Management-Tools-FoD-Package~31bf3856ad364e35~AMD64~pl-pl~" InstalledSize="2375734" Version="10.0.17763.1">
      <SatelliteInfo>
        <ApplyToInfo>
          <ApplyTo Type="language" Value="pl-PL" />
        </ApplyToInfo>
      </SatelliteInfo>
      <Payload>
        <PayloadItem PayloadHash="0D0tV9dzsHL3l6wGz4cq+ATtqUIIPPGPATfsRto3lCA=" PayloadSize="22831" Path="FeaturesOnDemand\pl-pl\baseless\Microsoft-Windows-GroupPolicy-Management-Tools-FoD-Package~31bf3856ad364e35~AMD64~pl-pl~.cab" PayloadType="ExpressCab" />
        <PayloadItem PayloadHash="sQHJR50QT9aF+/X+i/BWx+hu3/Izwk/xWg/16YmL0xA=" PayloadSize="367059" Path="FeaturesOnDemand\pl-pl\baseless\Microsoft-Windows-GroupPolicy-Management-Tools-FoD-Package~31bf3856ad364e35~AMD64~pl-pl~.psf" PayloadType="ExpressPSF" />
      </Payload>
    </Package>
    <Package ID="Microsoft-Windows-GroupPolicy-Management-Tools-FoD-Package~31bf3856ad364e35~wow64~pl-pl~" InstalledSize="332989" Version="10.0.17763.1">
      <SatelliteInfo>
        <ApplyToInfo>
          <ApplyTo Type="arch" Value="wow64" />
          <ApplyTo Type="language" Value="pl-PL" />
        </ApplyToInfo>
      </SatelliteInfo>
      <Payload>
        <PayloadItem PayloadHash="sKDiAEwJLoxSR3AQov0+yXGkpdeezx0uGHpxCyxI2Ew=" PayloadSize="19081" Path="FeaturesOnDemand\pl-pl\baseless\Microsoft-Windows-GroupPolicy-Management-Tools-FoD-Package~31bf3856ad364e35~wow64~pl-pl~.cab" PayloadType="ExpressCab" />
        <PayloadItem PayloadHash="0G02pwO4IJ5P+1g9gxjLTwzQI/iahcq1/eqrccR+q28=" PayloadSize="102730" Path="FeaturesOnDemand\pl-pl\baseless\Microsoft-Windows-GroupPolicy-Management-Tools-FoD-Package~31bf3856ad364e35~wow64~pl-pl~.psf" PayloadType="ExpressPSF" />
      </Payload>
    </Package>
    <Package ID="Microsoft-Windows-IPAM-Client-FoD-Package~31bf3856ad364e35~AMD64~pl-pl~" InstalledSize="112838" Version="10.0.17763.1">
      <SatelliteInfo>
        <ApplyToInfo>
          <ApplyTo Type="language" Value="pl-PL" />
        </ApplyToInfo>
      </SatelliteInfo>
      <Payload>
        <PayloadItem PayloadHash="MxQo3NjwkxWeJ6Wn+CgKKlqamCmOcN+bnOjhJ58xjWM=" PayloadSize="19011" Path="FeaturesOnDemand\pl-pl\baseless\Microsoft-Windows-IPAM-Client-FoD-Package~31bf3856ad364e35~AMD64~pl-pl~.cab" PayloadType="ExpressCab" />
        <PayloadItem PayloadHash="2mqxX1E0aL9PdjDPSDzqa2UQBbeCmIa0HX6Sy50e5dI=" PayloadSize="73074" Path="FeaturesOnDemand\pl-pl\baseless\Microsoft-Windows-IPAM-Client-FoD-Package~31bf3856ad364e35~AMD64~pl-pl~.psf" PayloadType="ExpressPSF" />
      </Payload>
    </Package>
    <Package ID="Microsoft-Windows-IPAM-Client-FoD-Package~31bf3856ad364e35~wow64~pl-pl~" InstalledSize="28457" Version="10.0.17763.1">
      <SatelliteInfo>
        <ApplyToInfo>
          <ApplyTo Type="arch" Value="wow64" />
          <ApplyTo Type="language" Value="pl-PL" />
        </ApplyToInfo>
      </SatelliteInfo>
      <Payload>
        <PayloadItem PayloadHash="fUWO7VESBhj5egNvR5Y46Yvl+yqWcrquFu3smKbaCBA=" PayloadSize="18341" Path="FeaturesOnDemand\pl-pl\baseless\Microsoft-Windows-IPAM-Client-FoD-Package~31bf3856ad364e35~wow64~pl-pl~.cab" PayloadType="ExpressCab" />
        <PayloadItem PayloadHash="jZSjLMv7Jg++TL5VA0jpEXa/3bFcAhmecFhQPL5dgIY=" PayloadSize="61433" Path="FeaturesOnDemand\pl-pl\baseless\Microsoft-Windows-IPAM-Client-FoD-Package~31bf3856ad364e35~wow64~pl-pl~.psf" PayloadType="ExpressPSF" />
      </Payload>
    </Package>
    <Package ID="Microsoft-Windows-NetworkController-Tools-FoD-Package~31bf3856ad364e35~AMD64~pl-pl~" InstalledSize="70042" Version="10.0.17763.1">
      <SatelliteInfo>
        <ApplyToInfo>
          <ApplyTo Type="language" Value="pl-PL" />
        </ApplyToInfo>
      </SatelliteInfo>
      <Payload>
        <PayloadItem PayloadHash="Rq/Ve10bGrWV24xl/hCQQGfGvwQn/xOUcjdSJpmIE/M=" PayloadSize="19257" Path="FeaturesOnDemand\pl-pl\baseless\Microsoft-Windows-NetworkController-Tools-FoD-Package~31bf3856ad364e35~AMD64~pl-pl~.cab" PayloadType="ExpressCab" />
        <PayloadItem PayloadHash="kKtFi2Bi820YSVlc0uCbr8RsYk/F5vw1RsEqkxLiGno=" PayloadSize="80354" Path="FeaturesOnDemand\pl-pl\baseless\Microsoft-Windows-NetworkController-Tools-FoD-Package~31bf3856ad364e35~AMD64~pl-pl~.psf" PayloadType="ExpressPSF" />
      </Payload>
    </Package>
    <Package ID="Microsoft-Windows-NetworkLoadBalancing-Tools-FoD-Package~31bf3856ad364e35~AMD64~pl-pl~" InstalledSize="233432" Version="10.0.17763.1">
      <SatelliteInfo>
        <ApplyToInfo>
          <ApplyTo Type="language" Value="pl-PL" />
        </ApplyToInfo>
      </SatelliteInfo>
      <Payload>
        <PayloadItem PayloadHash="h40s3kYFSx7xrN6dyW7BqL6VwFUZyQNrqmI9oOp2i6s=" PayloadSize="19361" Path="FeaturesOnDemand\pl-pl\baseless\Microsoft-Windows-NetworkLoadBalancing-Tools-FoD-Package~31bf3856ad364e35~AMD64~pl-pl~.cab" PayloadType="ExpressCab" />
        <PayloadItem PayloadHash="6W14n74XrR4Fpd9tgAlMV5CBp3OzXUQZTLz0fABLUjQ=" PayloadSize="99254" Path="FeaturesOnDemand\pl-pl\baseless\Microsoft-Windows-NetworkLoadBalancing-Tools-FoD-Package~31bf3856ad364e35~AMD64~pl-pl~.psf" PayloadType="ExpressPSF" />
      </Payload>
    </Package>
    <Package ID="Microsoft-Windows-RasCMAK-Client-Package~31bf3856ad364e35~AMD64~pl-pl~" InstalledSize="230771" Version="10.0.17763.1">
      <SatelliteInfo>
        <ApplyToInfo>
          <ApplyTo Type="language" Value="pl-PL" />
        </ApplyToInfo>
      </SatelliteInfo>
      <Payload>
        <PayloadItem PayloadHash="qg6AVo5Am/bGXNbz2UZZTOlCzjn5TKFyn9jZjSJT18c=" PayloadSize="19203" Path="FeaturesOnDemand\pl-pl\baseless\Microsoft-Windows-RasCMAK-Client-Package~31bf3856ad364e35~AMD64~pl-pl~.cab" PayloadType="ExpressCab" />
        <PayloadItem PayloadHash="PWVlIkDKG0+FYmrkXIfPbnqO/hbqLEjMHBSCIU3d49g=" PayloadSize="126525" Path="FeaturesOnDemand\pl-pl\baseless\Microsoft-Windows-RasCMAK-Client-Package~31bf3856ad364e35~AMD64~pl-pl~.psf" PayloadType="ExpressPSF" />
      </Payload>
    </Package>
    <Package ID="Microsoft-Windows-RasCMAK-Client-Package~31bf3856ad364e35~wow64~pl-pl~" InstalledSize="495312" Version="10.0.17763.1">
      <SatelliteInfo>
        <ApplyToInfo>
          <ApplyTo Type="arch" Value="wow64" />
          <ApplyTo Type="language" Value="pl-PL" />
        </ApplyToInfo>
      </SatelliteInfo>
      <Payload>
        <PayloadItem PayloadHash="YF7OeREzAUJA8JUZj36UnE1H59tnIleur1RZ3fL9urU=" PayloadSize="19345" Path="FeaturesOnDemand\pl-pl\baseless\Microsoft-Windows-RasCMAK-Client-Package~31bf3856ad364e35~wow64~pl-pl~.cab" PayloadType="ExpressCab" />
        <PayloadItem PayloadHash="8qzoTYIuITn1J8Lz8cQjeCJaqrhWiLnN8QJoaeOuoS8=" PayloadSize="402642" Path="FeaturesOnDemand\pl-pl\baseless\Microsoft-Windows-RasCMAK-Client-Package~31bf3856ad364e35~wow64~pl-pl~.psf" PayloadType="ExpressPSF" />
      </Payload>
    </Package>
    <Package ID="Microsoft-Windows-RasRip-Package~31bf3856ad364e35~AMD64~pl-pl~" InstalledSize="27750" Version="10.0.17763.1">
      <SatelliteInfo>
        <ApplyToInfo>
          <ApplyTo Type="language" Value="pl-PL" />
        </ApplyToInfo>
      </SatelliteInfo>
      <Payload>
        <PayloadItem PayloadHash="wxwVVsBSAWEnKq2K0R9x7jF66NrSiyuh+pvZRhFI3dg=" PayloadSize="18715" Path="FeaturesOnDemand\pl-pl\baseless\Microsoft-Windows-RasRip-Package~31bf3856ad364e35~AMD64~pl-pl~.cab" PayloadType="ExpressCab" />
        <PayloadItem PayloadHash="WYFKvfssLO6T7Oln2eSH6WZphymiBvpMI5S3bMqdaCo=" PayloadSize="62150" Path="FeaturesOnDemand\pl-pl\baseless\Microsoft-Windows-RasRip-Package~31bf3856ad364e35~AMD64~pl-pl~.psf" PayloadType="ExpressPSF" />
      </Payload>
    </Package>
    <Package ID="Microsoft-Windows-RemoteAccess-Management-Tools-FoD-Package~31bf3856ad364e35~AMD64~pl-pl~" InstalledSize="18676576" Version="10.0.17763.1">
      <SatelliteInfo>
        <ApplyToInfo>
          <ApplyTo Type="language" Value="pl-PL" />
        </ApplyToInfo>
      </SatelliteInfo>
      <Payload>
        <PayloadItem PayloadHash="2JeJ3SC0XFbKTMxeCJLeYFVnAQ0RogmjGWIqYF1fi1U=" PayloadSize="21903" Path="FeaturesOnDemand\pl-pl\baseless\Microsoft-Windows-RemoteAccess-Management-Tools-FoD-Package~31bf3856ad364e35~AMD64~pl-pl~.cab" PayloadType="ExpressCab" />
        <PayloadItem PayloadHash="8JoT+74OBJYvFL/S2BAgn85fsI6kttq9BGrKk779l1o=" PayloadSize="3417741" Path="FeaturesOnDemand\pl-pl\baseless\Microsoft-Windows-RemoteAccess-Management-Tools-FoD-Package~31bf3856ad364e35~AMD64~pl-pl~.psf" PayloadType="ExpressPSF" />
      </Payload>
    </Package>
    <Package ID="Microsoft-Windows-RemoteAccess-Management-Tools-FoD-Package~31bf3856ad364e35~wow64~pl-pl~" InstalledSize="13719" Version="10.0.17763.1">
      <SatelliteInfo>
        <ApplyToInfo>
          <ApplyTo Type="arch" Value="wow64" />
          <ApplyTo Type="language" Value="pl-PL" />
        </ApplyToInfo>
      </SatelliteInfo>
      <Payload>
        <PayloadItem PayloadHash="anuMA62HWWBkgGVMlUT9B7BXNMnxU8tmGYn+FSfx1qY=" PayloadSize="18591" Path="FeaturesOnDemand\pl-pl\baseless\Microsoft-Windows-RemoteAccess-Management-Tools-FoD-Package~31bf3856ad364e35~wow64~pl-pl~.cab" PayloadType="ExpressCab" />
        <PayloadItem PayloadHash="PpcoE9Sv4FiE0ANqviF1nMcAxFV9ZJIw+m/9P+nmhIo=" PayloadSize="59006" Path="FeaturesOnDemand\pl-pl\baseless\Microsoft-Windows-RemoteAccess-Management-Tools-FoD-Package~31bf3856ad364e35~wow64~pl-pl~.psf" PayloadType="ExpressPSF" />
      </Payload>
    </Package>
    <Package ID="Microsoft-Windows-RemoteDesktop-Services-Tools-FoD-Package~31bf3856ad364e35~AMD64~pl-pl~" InstalledSize="1551148" Version="10.0.17763.1">
      <SatelliteInfo>
        <ApplyToInfo>
          <ApplyTo Type="language" Value="pl-PL" />
        </ApplyToInfo>
      </SatelliteInfo>
      <Payload>
        <PayloadItem PayloadHash="rEdkhA8QOA8sf+JsoT7392L2iepEbSMta1kyd9VElCE=" PayloadSize="20665" Path="FeaturesOnDemand\pl-pl\baseless\Microsoft-Windows-RemoteDesktop-Services-Tools-FoD-Package~31bf3856ad364e35~AMD64~pl-pl~.cab" PayloadType="ExpressCab" />
        <PayloadItem PayloadHash="XMGwREg6i8x0D12SE6RO4SgXW0sA10dd7k0kDlYi4gg=" PayloadSize="311495" Path="FeaturesOnDemand\pl-pl\baseless\Microsoft-Windows-RemoteDesktop-Services-Tools-FoD-Package~31bf3856ad364e35~AMD64~pl-pl~.psf" PayloadType="ExpressPSF" />
      </Payload>
    </Package>
    <Package ID="Microsoft-Windows-Server-AppCompat-FoD-Package~31bf3856ad364e35~AMD64~pl-pl~" InstalledSize="28714323" Version="10.0.17763.1">
      <SatelliteInfo>
        <ApplyToInfo>
          <ApplyTo Type="language" Value="pl-PL" />
        </ApplyToInfo>
      </SatelliteInfo>
      <Payload>
        <PayloadItem PayloadHash="cKLphKzClszpDU1QOKDGKqwgNgfcI0VHpzkdGb4zaSY=" PayloadSize="95801" Path="FeaturesOnDemand\pl-pl\baseless\Microsoft-Windows-Server-AppCompat-FoD-Package~31bf3856ad364e35~AMD64~pl-pl~.cab" PayloadType="ExpressCab" />
        <PayloadItem PayloadHash="H51i/LTu+4sw1jPUMzM3rE5DtZlzKHipCThhOZpx2Ko=" PayloadSize="6943087" Path="FeaturesOnDemand\pl-pl\baseless\Microsoft-Windows-Server-AppCompat-FoD-Package~31bf3856ad364e35~AMD64~pl-pl~.psf" PayloadType="ExpressPSF" />
      </Payload>
    </Package>
    <Package ID="Microsoft-Windows-ServerManager-Tools-FoD-Package~31bf3856ad364e35~AMD64~pl-pl~" InstalledSize="12012101" Version="10.0.17763.1">
      <SatelliteInfo>
        <ApplyToInfo>
          <ApplyTo Type="language" Value="pl-PL" />
        </ApplyToInfo>
      </SatelliteInfo>
      <Payload>
        <PayloadItem PayloadHash="4+HYMF76xKMZRSGWzzdoTloGBCH0S5nD6nrrvv7G9Nw=" PayloadSize="38623" Path="FeaturesOnDemand\pl-pl\baseless\Microsoft-Windows-ServerManager-Tools-FoD-Package~31bf3856ad364e35~AMD64~pl-pl~.cab" PayloadType="ExpressCab" />
        <PayloadItem PayloadHash="ZjDVOmgke1XUN/340UxdGCpwlEryISTkeW3D8yPjNvE=" PayloadSize="2351007" Path="FeaturesOnDemand\pl-pl\baseless\Microsoft-Windows-ServerManager-Tools-FoD-Package~31bf3856ad364e35~AMD64~pl-pl~.psf" PayloadType="ExpressPSF" />
      </Payload>
    </Package>
    <Package ID="Microsoft-Windows-ServerManager-Tools-FoD-Package~31bf3856ad364e35~wow64~pl-pl~" InstalledSize="1232300" Version="10.0.17763.1">
      <SatelliteInfo>
        <ApplyToInfo>
          <ApplyTo Type="arch" Value="wow64" />
          <ApplyTo Type="language" Value="pl-PL" />
        </ApplyToInfo>
      </SatelliteInfo>
      <Payload>
        <PayloadItem PayloadHash="dOflHXzC8DQl4RdgeX4JmCjy09XdzZ9tKt0+EjhbzNw=" PayloadSize="19883" Path="FeaturesOnDemand\pl-pl\baseless\Microsoft-Windows-ServerManager-Tools-FoD-Package~31bf3856ad364e35~wow64~pl-pl~.cab" PayloadType="ExpressCab" />
        <PayloadItem PayloadHash="pRI9xXu2l0TANX1ODjwRq6+ggcozhyCxk04ZGKd9m70=" PayloadSize="369531" Path="FeaturesOnDemand\pl-pl\baseless\Microsoft-Windows-ServerManager-Tools-FoD-Package~31bf3856ad364e35~wow64~pl-pl~.psf" PayloadType="ExpressPSF" />
      </Payload>
    </Package>
    <Package ID="Microsoft-Windows-Shielded-VM-Tools-FoD-Package~31bf3856ad364e35~AMD64~pl-pl~" InstalledSize="400301" Version="10.0.17763.1">
      <SatelliteInfo>
        <ApplyToInfo>
          <ApplyTo Type="language" Value="pl-PL" />
        </ApplyToInfo>
      </SatelliteInfo>
      <Payload>
        <PayloadItem PayloadHash="aat9xI4fLpmOEMTTiWEn6ux1wPoNHInKnFBVchLDwow=" PayloadSize="23881" Path="FeaturesOnDemand\pl-pl\baseless\Microsoft-Windows-Shielded-VM-Tools-FoD-Package~31bf3856ad364e35~AMD64~pl-pl~.cab" PayloadType="ExpressCab" />
        <PayloadItem PayloadHash="LOeSqCbsdSsyCSlAJgepMeBF3VYyOyEkjAY50HOy9io=" PayloadSize="184407" Path="FeaturesOnDemand\pl-pl\baseless\Microsoft-Windows-Shielded-VM-Tools-FoD-Package~31bf3856ad364e35~AMD64~pl-pl~.psf" PayloadType="ExpressPSF" />
      </Payload>
    </Package>
    <Package ID="Microsoft-Windows-SNMP-Client-Package~31bf3856ad364e35~AMD64~pl-pl~" InstalledSize="138426" Version="10.0.17763.1">
      <SatelliteInfo>
        <ApplyToInfo>
          <ApplyTo Type="language" Value="pl-PL" />
        </ApplyToInfo>
      </SatelliteInfo>
      <Payload>
        <PayloadItem PayloadHash="HWucQuzcb9c3pB7ebs0btQH7y7yvqcs9Dc0ZcNMCCzk=" PayloadSize="20523" Path="FeaturesOnDemand\pl-pl\baseless\Microsoft-Windows-SNMP-Client-Package~31bf3856ad364e35~AMD64~pl-pl~.cab" PayloadType="ExpressCab" />
        <PayloadItem PayloadHash="sdEUkhQ3ZQijq93lFtbl1BWIlTXSzQQbJoa4kdkPwSw=" PayloadSize="103184" Path="FeaturesOnDemand\pl-pl\baseless\Microsoft-Windows-SNMP-Client-Package~31bf3856ad364e35~AMD64~pl-pl~.psf" PayloadType="ExpressPSF" />
      </Payload>
    </Package>
    <Package ID="Microsoft-Windows-SNMP-Client-Package~31bf3856ad364e35~wow64~pl-pl~" InstalledSize="138566" Version="10.0.17763.1">
      <SatelliteInfo>
        <ApplyToInfo>
          <ApplyTo Type="arch" Value="wow64" />
          <ApplyTo Type="language" Value="pl-PL" />
        </ApplyToInfo>
      </SatelliteInfo>
      <Payload>
        <PayloadItem PayloadHash="2aOqxqXJ+mHIzRu0WHA+FRBe10uBN46esR5aUnEkeGM=" PayloadSize="20515" Path="FeaturesOnDemand\pl-pl\baseless\Microsoft-Windows-SNMP-Client-Package~31bf3856ad364e35~wow64~pl-pl~.cab" PayloadType="ExpressCab" />
        <PayloadItem PayloadHash="Ov32sYxOA0NLAzQJwM5V4lyGEvn7TeDO2rBpex27AmE=" PayloadSize="103488" Path="FeaturesOnDemand\pl-pl\baseless\Microsoft-Windows-SNMP-Client-Package~31bf3856ad364e35~wow64~pl-pl~.psf" PayloadType="ExpressPSF" />
      </Payload>
    </Package>
    <Package ID="Microsoft-Windows-StorageManagement-FoD-Package~31bf3856ad364e35~AMD64~pl-pl~" InstalledSize="1620460" Version="10.0.17763.1">
      <SatelliteInfo>
        <ApplyToInfo>
          <ApplyTo Type="language" Value="pl-PL" />
        </ApplyToInfo>
      </SatelliteInfo>
      <Payload>
        <PayloadItem PayloadHash="qN43IfCCxvqtzl5Vp3g077+RfJVzMHXyFFUAo7D9t5A=" PayloadSize="21213" Path="FeaturesOnDemand\pl-pl\baseless\Microsoft-Windows-StorageManagement-FoD-Package~31bf3856ad364e35~AMD64~pl-pl~.cab" PayloadType="ExpressCab" />
        <PayloadItem PayloadHash="1Rjnu+IMGvPgl/t2vsJmHjNR9KSgIBJ714oQWHXs/7U=" PayloadSize="210388" Path="FeaturesOnDemand\pl-pl\baseless\Microsoft-Windows-StorageManagement-FoD-Package~31bf3856ad364e35~AMD64~pl-pl~.psf" PayloadType="ExpressPSF" />
      </Payload>
    </Package>
    <Package ID="Microsoft-Windows-StorageManagement-FoD-Package~31bf3856ad364e35~wow64~pl-pl~" InstalledSize="1119774" Version="10.0.17763.1">
      <SatelliteInfo>
        <ApplyToInfo>
          <ApplyTo Type="arch" Value="wow64" />
          <ApplyTo Type="language" Value="pl-PL" />
        </ApplyToInfo>
      </SatelliteInfo>
      <Payload>
        <PayloadItem PayloadHash="5MffnjKbyG88MY5iFgTv0sACrJheSw2rVdWycx/Ndn8=" PayloadSize="20279" Path="FeaturesOnDemand\pl-pl\baseless\Microsoft-Windows-StorageManagement-FoD-Package~31bf3856ad364e35~wow64~pl-pl~.cab" PayloadType="ExpressCab" />
        <PayloadItem PayloadHash="9YjxycpYu1vsloSBPfsqt9nexIN1ttKeBYWCLJLEaXw=" PayloadSize="140340" Path="FeaturesOnDemand\pl-pl\baseless\Microsoft-Windows-StorageManagement-FoD-Package~31bf3856ad364e35~wow64~pl-pl~.psf" PayloadType="ExpressPSF" />
      </Payload>
    </Package>
    <Package ID="Microsoft-Windows-StorageMigrationService-Management-Tools-FOD-Package~31bf3856ad364e35~AMD64~pl-pl~" InstalledSize="56971" Version="10.0.17763.1">
      <SatelliteInfo>
        <ApplyToInfo>
          <ApplyTo Type="language" Value="pl-PL" />
        </ApplyToInfo>
      </SatelliteInfo>
      <Payload>
        <PayloadItem PayloadHash="B2LYPQeJFQv9QQOsQwG0rg/PDM54OijrUfxytjx6+CU=" PayloadSize="19029" Path="FeaturesOnDemand\pl-pl\baseless\Microsoft-Windows-StorageMigrationService-Management-Tools-FOD-Package~31bf3856ad364e35~AMD64~pl-pl~.cab" PayloadType="ExpressCab" />
        <PayloadItem PayloadHash="ZfPxo2ysomQG8ecJ0DDTG71E2htVAuLvU9WmNuK+5Wk=" PayloadSize="73474" Path="FeaturesOnDemand\pl-pl\baseless\Microsoft-Windows-StorageMigrationService-Management-Tools-FOD-Package~31bf3856ad364e35~AMD64~pl-pl~.psf" PayloadType="ExpressPSF" />
      </Payload>
    </Package>
    <Package ID="Microsoft-Windows-StorageReplica-Tools-FoD-Package~31bf3856ad364e35~AMD64~pl-pl~" InstalledSize="401655" Version="10.0.17763.1">
      <SatelliteInfo>
        <ApplyToInfo>
          <ApplyTo Type="language" Value="pl-PL" />
        </ApplyToInfo>
      </SatelliteInfo>
      <Payload>
        <PayloadItem PayloadHash="c1bTLSVo+eBtZpXr3OrgZgcZqUm+Lu7XThXbzli11h4=" PayloadSize="19195" Path="FeaturesOnDemand\pl-pl\baseless\Microsoft-Windows-StorageReplica-Tools-FoD-Package~31bf3856ad364e35~AMD64~pl-pl~.cab" PayloadType="ExpressCab" />
        <PayloadItem PayloadHash="UVyPE3eNyL19FoQO+4Oqv803u53j8Fr/KHWJafLyr3U=" PayloadSize="116828" Path="FeaturesOnDemand\pl-pl\baseless\Microsoft-Windows-StorageReplica-Tools-FoD-Package~31bf3856ad364e35~AMD64~pl-pl~.psf" PayloadType="ExpressPSF" />
      </Payload>
    </Package>
    <Package ID="Microsoft-Windows-SystemInsights-Management-Tools-FOD-Package~31bf3856ad364e35~AMD64~pl-pl~" InstalledSize="41641" Version="10.0.17763.1">
      <SatelliteInfo>
        <ApplyToInfo>
          <ApplyTo Type="language" Value="pl-PL" />
        </ApplyToInfo>
      </SatelliteInfo>
      <Payload>
        <PayloadItem PayloadHash="DDEgwIN5v54opXmRqSY72nLum4vRiasr1utoYxBEARU=" PayloadSize="19003" Path="FeaturesOnDemand\pl-pl\baseless\Microsoft-Windows-SystemInsights-Management-Tools-FOD-Package~31bf3856ad364e35~AMD64~pl-pl~.cab" PayloadType="ExpressCab" />
        <PayloadItem PayloadHash="iHoKtLNgGlZm7AV3ds2u+4esIljY7LhqUVvB9ES16xw=" PayloadSize="70403" Path="FeaturesOnDemand\pl-pl\baseless\Microsoft-Windows-SystemInsights-Management-Tools-FOD-Package~31bf3856ad364e35~AMD64~pl-pl~.psf" PayloadType="ExpressPSF" />
      </Payload>
    </Package>
    <Package ID="Microsoft-Windows-VolumeActivation-Tools-FoD-Package~31bf3856ad364e35~AMD64~pl-pl~" InstalledSize="228201" Version="10.0.17763.1">
      <SatelliteInfo>
        <ApplyToInfo>
          <ApplyTo Type="language" Value="pl-PL" />
        </ApplyToInfo>
      </SatelliteInfo>
      <Payload>
        <PayloadItem PayloadHash="RMjLVGa3+o12vuMZh53TtCKu15GYYqmN7gETlUX5Ez0=" PayloadSize="18851" Path="FeaturesOnDemand\pl-pl\baseless\Microsoft-Windows-VolumeActivation-Tools-FoD-Package~31bf3856ad364e35~AMD64~pl-pl~.cab" PayloadType="ExpressCab" />
        <PayloadItem PayloadHash="VVTAdeIUgjxQXTStj2B2neTZ5OzfxS23MWt+uHWblfE=" PayloadSize="181999" Path="FeaturesOnDemand\pl-pl\baseless\Microsoft-Windows-VolumeActivation-Tools-FoD-Package~31bf3856ad364e35~AMD64~pl-pl~.psf" PayloadType="ExpressPSF" />
      </Payload>
    </Package>
    <Package ID="Microsoft-Windows-WMI-SNMP-Provider-Client-Package~31bf3856ad364e35~AMD64~pl-pl~" InstalledSize="57180" Version="10.0.17763.1">
      <SatelliteInfo>
        <ApplyToInfo>
          <ApplyTo Type="language" Value="pl-PL" />
        </ApplyToInfo>
      </SatelliteInfo>
      <Payload>
        <PayloadItem PayloadHash="BX7Rorh3C6nBH+aYEIWM5MGcdEMrHVIi9JrSAOfo6QI=" PayloadSize="19287" Path="FeaturesOnDemand\pl-pl\baseless\Microsoft-Windows-WMI-SNMP-Provider-Client-Package~31bf3856ad364e35~AMD64~pl-pl~.cab" PayloadType="ExpressCab" />
        <PayloadItem PayloadHash="h7oDOi/khd1DqEowqGx1VYgXtv8gbkMbzG9PJ8p4JAI=" PayloadSize="74040" Path="FeaturesOnDemand\pl-pl\baseless\Microsoft-Windows-WMI-SNMP-Provider-Client-Package~31bf3856ad364e35~AMD64~pl-pl~.psf" PayloadType="ExpressPSF" />
      </Payload>
    </Package>
    <Package ID="Microsoft-Windows-WMI-SNMP-Provider-Client-Package~31bf3856ad364e35~wow64~pl-pl~" InstalledSize="57065" Version="10.0.17763.1">
      <SatelliteInfo>
        <ApplyToInfo>
          <ApplyTo Type="arch" Value="wow64" />
          <ApplyTo Type="language" Value="pl-PL" />
        </ApplyToInfo>
      </SatelliteInfo>
      <Payload>
        <PayloadItem PayloadHash="3OL3p1SeoabUmfK8ProhCjSg9aCCLiv+QFc6lz1KxH4=" PayloadSize="18877" Path="FeaturesOnDemand\pl-pl\baseless\Microsoft-Windows-WMI-SNMP-Provider-Client-Package~31bf3856ad364e35~wow64~pl-pl~.cab" PayloadType="ExpressCab" />
        <PayloadItem PayloadHash="aTj1esp9tTPZp7ni2zq1Q36AOFlm0T0nZpvBrx3S7QU=" PayloadSize="74031" Path="FeaturesOnDemand\pl-pl\baseless\Microsoft-Windows-WMI-SNMP-Provider-Client-Package~31bf3856ad364e35~wow64~pl-pl~.psf" PayloadType="ExpressPSF" />
      </Payload>
    </Package>
    <Package ID="Microsoft-Windows-WSUS-Tools-FoD-Package~31bf3856ad364e35~AMD64~pl-pl~" InstalledSize="2964000" Version="10.0.17763.1">
      <SatelliteInfo>
        <ApplyToInfo>
          <ApplyTo Type="language" Value="pl-PL" />
        </ApplyToInfo>
      </SatelliteInfo>
      <Payload>
        <PayloadItem PayloadHash="Y0wHE6wKu4y1XjHE2AaWIVzrzaqBeKG/xlAMYry6Gh0=" PayloadSize="19553" Path="FeaturesOnDemand\pl-pl\baseless\Microsoft-Windows-WSUS-Tools-FoD-Package~31bf3856ad364e35~AMD64~pl-pl~.cab" PayloadType="ExpressCab" />
        <PayloadItem PayloadHash="WFrJ6sEnXu0esXv6EtxY6pQ2q39LEwSgrvQHuhtOOp4=" PayloadSize="403431" Path="FeaturesOnDemand\pl-pl\baseless\Microsoft-Windows-WSUS-Tools-FoD-Package~31bf3856ad364e35~AMD64~pl-pl~.psf" PayloadType="ExpressPSF" />
      </Payload>
    </Package>
  </Packages>
</CompDB>