<?xml version="1.0" encoding="utf-8"?>
<CompDB xmlns:xsi="http://www.w3.org/2001/XMLSchema-instance" xmlns:xsd="http://www.w3.org/2001/XMLSchema" CreatedDate="2018-11-15T20:34:22.8017517Z" Revision="1" SchemaVersion="1.2" Product="Desktop" BuildID="80154b57-1148-3590-c1b9-d2ce93ee1fac" BuildInfo="rs5_release.17763.1.180914-1434" OSVersion="10.0.17763.1" BuildArch="amd64" ReleaseType="Production" Type="Baseless" xmlns="http://schemas.microsoft.com/embedded/2004/10/ImageUpdate">
  <Tags Type="Language">
    <Tag Name="Language" Value="en-GB" />
    <Tag Name="UpdateType" Value="Baseless" />
  </Tags>
  <Features>
    <Feature Type="LanguagePack" FeatureID="Language.UI.Server~en-gb" FMID="MSDL" Group="Microsoft">
      <Packages>
        <Package ID="Microsoft-Windows-Server-LanguagePack-Package_en-gb~31bf3856ad364e35~amd64~en-gb~" PackageType="FeaturePackage" />
      </Packages>
    </Feature>
    <Feature Type="OnDemandFeature" FeatureID="Microsoft.Onecore.StorageManagement~~1.0" FMID="MSDN" Group="Microsoft">
      <Packages>
        <Package ID="Microsoft-OneCore-StorageManagement-FoD-Package~31bf3856ad364e35~AMD64~en-gb~" PackageType="SatellitePackage" />
        <Package ID="Microsoft-OneCore-StorageManagement-FoD-Package~31bf3856ad364e35~wow64~en-gb~" PackageType="SatellitePackage" />
      </Packages>
    </Feature>
    <Feature Type="OnDemandFeature" FeatureID="Rsat.ActiveDirectory.DS-LDS.Tools~~1.0" FMID="MSDN" Group="Microsoft">
      <Dependencies>
        <Feature FeatureID="Rsat.ServerManager.Tools~~1.0" />
      </Dependencies>
      <Packages>
        <Package ID="Microsoft-Windows-ActiveDirectory-DS-LDS-Tools-FoD-Package~31bf3856ad364e35~AMD64~en-gb~" PackageType="SatellitePackage" />
        <Package ID="Microsoft-Windows-ActiveDirectory-DS-LDS-Tools-FoD-Package~31bf3856ad364e35~wow64~en-gb~" PackageType="SatellitePackage" />
      </Packages>
    </Feature>
    <Feature Type="OnDemandFeature" FeatureID="Rsat.BitLocker.Recovery.Tools~~1.0" FMID="MSDN" Group="Microsoft">
      <Dependencies>
        <Feature FeatureID="Rsat.ActiveDirectory.DS-LDS.Tools~~1.0" />
      </Dependencies>
      <Packages>
        <Package ID="Microsoft-Windows-BitLocker-Recovery-Tools-FoD-Package~31bf3856ad364e35~AMD64~en-gb~" PackageType="SatellitePackage" />
      </Packages>
    </Feature>
    <Feature Type="OnDemandFeature" FeatureID="Rsat.CertificateServices.Tools~~1.0" FMID="MSDN" Group="Microsoft">
      <Packages>
        <Package ID="Microsoft-Windows-CertificateServices-Tools-FoD-Package~31bf3856ad364e35~AMD64~en-gb~" PackageType="SatellitePackage" />
      </Packages>
    </Feature>
    <Feature Type="OnDemandFeature" FeatureID="Rsat.DHCP.Tools~~1.0" FMID="MSDN" Group="Microsoft">
      <Packages>
        <Package ID="Microsoft-Windows-DHCP-Tools-FoD-Package~31bf3856ad364e35~AMD64~en-gb~" PackageType="SatellitePackage" />
        <Package ID="Microsoft-Windows-DHCP-Tools-FoD-Package~31bf3856ad364e35~wow64~en-gb~" PackageType="SatellitePackage" />
      </Packages>
    </Feature>
    <Feature Type="OnDemandFeature" FeatureID="Rsat.Dns.Tools~~1.0" FMID="MSDN" Group="Microsoft">
      <Packages>
        <Package ID="Microsoft-Windows-DNS-Tools-FoD-Package~31bf3856ad364e35~AMD64~en-gb~" PackageType="SatellitePackage" />
        <Package ID="Microsoft-Windows-DNS-Tools-FoD-Package~31bf3856ad364e35~wow64~en-gb~" PackageType="SatellitePackage" />
      </Packages>
    </Feature>
    <Feature Type="OnDemandFeature" FeatureID="Rsat.FailoverCluster.Management.Tools~~1.0" FMID="MSDN" Group="Microsoft">
      <Dependencies>
        <Feature FeatureID="Rsat.FileServices.Tools~~1.0" />
      </Dependencies>
      <Packages>
        <Package ID="Microsoft-Windows-FailoverCluster-Management-Tools-FOD-Package~31bf3856ad364e35~AMD64~en-gb~" PackageType="SatellitePackage" />
        <Package ID="Microsoft-Windows-FailoverCluster-Management-Tools-FOD-Package~31bf3856ad364e35~wow64~en-gb~" PackageType="SatellitePackage" />
      </Packages>
    </Feature>
    <Feature Type="OnDemandFeature" FeatureID="Rsat.FileServices.Tools~~1.0" FMID="MSDN" Group="Microsoft">
      <Dependencies>
        <Feature FeatureID="Rsat.ServerManager.Tools~~1.0" />
      </Dependencies>
      <Packages>
        <Package ID="Microsoft-Windows-FileServices-Tools-FoD-Package~31bf3856ad364e35~AMD64~en-gb~" PackageType="SatellitePackage" />
        <Package ID="Microsoft-Windows-FileServices-Tools-FoD-Package~31bf3856ad364e35~wow64~en-gb~" PackageType="SatellitePackage" />
      </Packages>
    </Feature>
    <Feature Type="OnDemandFeature" FeatureID="Rsat.GroupPolicy.Management.Tools~~1.0" FMID="MSDN" Group="Microsoft">
      <Packages>
        <Package ID="Microsoft-Windows-GroupPolicy-Management-Tools-FoD-Package~31bf3856ad364e35~AMD64~en-gb~" PackageType="SatellitePackage" />
        <Package ID="Microsoft-Windows-GroupPolicy-Management-Tools-FoD-Package~31bf3856ad364e35~wow64~en-gb~" PackageType="SatellitePackage" />
      </Packages>
    </Feature>
    <Feature Type="OnDemandFeature" FeatureID="Rsat.IPAM.Client.Tools~~1.0" FMID="MSDN" Group="Microsoft">
      <Dependencies>
        <Feature FeatureID="Rsat.ServerManager.Tools~~1.0" />
      </Dependencies>
      <Packages>
        <Package ID="Microsoft-Windows-IPAM-Client-FoD-Package~31bf3856ad364e35~AMD64~en-gb~" PackageType="SatellitePackage" />
        <Package ID="Microsoft-Windows-IPAM-Client-FoD-Package~31bf3856ad364e35~wow64~en-gb~" PackageType="SatellitePackage" />
      </Packages>
    </Feature>
    <Feature Type="OnDemandFeature" FeatureID="Rsat.NetworkController.Tools~~1.0" FMID="MSDN" Group="Microsoft">
      <Packages>
        <Package ID="Microsoft-Windows-NetworkController-Tools-FoD-Package~31bf3856ad364e35~AMD64~en-gb~" PackageType="SatellitePackage" />
      </Packages>
    </Feature>
    <Feature Type="OnDemandFeature" FeatureID="Rsat.NetworkLoadBalancing.Tools~~1.0" FMID="MSDN" Group="Microsoft">
      <Packages>
        <Package ID="Microsoft-Windows-NetworkLoadBalancing-Tools-FoD-Package~31bf3856ad364e35~AMD64~en-gb~" PackageType="SatellitePackage" />
      </Packages>
    </Feature>
    <Feature Type="OnDemandFeature" FeatureID="RasCMAK.Client~~1.0" FMID="MSDN" Group="Microsoft">
      <Packages>
        <Package ID="Microsoft-Windows-RasCMAK-Client-Package~31bf3856ad364e35~AMD64~en-gb~" PackageType="SatellitePackage" />
        <Package ID="Microsoft-Windows-RasCMAK-Client-Package~31bf3856ad364e35~wow64~en-gb~" PackageType="SatellitePackage" />
      </Packages>
    </Feature>
    <Feature Type="OnDemandFeature" FeatureID="RIP.Listener~~1.0" FMID="MSDN" Group="Microsoft">
      <Packages>
        <Package ID="Microsoft-Windows-RasRip-Package~31bf3856ad364e35~AMD64~en-gb~" PackageType="SatellitePackage" />
      </Packages>
    </Feature>
    <Feature Type="OnDemandFeature" FeatureID="Rsat.RemoteAccess.Management.Tools~~1.0" FMID="MSDN" Group="Microsoft">
      <Dependencies>
        <Feature FeatureID="Rsat.GroupPolicy.Management.Tools~~1.0" />
        <Feature FeatureID="Rsat.ServerManager.Tools~~1.0" />
      </Dependencies>
      <Packages>
        <Package ID="Microsoft-Windows-RemoteAccess-Management-Tools-FoD-Package~31bf3856ad364e35~AMD64~en-gb~" PackageType="SatellitePackage" />
        <Package ID="Microsoft-Windows-RemoteAccess-Management-Tools-FoD-Package~31bf3856ad364e35~wow64~en-gb~" PackageType="SatellitePackage" />
      </Packages>
    </Feature>
    <Feature Type="OnDemandFeature" FeatureID="Rsat.RemoteDesktop.Services.Tools~~1.0" FMID="MSDN" Group="Microsoft">
      <Packages>
        <Package ID="Microsoft-Windows-RemoteDesktop-Services-Tools-FoD-Package~31bf3856ad364e35~AMD64~en-gb~" PackageType="SatellitePackage" />
      </Packages>
    </Feature>
    <Feature Type="OnDemandFeature" FeatureID="ServerCore.AppCompatibility~~1.0" FMID="MSDN" Group="Microsoft">
      <Packages>
        <Package ID="Microsoft-Windows-Server-AppCompat-FoD-Package~31bf3856ad364e35~AMD64~en-gb~" PackageType="SatellitePackage" />
      </Packages>
    </Feature>
    <Feature Type="OnDemandFeature" FeatureID="Rsat.ServerManager.Tools~~1.0" FMID="MSDN" Group="Microsoft">
      <Packages>
        <Package ID="Microsoft-Windows-ServerManager-Tools-FoD-Package~31bf3856ad364e35~AMD64~en-gb~" PackageType="SatellitePackage" />
        <Package ID="Microsoft-Windows-ServerManager-Tools-FoD-Package~31bf3856ad364e35~wow64~en-gb~" PackageType="SatellitePackage" />
      </Packages>
    </Feature>
    <Feature Type="OnDemandFeature" FeatureID="Rsat.Shielded.VM.Tools~~1.0" FMID="MSDN" Group="Microsoft">
      <Dependencies>
        <Feature FeatureID="Rsat.ServerManager.Tools~~1.0" />
      </Dependencies>
      <Packages>
        <Package ID="Microsoft-Windows-Shielded-VM-Tools-FoD-Package~31bf3856ad364e35~AMD64~en-gb~" PackageType="SatellitePackage" />
      </Packages>
    </Feature>
    <Feature Type="OnDemandFeature" FeatureID="SNMP.Client~~1.0" FMID="MSDN" Group="Microsoft">
      <Packages>
        <Package ID="Microsoft-Windows-SNMP-Client-Package~31bf3856ad364e35~AMD64~en-gb~" PackageType="SatellitePackage" />
        <Package ID="Microsoft-Windows-SNMP-Client-Package~31bf3856ad364e35~wow64~en-gb~" PackageType="SatellitePackage" />
      </Packages>
    </Feature>
    <Feature Type="OnDemandFeature" FeatureID="Microsoft.Windows.StorageManagement~~1.0" FMID="MSDN" Group="Microsoft">
      <Packages>
        <Package ID="Microsoft-Windows-StorageManagement-FoD-Package~31bf3856ad364e35~AMD64~en-gb~" PackageType="SatellitePackage" />
        <Package ID="Microsoft-Windows-StorageManagement-FoD-Package~31bf3856ad364e35~wow64~en-gb~" PackageType="SatellitePackage" />
      </Packages>
    </Feature>
    <Feature Type="OnDemandFeature" FeatureID="Rsat.StorageMigrationService.Management.Tools~~1.0" FMID="MSDN" Group="Microsoft">
      <Packages>
        <Package ID="Microsoft-Windows-StorageMigrationService-Management-Tools-FOD-Package~31bf3856ad364e35~AMD64~en-gb~" PackageType="SatellitePackage" />
      </Packages>
    </Feature>
    <Feature Type="OnDemandFeature" FeatureID="Rsat.StorageReplica.Tools~~1.0" FMID="MSDN" Group="Microsoft">
      <Packages>
        <Package ID="Microsoft-Windows-StorageReplica-Tools-FoD-Package~31bf3856ad364e35~AMD64~en-gb~" PackageType="SatellitePackage" />
      </Packages>
    </Feature>
    <Feature Type="OnDemandFeature" FeatureID="Rsat.SystemInsights.Management.Tools~~1.0" FMID="MSDN" Group="Microsoft">
      <Packages>
        <Package ID="Microsoft-Windows-SystemInsights-Management-Tools-FOD-Package~31bf3856ad364e35~AMD64~en-gb~" PackageType="SatellitePackage" />
      </Packages>
    </Feature>
    <Feature Type="OnDemandFeature" FeatureID="Rsat.VolumeActivation.Tools~~1.0" FMID="MSDN" Group="Microsoft">
      <Packages>
        <Package ID="Microsoft-Windows-VolumeActivation-Tools-FoD-Package~31bf3856ad364e35~AMD64~en-gb~" PackageType="SatellitePackage" />
      </Packages>
    </Feature>
    <Feature Type="OnDemandFeature" FeatureID="WMI-SNMP-Provider.Client~~1.0" FMID="MSDN" Group="Microsoft">
      <Dependencies>
        <Feature FeatureID="SNMP.Client~~1.0" />
      </Dependencies>
      <Packages>
        <Package ID="Microsoft-Windows-WMI-SNMP-Provider-Client-Package~31bf3856ad364e35~AMD64~en-gb~" PackageType="SatellitePackage" />
        <Package ID="Microsoft-Windows-WMI-SNMP-Provider-Client-Package~31bf3856ad364e35~wow64~en-gb~" PackageType="SatellitePackage" />
      </Packages>
    </Feature>
    <Feature Type="OnDemandFeature" FeatureID="Rsat.WSUS.Tools~~1.0" FMID="MSDN" Group="Microsoft">
      <Packages>
        <Package ID="Microsoft-Windows-WSUS-Tools-FoD-Package~31bf3856ad364e35~AMD64~en-gb~" PackageType="SatellitePackage" />
      </Packages>
    </Feature>
  </Features>
  <Packages>
    <Package ID="Microsoft-Windows-Server-LanguagePack-Package_en-gb~31bf3856ad364e35~amd64~en-gb~" InstalledSize="883073709" Version="10.0.17763.1">
      <SatelliteInfo>
        <DeclareInfo>
          <Declare Type="language" Value="en-GB" />
        </DeclareInfo>
      </SatelliteInfo>
      <Payload>
        <PayloadItem PayloadHash="WOqjMhJYowZ2TTP11jXn1hXxfWyHPV1QAq6OjFiJxQs=" PayloadSize="1620979" Path="UUP\Desktop\editionpackages\Server\en-gb\baseless\Microsoft-Windows-Server-LanguagePack-Package_en-gb~31bf3856ad364e35~amd64~en-gb~.cab" PayloadType="ExpressCab" />
        <PayloadItem PayloadHash="nIL8PnAPyp8h1NZq9aC+VaYLuhXMwwlUNLgqTya5nAI=" PayloadSize="67372007" Path="UUP\Desktop\editionpackages\Server\en-gb\baseless\Microsoft-Windows-Server-LanguagePack-Package_en-gb~31bf3856ad364e35~amd64~en-gb~.psf" PayloadType="ExpressPSF" />
      </Payload>
    </Package>
    <Package ID="Microsoft-OneCore-StorageManagement-FoD-Package~31bf3856ad364e35~AMD64~en-gb~" InstalledSize="1961193" Version="10.0.17763.1">
      <SatelliteInfo>
        <ApplyToInfo>
          <ApplyTo Type="language" Value="en-GB" />
        </ApplyToInfo>
      </SatelliteInfo>
      <Payload>
        <PayloadItem PayloadHash="RgCzRQe4DstczVc6KHhAP6HpZsFeGphVL1fnsYnGqoE=" PayloadSize="20993" Path="FeaturesOnDemand\en-gb\baseless\Microsoft-OneCore-StorageManagement-FoD-Package~31bf3856ad364e35~AMD64~en-gb~.cab" PayloadType="ExpressCab" />
        <PayloadItem PayloadHash="roWzPxnfiq+QanrzFlPL1a7H9PdrQkWWGcN6FPCQYdQ=" PayloadSize="207589" Path="FeaturesOnDemand\en-gb\baseless\Microsoft-OneCore-StorageManagement-FoD-Package~31bf3856ad364e35~AMD64~en-gb~.psf" PayloadType="ExpressPSF" />
      </Payload>
    </Package>
    <Package ID="Microsoft-OneCore-StorageManagement-FoD-Package~31bf3856ad364e35~wow64~en-gb~" InstalledSize="1079505" Version="10.0.17763.1">
      <SatelliteInfo>
        <ApplyToInfo>
          <ApplyTo Type="arch" Value="wow64" />
          <ApplyTo Type="language" Value="en-GB" />
        </ApplyToInfo>
      </SatelliteInfo>
      <Payload>
        <PayloadItem PayloadHash="eIJvETGr9xISRt5a4RDDx6WfQraFGknsbYwBm5UgakM=" PayloadSize="18983" Path="FeaturesOnDemand\en-gb\baseless\Microsoft-OneCore-StorageManagement-FoD-Package~31bf3856ad364e35~wow64~en-gb~.cab" PayloadType="ExpressCab" />
        <PayloadItem PayloadHash="psiEgDn0rogkzzAee2paJX+h0WLu5mz0fDT4UwzPgdM=" PayloadSize="117542" Path="FeaturesOnDemand\en-gb\baseless\Microsoft-OneCore-StorageManagement-FoD-Package~31bf3856ad364e35~wow64~en-gb~.psf" PayloadType="ExpressPSF" />
      </Payload>
    </Package>
    <Package ID="Microsoft-Windows-ActiveDirectory-DS-LDS-Tools-FoD-Package~31bf3856ad364e35~AMD64~en-gb~" InstalledSize="5723178" Version="10.0.17763.1">
      <SatelliteInfo>
        <ApplyToInfo>
          <ApplyTo Type="language" Value="en-GB" />
        </ApplyToInfo>
      </SatelliteInfo>
      <Payload>
        <PayloadItem PayloadHash="Gel/wTVmiIj1KakbPV8mQkqscdRrA8sMHCGfX3BJ9I4=" PayloadSize="28275" Path="FeaturesOnDemand\en-gb\baseless\Microsoft-Windows-ActiveDirectory-DS-LDS-Tools-FoD-Package~31bf3856ad364e35~AMD64~en-gb~.cab" PayloadType="ExpressCab" />
        <PayloadItem PayloadHash="DmHrInLANU76Ofa7FrDASChMzez0PB5Be5T/MBVHos8=" PayloadSize="957902" Path="FeaturesOnDemand\en-gb\baseless\Microsoft-Windows-ActiveDirectory-DS-LDS-Tools-FoD-Package~31bf3856ad364e35~AMD64~en-gb~.psf" PayloadType="ExpressPSF" />
      </Payload>
    </Package>
    <Package ID="Microsoft-Windows-ActiveDirectory-DS-LDS-Tools-FoD-Package~31bf3856ad364e35~wow64~en-gb~" InstalledSize="797129" Version="10.0.17763.1">
      <SatelliteInfo>
        <ApplyToInfo>
          <ApplyTo Type="arch" Value="wow64" />
          <ApplyTo Type="language" Value="en-GB" />
        </ApplyToInfo>
      </SatelliteInfo>
      <Payload>
        <PayloadItem PayloadHash="VLP/l46LBC5bjhAXNP8Vvm1z7gJLumM8kdHSwnmfuYU=" PayloadSize="20087" Path="FeaturesOnDemand\en-gb\baseless\Microsoft-Windows-ActiveDirectory-DS-LDS-Tools-FoD-Package~31bf3856ad364e35~wow64~en-gb~.cab" PayloadType="ExpressCab" />
        <PayloadItem PayloadHash="jEUq8fh9v2QKO9UWRorpKasoRuWBV+pRJYYw7VvYPAA=" PayloadSize="162891" Path="FeaturesOnDemand\en-gb\baseless\Microsoft-Windows-ActiveDirectory-DS-LDS-Tools-FoD-Package~31bf3856ad364e35~wow64~en-gb~.psf" PayloadType="ExpressPSF" />
      </Payload>
    </Package>
    <Package ID="Microsoft-Windows-BitLocker-Recovery-Tools-FoD-Package~31bf3856ad364e35~AMD64~en-gb~" InstalledSize="33124" Version="10.0.17763.1">
      <SatelliteInfo>
        <ApplyToInfo>
          <ApplyTo Type="language" Value="en-GB" />
        </ApplyToInfo>
      </SatelliteInfo>
      <Payload>
        <PayloadItem PayloadHash="JhKnah+jiJOyn78EuOILEtxaO3hnPV/UhI2n8hm9tyU=" PayloadSize="19035" Path="FeaturesOnDemand\en-gb\baseless\Microsoft-Windows-BitLocker-Recovery-Tools-FoD-Package~31bf3856ad364e35~AMD64~en-gb~.cab" PayloadType="ExpressCab" />
        <PayloadItem PayloadHash="2BsSdlMkulNfAzeDUbLHGxuxvIR19XoE4XviMuGWluY=" PayloadSize="67941" Path="FeaturesOnDemand\en-gb\baseless\Microsoft-Windows-BitLocker-Recovery-Tools-FoD-Package~31bf3856ad364e35~AMD64~en-gb~.psf" PayloadType="ExpressPSF" />
      </Payload>
    </Package>
    <Package ID="Microsoft-Windows-CertificateServices-Tools-FoD-Package~31bf3856ad364e35~AMD64~en-gb~" InstalledSize="1015308" Version="10.0.17763.1">
      <SatelliteInfo>
        <ApplyToInfo>
          <ApplyTo Type="language" Value="en-GB" />
        </ApplyToInfo>
      </SatelliteInfo>
      <Payload>
        <PayloadItem PayloadHash="g6ukI/fzI4exnHUwB6x2szMGwU0YyRrA0bkPIioM0Jc=" PayloadSize="21205" Path="FeaturesOnDemand\en-gb\baseless\Microsoft-Windows-CertificateServices-Tools-FoD-Package~31bf3856ad364e35~AMD64~en-gb~.cab" PayloadType="ExpressCab" />
        <PayloadItem PayloadHash="JzMezaKdl1jRRbofeZo5EVN6rGuNLoNHo9Xk7xZOtFY=" PayloadSize="205839" Path="FeaturesOnDemand\en-gb\baseless\Microsoft-Windows-CertificateServices-Tools-FoD-Package~31bf3856ad364e35~AMD64~en-gb~.psf" PayloadType="ExpressPSF" />
      </Payload>
    </Package>
    <Package ID="Microsoft-Windows-DHCP-Tools-FoD-Package~31bf3856ad364e35~AMD64~en-gb~" InstalledSize="1789810" Version="10.0.17763.1">
      <SatelliteInfo>
        <ApplyToInfo>
          <ApplyTo Type="language" Value="en-GB" />
        </ApplyToInfo>
      </SatelliteInfo>
      <Payload>
        <PayloadItem PayloadHash="2s1J85zWsmmaQcUd7Ry8/Zw6CgSDxlauAz/DF43+Ppo=" PayloadSize="19561" Path="FeaturesOnDemand\en-gb\baseless\Microsoft-Windows-DHCP-Tools-FoD-Package~31bf3856ad364e35~AMD64~en-gb~.cab" PayloadType="ExpressCab" />
        <PayloadItem PayloadHash="NVeCQl18zhPIEeJxINwfGFyZQ9MMNjDMxP28ZvogQbM=" PayloadSize="208121" Path="FeaturesOnDemand\en-gb\baseless\Microsoft-Windows-DHCP-Tools-FoD-Package~31bf3856ad364e35~AMD64~en-gb~.psf" PayloadType="ExpressPSF" />
      </Payload>
    </Package>
    <Package ID="Microsoft-Windows-DHCP-Tools-FoD-Package~31bf3856ad364e35~wow64~en-gb~" InstalledSize="464530" Version="10.0.17763.1">
      <SatelliteInfo>
        <ApplyToInfo>
          <ApplyTo Type="arch" Value="wow64" />
          <ApplyTo Type="language" Value="en-GB" />
        </ApplyToInfo>
      </SatelliteInfo>
      <Payload>
        <PayloadItem PayloadHash="Qpg5OEgxB63ThIuUw+BXTXsNbPkr7T/ZdLrMQX3Z0PY=" PayloadSize="19001" Path="FeaturesOnDemand\en-gb\baseless\Microsoft-Windows-DHCP-Tools-FoD-Package~31bf3856ad364e35~wow64~en-gb~.cab" PayloadType="ExpressCab" />
        <PayloadItem PayloadHash="TNw02melvWrz9N3W/jw3VT62w4SFw9sFtBuskszZlt0=" PayloadSize="96366" Path="FeaturesOnDemand\en-gb\baseless\Microsoft-Windows-DHCP-Tools-FoD-Package~31bf3856ad364e35~wow64~en-gb~.psf" PayloadType="ExpressPSF" />
      </Payload>
    </Package>
    <Package ID="Microsoft-Windows-DNS-Tools-FoD-Package~31bf3856ad364e35~AMD64~en-gb~" InstalledSize="1891829" Version="10.0.17763.1">
      <SatelliteInfo>
        <ApplyToInfo>
          <ApplyTo Type="language" Value="en-GB" />
        </ApplyToInfo>
      </SatelliteInfo>
      <Payload>
        <PayloadItem PayloadHash="I4L9YI45F0/bWWIWwNioYmPm+BY6sSPbgqRHwJ+QXg4=" PayloadSize="20439" Path="FeaturesOnDemand\en-gb\baseless\Microsoft-Windows-DNS-Tools-FoD-Package~31bf3856ad364e35~AMD64~en-gb~.cab" PayloadType="ExpressCab" />
        <PayloadItem PayloadHash="8Dtyp+2LReTN23RNCCgncCXp0HZK4VcODcdW53lXdPM=" PayloadSize="244262" Path="FeaturesOnDemand\en-gb\baseless\Microsoft-Windows-DNS-Tools-FoD-Package~31bf3856ad364e35~AMD64~en-gb~.psf" PayloadType="ExpressPSF" />
      </Payload>
    </Package>
    <Package ID="Microsoft-Windows-DNS-Tools-FoD-Package~31bf3856ad364e35~wow64~en-gb~" InstalledSize="13652" Version="10.0.17763.1">
      <SatelliteInfo>
        <ApplyToInfo>
          <ApplyTo Type="arch" Value="wow64" />
          <ApplyTo Type="language" Value="en-GB" />
        </ApplyToInfo>
      </SatelliteInfo>
      <Payload>
        <PayloadItem PayloadHash="f5h5cpOUAZol6AAfRg5R9HVqalB4XEqYf9oet+kNgMs=" PayloadSize="18405" Path="FeaturesOnDemand\en-gb\baseless\Microsoft-Windows-DNS-Tools-FoD-Package~31bf3856ad364e35~wow64~en-gb~.cab" PayloadType="ExpressCab" />
        <PayloadItem PayloadHash="Akmrqd/FmkSjEW6IqvqnnKSWWiODhZIiutmzH5Ie+SA=" PayloadSize="59024" Path="FeaturesOnDemand\en-gb\baseless\Microsoft-Windows-DNS-Tools-FoD-Package~31bf3856ad364e35~wow64~en-gb~.psf" PayloadType="ExpressPSF" />
      </Payload>
    </Package>
    <Package ID="Microsoft-Windows-FailoverCluster-Management-Tools-FOD-Package~31bf3856ad364e35~AMD64~en-gb~" InstalledSize="8934076" Version="10.0.17763.1">
      <SatelliteInfo>
        <ApplyToInfo>
          <ApplyTo Type="language" Value="en-GB" />
        </ApplyToInfo>
      </SatelliteInfo>
      <Payload>
        <PayloadItem PayloadHash="Nm0fnVeO99x2ONkUCCQk6WeZpn3ADKGhIFmgh6VCR8M=" PayloadSize="26689" Path="FeaturesOnDemand\en-gb\baseless\Microsoft-Windows-FailoverCluster-Management-Tools-FOD-Package~31bf3856ad364e35~AMD64~en-gb~.cab" PayloadType="ExpressCab" />
        <PayloadItem PayloadHash="oq1CYrK5kogjDWoMhOXgpMkAWoMOQW/081AInsuLUF8=" PayloadSize="2464610" Path="FeaturesOnDemand\en-gb\baseless\Microsoft-Windows-FailoverCluster-Management-Tools-FOD-Package~31bf3856ad364e35~AMD64~en-gb~.psf" PayloadType="ExpressPSF" />
      </Payload>
    </Package>
    <Package ID="Microsoft-Windows-FailoverCluster-Management-Tools-FOD-Package~31bf3856ad364e35~wow64~en-gb~" InstalledSize="76051" Version="10.0.17763.1">
      <SatelliteInfo>
        <ApplyToInfo>
          <ApplyTo Type="arch" Value="wow64" />
          <ApplyTo Type="language" Value="en-GB" />
        </ApplyToInfo>
      </SatelliteInfo>
      <Payload>
        <PayloadItem PayloadHash="96WYqFklcMmF1xI0YwLxrX47oKjLnk1jO5Pxm4ZZP7U=" PayloadSize="19863" Path="FeaturesOnDemand\en-gb\baseless\Microsoft-Windows-FailoverCluster-Management-Tools-FOD-Package~31bf3856ad364e35~wow64~en-gb~.cab" PayloadType="ExpressCab" />
        <PayloadItem PayloadHash="rA6FqHPVh/80yTrRbwUtRU5hgFjYCA1Vcgk9Zk4MTnE=" PayloadSize="87915" Path="FeaturesOnDemand\en-gb\baseless\Microsoft-Windows-FailoverCluster-Management-Tools-FOD-Package~31bf3856ad364e35~wow64~en-gb~.psf" PayloadType="ExpressPSF" />
      </Payload>
    </Package>
    <Package ID="Microsoft-Windows-FileServices-Tools-FoD-Package~31bf3856ad364e35~AMD64~en-gb~" InstalledSize="4152923" Version="10.0.17763.1">
      <SatelliteInfo>
        <ApplyToInfo>
          <ApplyTo Type="language" Value="en-GB" />
        </ApplyToInfo>
      </SatelliteInfo>
      <Payload>
        <PayloadItem PayloadHash="MZBkJThwgbPXf01nQttjKQGtHXOfI4uW8vnRZailUxk=" PayloadSize="24403" Path="FeaturesOnDemand\en-gb\baseless\Microsoft-Windows-FileServices-Tools-FoD-Package~31bf3856ad364e35~AMD64~en-gb~.cab" PayloadType="ExpressCab" />
        <PayloadItem PayloadHash="Ldl46EtQ2bQL3LNng30OpE82yewRZ4H7IOZ9Dz++VPo=" PayloadSize="621619" Path="FeaturesOnDemand\en-gb\baseless\Microsoft-Windows-FileServices-Tools-FoD-Package~31bf3856ad364e35~AMD64~en-gb~.psf" PayloadType="ExpressPSF" />
      </Payload>
    </Package>
    <Package ID="Microsoft-Windows-FileServices-Tools-FoD-Package~31bf3856ad364e35~wow64~en-gb~" InstalledSize="177398" Version="10.0.17763.1">
      <SatelliteInfo>
        <ApplyToInfo>
          <ApplyTo Type="arch" Value="wow64" />
          <ApplyTo Type="language" Value="en-GB" />
        </ApplyToInfo>
      </SatelliteInfo>
      <Payload>
        <PayloadItem PayloadHash="M6pK7hAxA7Jft7Uhip/ugAkpXpcoicAKP9VsIdxzetI=" PayloadSize="19157" Path="FeaturesOnDemand\en-gb\baseless\Microsoft-Windows-FileServices-Tools-FoD-Package~31bf3856ad364e35~wow64~en-gb~.cab" PayloadType="ExpressCab" />
        <PayloadItem PayloadHash="SXRLyIgj8sgJvANTC8+fNyzVsowT7jYNxKcnnWBdlkw=" PayloadSize="86864" Path="FeaturesOnDemand\en-gb\baseless\Microsoft-Windows-FileServices-Tools-FoD-Package~31bf3856ad364e35~wow64~en-gb~.psf" PayloadType="ExpressPSF" />
      </Payload>
    </Package>
    <Package ID="Microsoft-Windows-GroupPolicy-Management-Tools-FoD-Package~31bf3856ad364e35~AMD64~en-gb~" InstalledSize="2283302" Version="10.0.17763.1">
      <SatelliteInfo>
        <ApplyToInfo>
          <ApplyTo Type="language" Value="en-GB" />
        </ApplyToInfo>
      </SatelliteInfo>
      <Payload>
        <PayloadItem PayloadHash="YFtQbQrWpmDRwFWUgC84ciLCZZcXn+TWOSq2g6LtPbM=" PayloadSize="22547" Path="FeaturesOnDemand\en-gb\baseless\Microsoft-Windows-GroupPolicy-Management-Tools-FoD-Package~31bf3856ad364e35~AMD64~en-gb~.cab" PayloadType="ExpressCab" />
        <PayloadItem PayloadHash="r5MYhjXKgSRvL6R+wpZ3QJ2+uhv4UIvpAT4EuXdo9Iw=" PayloadSize="352546" Path="FeaturesOnDemand\en-gb\baseless\Microsoft-Windows-GroupPolicy-Management-Tools-FoD-Package~31bf3856ad364e35~AMD64~en-gb~.psf" PayloadType="ExpressPSF" />
      </Payload>
    </Package>
    <Package ID="Microsoft-Windows-GroupPolicy-Management-Tools-FoD-Package~31bf3856ad364e35~wow64~en-gb~" InstalledSize="310061" Version="10.0.17763.1">
      <SatelliteInfo>
        <ApplyToInfo>
          <ApplyTo Type="arch" Value="wow64" />
          <ApplyTo Type="language" Value="en-GB" />
        </ApplyToInfo>
      </SatelliteInfo>
      <Payload>
        <PayloadItem PayloadHash="XefTlTWyj1REaJDh4O27fwCfZz8GcD8S05P6xbTb7rU=" PayloadSize="19103" Path="FeaturesOnDemand\en-gb\baseless\Microsoft-Windows-GroupPolicy-Management-Tools-FoD-Package~31bf3856ad364e35~wow64~en-gb~.cab" PayloadType="ExpressCab" />
        <PayloadItem PayloadHash="UvEFKtSwNTBlYmV9ZLHqZGu49VhyTn2XgncRJF8238Q=" PayloadSize="100099" Path="FeaturesOnDemand\en-gb\baseless\Microsoft-Windows-GroupPolicy-Management-Tools-FoD-Package~31bf3856ad364e35~wow64~en-gb~.psf" PayloadType="ExpressPSF" />
      </Payload>
    </Package>
    <Package ID="Microsoft-Windows-IPAM-Client-FoD-Package~31bf3856ad364e35~AMD64~en-gb~" InstalledSize="103515" Version="10.0.17763.1">
      <SatelliteInfo>
        <ApplyToInfo>
          <ApplyTo Type="language" Value="en-GB" />
        </ApplyToInfo>
      </SatelliteInfo>
      <Payload>
        <PayloadItem PayloadHash="1UpOjcgAegmw2O4o+aLydp2r51s2HA1Nz2wMfOOn50k=" PayloadSize="19021" Path="FeaturesOnDemand\en-gb\baseless\Microsoft-Windows-IPAM-Client-FoD-Package~31bf3856ad364e35~AMD64~en-gb~.cab" PayloadType="ExpressCab" />
        <PayloadItem PayloadHash="WwEE9G3LqNIV2N8ip5NK2VopKCPRj9pX7j73YYebfO8=" PayloadSize="71490" Path="FeaturesOnDemand\en-gb\baseless\Microsoft-Windows-IPAM-Client-FoD-Package~31bf3856ad364e35~AMD64~en-gb~.psf" PayloadType="ExpressPSF" />
      </Payload>
    </Package>
    <Package ID="Microsoft-Windows-IPAM-Client-FoD-Package~31bf3856ad364e35~wow64~en-gb~" InstalledSize="26385" Version="10.0.17763.1">
      <SatelliteInfo>
        <ApplyToInfo>
          <ApplyTo Type="arch" Value="wow64" />
          <ApplyTo Type="language" Value="en-GB" />
        </ApplyToInfo>
      </SatelliteInfo>
      <Payload>
        <PayloadItem PayloadHash="GCfxi6uhBO7BHLMtOfyu92VTxZ+m8AIJTaiVPeq+iVk=" PayloadSize="18751" Path="FeaturesOnDemand\en-gb\baseless\Microsoft-Windows-IPAM-Client-FoD-Package~31bf3856ad364e35~wow64~en-gb~.cab" PayloadType="ExpressCab" />
        <PayloadItem PayloadHash="f/HfSSqadGjUJRVdwwxwOx1NDsDodD4KCAAtnUAzjZM=" PayloadSize="61732" Path="FeaturesOnDemand\en-gb\baseless\Microsoft-Windows-IPAM-Client-FoD-Package~31bf3856ad364e35~wow64~en-gb~.psf" PayloadType="ExpressPSF" />
      </Payload>
    </Package>
    <Package ID="Microsoft-Windows-NetworkController-Tools-FoD-Package~31bf3856ad364e35~AMD64~en-gb~" InstalledSize="69710" Version="10.0.17763.1">
      <SatelliteInfo>
        <ApplyToInfo>
          <ApplyTo Type="language" Value="en-GB" />
        </ApplyToInfo>
      </SatelliteInfo>
      <Payload>
        <PayloadItem PayloadHash="320EI6gwhZSFQpPyZz8SgLav6hMDpI8Zjuq/l6VEiqE=" PayloadSize="19313" Path="FeaturesOnDemand\en-gb\baseless\Microsoft-Windows-NetworkController-Tools-FoD-Package~31bf3856ad364e35~AMD64~en-gb~.cab" PayloadType="ExpressCab" />
        <PayloadItem PayloadHash="ECXq10JjDSwYqiJNJ2yytJ9AmWqbBXR9buleeh0eQ6U=" PayloadSize="79594" Path="FeaturesOnDemand\en-gb\baseless\Microsoft-Windows-NetworkController-Tools-FoD-Package~31bf3856ad364e35~AMD64~en-gb~.psf" PayloadType="ExpressPSF" />
      </Payload>
    </Package>
    <Package ID="Microsoft-Windows-NetworkLoadBalancing-Tools-FoD-Package~31bf3856ad364e35~AMD64~en-gb~" InstalledSize="222371" Version="10.0.17763.1">
      <SatelliteInfo>
        <ApplyToInfo>
          <ApplyTo Type="language" Value="en-GB" />
        </ApplyToInfo>
      </SatelliteInfo>
      <Payload>
        <PayloadItem PayloadHash="g4hwFVodN1RiyWRXL2OkEsW08qjlLmAHkjRcC9UDQeI=" PayloadSize="19339" Path="FeaturesOnDemand\en-gb\baseless\Microsoft-Windows-NetworkLoadBalancing-Tools-FoD-Package~31bf3856ad364e35~AMD64~en-gb~.cab" PayloadType="ExpressCab" />
        <PayloadItem PayloadHash="1H/nFpSqwW6Kx8HvipBfc1U7MyA9hj/VNpyzR2hiKi4=" PayloadSize="98111" Path="FeaturesOnDemand\en-gb\baseless\Microsoft-Windows-NetworkLoadBalancing-Tools-FoD-Package~31bf3856ad364e35~AMD64~en-gb~.psf" PayloadType="ExpressPSF" />
      </Payload>
    </Package>
    <Package ID="Microsoft-Windows-RasCMAK-Client-Package~31bf3856ad364e35~AMD64~en-gb~" InstalledSize="223000" Version="10.0.17763.1">
      <SatelliteInfo>
        <ApplyToInfo>
          <ApplyTo Type="language" Value="en-GB" />
        </ApplyToInfo>
      </SatelliteInfo>
      <Payload>
        <PayloadItem PayloadHash="l0iToU+AUP7xWk/zyvlb73998VUjKqsrUx5oLDv5A38=" PayloadSize="18997" Path="FeaturesOnDemand\en-gb\baseless\Microsoft-Windows-RasCMAK-Client-Package~31bf3856ad364e35~AMD64~en-gb~.cab" PayloadType="ExpressCab" />
        <PayloadItem PayloadHash="hfEpsUDlA6F8D5791x1HOKaF0/GdwOlPEY9gEsM/FRA=" PayloadSize="124400" Path="FeaturesOnDemand\en-gb\baseless\Microsoft-Windows-RasCMAK-Client-Package~31bf3856ad364e35~AMD64~en-gb~.psf" PayloadType="ExpressPSF" />
      </Payload>
    </Package>
    <Package ID="Microsoft-Windows-RasCMAK-Client-Package~31bf3856ad364e35~wow64~en-gb~" InstalledSize="399187" Version="10.0.17763.1">
      <SatelliteInfo>
        <ApplyToInfo>
          <ApplyTo Type="arch" Value="wow64" />
          <ApplyTo Type="language" Value="en-GB" />
        </ApplyToInfo>
      </SatelliteInfo>
      <Payload>
        <PayloadItem PayloadHash="vL14AHFmN17n1panBUc3CchmHs+Em+eNmWhhOAG4ZiE=" PayloadSize="19295" Path="FeaturesOnDemand\en-gb\baseless\Microsoft-Windows-RasCMAK-Client-Package~31bf3856ad364e35~wow64~en-gb~.cab" PayloadType="ExpressCab" />
        <PayloadItem PayloadHash="9KW68lZ4ca1C1pJdkOz6//r8FjbrEHkOb52Ab3fa62k=" PayloadSize="326945" Path="FeaturesOnDemand\en-gb\baseless\Microsoft-Windows-RasCMAK-Client-Package~31bf3856ad364e35~wow64~en-gb~.psf" PayloadType="ExpressPSF" />
      </Payload>
    </Package>
    <Package ID="Microsoft-Windows-RasRip-Package~31bf3856ad364e35~AMD64~en-gb~" InstalledSize="27543" Version="10.0.17763.1">
      <SatelliteInfo>
        <ApplyToInfo>
          <ApplyTo Type="language" Value="en-GB" />
        </ApplyToInfo>
      </SatelliteInfo>
      <Payload>
        <PayloadItem PayloadHash="C/OwbSmLSC+p5EISWZNL5kArRBoIkQOasxz0KMnTSRU=" PayloadSize="18317" Path="FeaturesOnDemand\en-gb\baseless\Microsoft-Windows-RasRip-Package~31bf3856ad364e35~AMD64~en-gb~.cab" PayloadType="ExpressCab" />
        <PayloadItem PayloadHash="v/LFfNAhOJNlo9XS7jv2BGXXyQ5HJ+UDZEqP86S13KI=" PayloadSize="61990" Path="FeaturesOnDemand\en-gb\baseless\Microsoft-Windows-RasRip-Package~31bf3856ad364e35~AMD64~en-gb~.psf" PayloadType="ExpressPSF" />
      </Payload>
    </Package>
    <Package ID="Microsoft-Windows-RemoteAccess-Management-Tools-FoD-Package~31bf3856ad364e35~AMD64~en-gb~" InstalledSize="18532751" Version="10.0.17763.1">
      <SatelliteInfo>
        <ApplyToInfo>
          <ApplyTo Type="language" Value="en-GB" />
        </ApplyToInfo>
      </SatelliteInfo>
      <Payload>
        <PayloadItem PayloadHash="pfCZcbYiKLSosAZ3mc9bmZoStucJU+JQ8ZnZDPYnt40=" PayloadSize="21461" Path="FeaturesOnDemand\en-gb\baseless\Microsoft-Windows-RemoteAccess-Management-Tools-FoD-Package~31bf3856ad364e35~AMD64~en-gb~.cab" PayloadType="ExpressCab" />
        <PayloadItem PayloadHash="B0OSmlHd0R/Zn+0u2z70mfKJ03tydwF14QBiHwW3R5w=" PayloadSize="3401146" Path="FeaturesOnDemand\en-gb\baseless\Microsoft-Windows-RemoteAccess-Management-Tools-FoD-Package~31bf3856ad364e35~AMD64~en-gb~.psf" PayloadType="ExpressPSF" />
      </Payload>
    </Package>
    <Package ID="Microsoft-Windows-RemoteAccess-Management-Tools-FoD-Package~31bf3856ad364e35~wow64~en-gb~" InstalledSize="13732" Version="10.0.17763.1">
      <SatelliteInfo>
        <ApplyToInfo>
          <ApplyTo Type="arch" Value="wow64" />
          <ApplyTo Type="language" Value="en-GB" />
        </ApplyToInfo>
      </SatelliteInfo>
      <Payload>
        <PayloadItem PayloadHash="a/ndlvJcSmHTrYqU7SwUDoahyDoi0NFPPGvI9KCsb0c=" PayloadSize="18595" Path="FeaturesOnDemand\en-gb\baseless\Microsoft-Windows-RemoteAccess-Management-Tools-FoD-Package~31bf3856ad364e35~wow64~en-gb~.cab" PayloadType="ExpressCab" />
        <PayloadItem PayloadHash="v+nNSNDwaAzENFd3Do+OkG4aWE6DLu4NHQSgCzq5ug4=" PayloadSize="59032" Path="FeaturesOnDemand\en-gb\baseless\Microsoft-Windows-RemoteAccess-Management-Tools-FoD-Package~31bf3856ad364e35~wow64~en-gb~.psf" PayloadType="ExpressPSF" />
      </Payload>
    </Package>
    <Package ID="Microsoft-Windows-RemoteDesktop-Services-Tools-FoD-Package~31bf3856ad364e35~AMD64~en-gb~" InstalledSize="1514219" Version="10.0.17763.1">
      <SatelliteInfo>
        <ApplyToInfo>
          <ApplyTo Type="language" Value="en-GB" />
        </ApplyToInfo>
      </SatelliteInfo>
      <Payload>
        <PayloadItem PayloadHash="yP2fiqA6Xm8gXCbTfY3KMz1vjM8KpgTWlTXMDeWbMdQ=" PayloadSize="20715" Path="FeaturesOnDemand\en-gb\baseless\Microsoft-Windows-RemoteDesktop-Services-Tools-FoD-Package~31bf3856ad364e35~AMD64~en-gb~.cab" PayloadType="ExpressCab" />
        <PayloadItem PayloadHash="ca0jQuBxLcFvuTYtNPXV+bTk0DQNTwhdzEYmAqRbviA=" PayloadSize="303641" Path="FeaturesOnDemand\en-gb\baseless\Microsoft-Windows-RemoteDesktop-Services-Tools-FoD-Package~31bf3856ad364e35~AMD64~en-gb~.psf" PayloadType="ExpressPSF" />
      </Payload>
    </Package>
    <Package ID="Microsoft-Windows-Server-AppCompat-FoD-Package~31bf3856ad364e35~AMD64~en-gb~" InstalledSize="27796293" Version="10.0.17763.1">
      <SatelliteInfo>
        <ApplyToInfo>
          <ApplyTo Type="language" Value="en-GB" />
        </ApplyToInfo>
      </SatelliteInfo>
      <Payload>
        <PayloadItem PayloadHash="OV2TmgZSIexhF0L2ysAOIwgK+3aNB1eoWjau0bckReg=" PayloadSize="95703" Path="FeaturesOnDemand\en-gb\baseless\Microsoft-Windows-Server-AppCompat-FoD-Package~31bf3856ad364e35~AMD64~en-gb~.cab" PayloadType="ExpressCab" />
        <PayloadItem PayloadHash="R0K41Kvk/U6eGNYn8dv+eULhdOAQfPfvEzrWyE3FJt8=" PayloadSize="6782903" Path="FeaturesOnDemand\en-gb\baseless\Microsoft-Windows-Server-AppCompat-FoD-Package~31bf3856ad364e35~AMD64~en-gb~.psf" PayloadType="ExpressPSF" />
      </Payload>
    </Package>
    <Package ID="Microsoft-Windows-ServerManager-Tools-FoD-Package~31bf3856ad364e35~AMD64~en-gb~" InstalledSize="11803419" Version="10.0.17763.1">
      <SatelliteInfo>
        <ApplyToInfo>
          <ApplyTo Type="language" Value="en-GB" />
        </ApplyToInfo>
      </SatelliteInfo>
      <Payload>
        <PayloadItem PayloadHash="hNmbsHI54XHOOjGidHKPH1ds5Y1pqMYz5nxoEwnw7oY=" PayloadSize="38613" Path="FeaturesOnDemand\en-gb\baseless\Microsoft-Windows-ServerManager-Tools-FoD-Package~31bf3856ad364e35~AMD64~en-gb~.cab" PayloadType="ExpressCab" />
        <PayloadItem PayloadHash="lJEqdKhUSrZQxoWuokfZu1FK4jHn2cZMAnm0h4sddHY=" PayloadSize="2310869" Path="FeaturesOnDemand\en-gb\baseless\Microsoft-Windows-ServerManager-Tools-FoD-Package~31bf3856ad364e35~AMD64~en-gb~.psf" PayloadType="ExpressPSF" />
      </Payload>
    </Package>
    <Package ID="Microsoft-Windows-ServerManager-Tools-FoD-Package~31bf3856ad364e35~wow64~en-gb~" InstalledSize="1199600" Version="10.0.17763.1">
      <SatelliteInfo>
        <ApplyToInfo>
          <ApplyTo Type="arch" Value="wow64" />
          <ApplyTo Type="language" Value="en-GB" />
        </ApplyToInfo>
      </SatelliteInfo>
      <Payload>
        <PayloadItem PayloadHash="c/bJqrV4wGeaYp6YMBvU658BCCVz2Tt4ghOMzcvkVoo=" PayloadSize="20055" Path="FeaturesOnDemand\en-gb\baseless\Microsoft-Windows-ServerManager-Tools-FoD-Package~31bf3856ad364e35~wow64~en-gb~.cab" PayloadType="ExpressCab" />
        <PayloadItem PayloadHash="34DuXsglvLLNT02i4ibHC/UY+5cj2NmEAbvrLYieS30=" PayloadSize="365017" Path="FeaturesOnDemand\en-gb\baseless\Microsoft-Windows-ServerManager-Tools-FoD-Package~31bf3856ad364e35~wow64~en-gb~.psf" PayloadType="ExpressPSF" />
      </Payload>
    </Package>
    <Package ID="Microsoft-Windows-Shielded-VM-Tools-FoD-Package~31bf3856ad364e35~AMD64~en-gb~" InstalledSize="389467" Version="10.0.17763.1">
      <SatelliteInfo>
        <ApplyToInfo>
          <ApplyTo Type="language" Value="en-GB" />
        </ApplyToInfo>
      </SatelliteInfo>
      <Payload>
        <PayloadItem PayloadHash="OYgjGlq5WLGCv/wtMDL3z5Gbl9QA0bQkKvNYFfJE2QI=" PayloadSize="23649" Path="FeaturesOnDemand\en-gb\baseless\Microsoft-Windows-Shielded-VM-Tools-FoD-Package~31bf3856ad364e35~AMD64~en-gb~.cab" PayloadType="ExpressCab" />
        <PayloadItem PayloadHash="86Hsf+djiXAFFFpDm9j0AoEuTWqcaIJK2dlf4eBcBAw=" PayloadSize="180703" Path="FeaturesOnDemand\en-gb\baseless\Microsoft-Windows-Shielded-VM-Tools-FoD-Package~31bf3856ad364e35~AMD64~en-gb~.psf" PayloadType="ExpressPSF" />
      </Payload>
    </Package>
    <Package ID="Microsoft-Windows-SNMP-Client-Package~31bf3856ad364e35~AMD64~en-gb~" InstalledSize="131797" Version="10.0.17763.1">
      <SatelliteInfo>
        <ApplyToInfo>
          <ApplyTo Type="language" Value="en-GB" />
        </ApplyToInfo>
      </SatelliteInfo>
      <Payload>
        <PayloadItem PayloadHash="jxnjHuadTsKbuxXzxxM2XaqKYrDfPO/zqBx7XiEpuDg=" PayloadSize="20323" Path="FeaturesOnDemand\en-gb\baseless\Microsoft-Windows-SNMP-Client-Package~31bf3856ad364e35~AMD64~en-gb~.cab" PayloadType="ExpressCab" />
        <PayloadItem PayloadHash="fQWrZgWXl/DimkmqLE3x8KCMgYuwsS8p8A9AH9UXodM=" PayloadSize="101328" Path="FeaturesOnDemand\en-gb\baseless\Microsoft-Windows-SNMP-Client-Package~31bf3856ad364e35~AMD64~en-gb~.psf" PayloadType="ExpressPSF" />
      </Payload>
    </Package>
    <Package ID="Microsoft-Windows-SNMP-Client-Package~31bf3856ad364e35~wow64~en-gb~" InstalledSize="132143" Version="10.0.17763.1">
      <SatelliteInfo>
        <ApplyToInfo>
          <ApplyTo Type="arch" Value="wow64" />
          <ApplyTo Type="language" Value="en-GB" />
        </ApplyToInfo>
      </SatelliteInfo>
      <Payload>
        <PayloadItem PayloadHash="zST2386aCcyh2vqJUeTVWOAolezckOOGuFR/zkdFZCw=" PayloadSize="20515" Path="FeaturesOnDemand\en-gb\baseless\Microsoft-Windows-SNMP-Client-Package~31bf3856ad364e35~wow64~en-gb~.cab" PayloadType="ExpressCab" />
        <PayloadItem PayloadHash="BGLpEJDWQuBrSXgr3Ah+YXUC1M+RfEMX8JDawpNdwHg=" PayloadSize="102137" Path="FeaturesOnDemand\en-gb\baseless\Microsoft-Windows-SNMP-Client-Package~31bf3856ad364e35~wow64~en-gb~.psf" PayloadType="ExpressPSF" />
      </Payload>
    </Package>
    <Package ID="Microsoft-Windows-StorageManagement-FoD-Package~31bf3856ad364e35~AMD64~en-gb~" InstalledSize="1618150" Version="10.0.17763.1">
      <SatelliteInfo>
        <ApplyToInfo>
          <ApplyTo Type="language" Value="en-GB" />
        </ApplyToInfo>
      </SatelliteInfo>
      <Payload>
        <PayloadItem PayloadHash="j/aJi/GijZJ42HLc7fEsbFyD5Ne9vlNvwdRuD/OL4h0=" PayloadSize="21665" Path="FeaturesOnDemand\en-gb\baseless\Microsoft-Windows-StorageManagement-FoD-Package~31bf3856ad364e35~AMD64~en-gb~.cab" PayloadType="ExpressCab" />
        <PayloadItem PayloadHash="y4f79KOmZ3IxZoPEhHXIp1KTcKrhJU0tItmGeGQvqFg=" PayloadSize="210296" Path="FeaturesOnDemand\en-gb\baseless\Microsoft-Windows-StorageManagement-FoD-Package~31bf3856ad364e35~AMD64~en-gb~.psf" PayloadType="ExpressPSF" />
      </Payload>
    </Package>
    <Package ID="Microsoft-Windows-StorageManagement-FoD-Package~31bf3856ad364e35~wow64~en-gb~" InstalledSize="1119548" Version="10.0.17763.1">
      <SatelliteInfo>
        <ApplyToInfo>
          <ApplyTo Type="arch" Value="wow64" />
          <ApplyTo Type="language" Value="en-GB" />
        </ApplyToInfo>
      </SatelliteInfo>
      <Payload>
        <PayloadItem PayloadHash="omru0FaPwAyTofOD5/UpuDndLA7+7rBpYQs0E0/d4ww=" PayloadSize="20251" Path="FeaturesOnDemand\en-gb\baseless\Microsoft-Windows-StorageManagement-FoD-Package~31bf3856ad364e35~wow64~en-gb~.cab" PayloadType="ExpressCab" />
        <PayloadItem PayloadHash="TzrkWv2+yjproJmwyex7KTjgCDrSMn+SFePSs70TY/g=" PayloadSize="140388" Path="FeaturesOnDemand\en-gb\baseless\Microsoft-Windows-StorageManagement-FoD-Package~31bf3856ad364e35~wow64~en-gb~.psf" PayloadType="ExpressPSF" />
      </Payload>
    </Package>
    <Package ID="Microsoft-Windows-StorageMigrationService-Management-Tools-FOD-Package~31bf3856ad364e35~AMD64~en-gb~" InstalledSize="56758" Version="10.0.17763.1">
      <SatelliteInfo>
        <ApplyToInfo>
          <ApplyTo Type="language" Value="en-GB" />
        </ApplyToInfo>
      </SatelliteInfo>
      <Payload>
        <PayloadItem PayloadHash="5W8pbCXU+FBE+KutxJYaalifEkRwuyfpC1vJxTLf37c=" PayloadSize="18605" Path="FeaturesOnDemand\en-gb\baseless\Microsoft-Windows-StorageMigrationService-Management-Tools-FOD-Package~31bf3856ad364e35~AMD64~en-gb~.cab" PayloadType="ExpressCab" />
        <PayloadItem PayloadHash="qBC0KVld3npGmuVebDbY7txnAOxPM7Ase5cLALvK2hw=" PayloadSize="72931" Path="FeaturesOnDemand\en-gb\baseless\Microsoft-Windows-StorageMigrationService-Management-Tools-FOD-Package~31bf3856ad364e35~AMD64~en-gb~.psf" PayloadType="ExpressPSF" />
      </Payload>
    </Package>
    <Package ID="Microsoft-Windows-StorageReplica-Tools-FoD-Package~31bf3856ad364e35~AMD64~en-gb~" InstalledSize="401445" Version="10.0.17763.1">
      <SatelliteInfo>
        <ApplyToInfo>
          <ApplyTo Type="language" Value="en-GB" />
        </ApplyToInfo>
      </SatelliteInfo>
      <Payload>
        <PayloadItem PayloadHash="C33EjieGAma4UXD4XkaXoutlnlY5ksg1V2grQ+QpQp0=" PayloadSize="19387" Path="FeaturesOnDemand\en-gb\baseless\Microsoft-Windows-StorageReplica-Tools-FoD-Package~31bf3856ad364e35~AMD64~en-gb~.cab" PayloadType="ExpressCab" />
        <PayloadItem PayloadHash="oFlVaAYZXurysVbRlwxVe5DjneBLPRL//JzGu20JLqU=" PayloadSize="117031" Path="FeaturesOnDemand\en-gb\baseless\Microsoft-Windows-StorageReplica-Tools-FoD-Package~31bf3856ad364e35~AMD64~en-gb~.psf" PayloadType="ExpressPSF" />
      </Payload>
    </Package>
    <Package ID="Microsoft-Windows-SystemInsights-Management-Tools-FOD-Package~31bf3856ad364e35~AMD64~en-gb~" InstalledSize="41853" Version="10.0.17763.1">
      <SatelliteInfo>
        <ApplyToInfo>
          <ApplyTo Type="language" Value="en-GB" />
        </ApplyToInfo>
      </SatelliteInfo>
      <Payload>
        <PayloadItem PayloadHash="8fL555uhoIp2HGmq3pMEbpz8AFlVlibllzQ4xqjILdw=" PayloadSize="19007" Path="FeaturesOnDemand\en-gb\baseless\Microsoft-Windows-SystemInsights-Management-Tools-FOD-Package~31bf3856ad364e35~AMD64~en-gb~.cab" PayloadType="ExpressCab" />
        <PayloadItem PayloadHash="GT5BWG9NUotknYCRnWO4Mo9TDEZUqpa8Xmj0Jj4LcR4=" PayloadSize="70441" Path="FeaturesOnDemand\en-gb\baseless\Microsoft-Windows-SystemInsights-Management-Tools-FOD-Package~31bf3856ad364e35~AMD64~en-gb~.psf" PayloadType="ExpressPSF" />
      </Payload>
    </Package>
    <Package ID="Microsoft-Windows-VolumeActivation-Tools-FoD-Package~31bf3856ad364e35~AMD64~en-gb~" InstalledSize="224935" Version="10.0.17763.1">
      <SatelliteInfo>
        <ApplyToInfo>
          <ApplyTo Type="language" Value="en-GB" />
        </ApplyToInfo>
      </SatelliteInfo>
      <Payload>
        <PayloadItem PayloadHash="6m2IXXc9jnMIJP9AG5hFjU4IvE6/dHEK0s91rQ8q0Hw=" PayloadSize="18659" Path="FeaturesOnDemand\en-gb\baseless\Microsoft-Windows-VolumeActivation-Tools-FoD-Package~31bf3856ad364e35~AMD64~en-gb~.cab" PayloadType="ExpressCab" />
        <PayloadItem PayloadHash="QiJYGa37eVTVBQWk3jsr3m+01ikcj5GlqF1HmOANs4Y=" PayloadSize="180911" Path="FeaturesOnDemand\en-gb\baseless\Microsoft-Windows-VolumeActivation-Tools-FoD-Package~31bf3856ad364e35~AMD64~en-gb~.psf" PayloadType="ExpressPSF" />
      </Payload>
    </Package>
    <Package ID="Microsoft-Windows-WMI-SNMP-Provider-Client-Package~31bf3856ad364e35~AMD64~en-gb~" InstalledSize="57375" Version="10.0.17763.1">
      <SatelliteInfo>
        <ApplyToInfo>
          <ApplyTo Type="language" Value="en-GB" />
        </ApplyToInfo>
      </SatelliteInfo>
      <Payload>
        <PayloadItem PayloadHash="LZbY+v7Z2PP3QG7mbihOJhGnndhWXfCWt1+JK8WMEaE=" PayloadSize="19319" Path="FeaturesOnDemand\en-gb\baseless\Microsoft-Windows-WMI-SNMP-Provider-Client-Package~31bf3856ad364e35~AMD64~en-gb~.cab" PayloadType="ExpressCab" />
        <PayloadItem PayloadHash="yVWDyERkkZdSzQByW6JKOGd3SKtayZkTIg4XQK0J0/s=" PayloadSize="74340" Path="FeaturesOnDemand\en-gb\baseless\Microsoft-Windows-WMI-SNMP-Provider-Client-Package~31bf3856ad364e35~AMD64~en-gb~.psf" PayloadType="ExpressPSF" />
      </Payload>
    </Package>
    <Package ID="Microsoft-Windows-WMI-SNMP-Provider-Client-Package~31bf3856ad364e35~wow64~en-gb~" InstalledSize="57474" Version="10.0.17763.1">
      <SatelliteInfo>
        <ApplyToInfo>
          <ApplyTo Type="arch" Value="wow64" />
          <ApplyTo Type="language" Value="en-GB" />
        </ApplyToInfo>
      </SatelliteInfo>
      <Payload>
        <PayloadItem PayloadHash="1q1Uv/Jm3NI7OIdGHzah/jOlgPIjUpoOhdPb8mJ9FJE=" PayloadSize="19107" Path="FeaturesOnDemand\en-gb\baseless\Microsoft-Windows-WMI-SNMP-Provider-Client-Package~31bf3856ad364e35~wow64~en-gb~.cab" PayloadType="ExpressCab" />
        <PayloadItem PayloadHash="0mG1HbwvXLwDK0bwaRevdj8qic9ibn0cpV13MKugsV4=" PayloadSize="73978" Path="FeaturesOnDemand\en-gb\baseless\Microsoft-Windows-WMI-SNMP-Provider-Client-Package~31bf3856ad364e35~wow64~en-gb~.psf" PayloadType="ExpressPSF" />
      </Payload>
    </Package>
    <Package ID="Microsoft-Windows-WSUS-Tools-FoD-Package~31bf3856ad364e35~AMD64~en-gb~" InstalledSize="2929168" Version="10.0.17763.1">
      <SatelliteInfo>
        <ApplyToInfo>
          <ApplyTo Type="language" Value="en-GB" />
        </ApplyToInfo>
      </SatelliteInfo>
      <Payload>
        <PayloadItem PayloadHash="Q8W1gi0zEBL3I5zYx6FCn9coe+KPPdZaTOP2/TLcRJc=" PayloadSize="19933" Path="FeaturesOnDemand\en-gb\baseless\Microsoft-Windows-WSUS-Tools-FoD-Package~31bf3856ad364e35~AMD64~en-gb~.cab" PayloadType="ExpressCab" />
        <PayloadItem PayloadHash="odxTUTiSuviVmSBlh/eJnmOXjmtgVhGozHPQyNcNNJo=" PayloadSize="395081" Path="FeaturesOnDemand\en-gb\baseless\Microsoft-Windows-WSUS-Tools-FoD-Package~31bf3856ad364e35~AMD64~en-gb~.psf" PayloadType="ExpressPSF" />
      </Payload>
    </Package>
  </Packages>
</CompDB>