<?xml version="1.0" encoding="utf-8"?>
<CompDB xmlns:xsi="http://www.w3.org/2001/XMLSchema-instance" xmlns:xsd="http://www.w3.org/2001/XMLSchema" CreatedDate="2018-11-15T22:47:27.8212312Z" Revision="1" SchemaVersion="1.2" Product="Desktop" BuildID="80154b57-1148-3590-c1b9-d2ce93ee1fac" BuildInfo="rs5_release.17763.1.180914-1434" OSVersion="10.0.17763.1" BuildArch="amd64" ReleaseType="Production" Type="Baseless" xmlns="http://schemas.microsoft.com/embedded/2004/10/ImageUpdate">
  <Tags Type="Language">
    <Tag Name="Language" Value="nb-NO" />
    <Tag Name="UpdateType" Value="Baseless" />
  </Tags>
  <Features>
    <Feature Type="LanguagePack" FeatureID="Language.UI.Server~nb-no" FMID="MSDL" Group="Microsoft">
      <Packages>
        <Package ID="Microsoft-Windows-Server-LanguagePack-Package_nb-no~31bf3856ad364e35~amd64~nb-no~" PackageType="FeaturePackage" />
      </Packages>
    </Feature>
    <Feature Type="OnDemandFeature" FeatureID="Microsoft.Onecore.StorageManagement~~1.0" FMID="MSDN" Group="Microsoft">
      <Packages>
        <Package ID="Microsoft-OneCore-StorageManagement-FoD-Package~31bf3856ad364e35~AMD64~nb-no~" PackageType="SatellitePackage" />
        <Package ID="Microsoft-OneCore-StorageManagement-FoD-Package~31bf3856ad364e35~wow64~nb-no~" PackageType="SatellitePackage" />
      </Packages>
    </Feature>
    <Feature Type="OnDemandFeature" FeatureID="Rsat.ActiveDirectory.DS-LDS.Tools~~1.0" FMID="MSDN" Group="Microsoft">
      <Dependencies>
        <Feature FeatureID="Rsat.ServerManager.Tools~~1.0" />
      </Dependencies>
      <Packages>
        <Package ID="Microsoft-Windows-ActiveDirectory-DS-LDS-Tools-FoD-Package~31bf3856ad364e35~AMD64~nb-no~" PackageType="SatellitePackage" />
        <Package ID="Microsoft-Windows-ActiveDirectory-DS-LDS-Tools-FoD-Package~31bf3856ad364e35~wow64~nb-no~" PackageType="SatellitePackage" />
      </Packages>
    </Feature>
    <Feature Type="OnDemandFeature" FeatureID="Rsat.BitLocker.Recovery.Tools~~1.0" FMID="MSDN" Group="Microsoft">
      <Dependencies>
        <Feature FeatureID="Rsat.ActiveDirectory.DS-LDS.Tools~~1.0" />
      </Dependencies>
      <Packages>
        <Package ID="Microsoft-Windows-BitLocker-Recovery-Tools-FoD-Package~31bf3856ad364e35~AMD64~nb-no~" PackageType="SatellitePackage" />
      </Packages>
    </Feature>
    <Feature Type="OnDemandFeature" FeatureID="Rsat.CertificateServices.Tools~~1.0" FMID="MSDN" Group="Microsoft">
      <Packages>
        <Package ID="Microsoft-Windows-CertificateServices-Tools-FoD-Package~31bf3856ad364e35~AMD64~nb-no~" PackageType="SatellitePackage" />
      </Packages>
    </Feature>
    <Feature Type="OnDemandFeature" FeatureID="Rsat.DHCP.Tools~~1.0" FMID="MSDN" Group="Microsoft">
      <Packages>
        <Package ID="Microsoft-Windows-DHCP-Tools-FoD-Package~31bf3856ad364e35~AMD64~nb-no~" PackageType="SatellitePackage" />
        <Package ID="Microsoft-Windows-DHCP-Tools-FoD-Package~31bf3856ad364e35~wow64~nb-no~" PackageType="SatellitePackage" />
      </Packages>
    </Feature>
    <Feature Type="OnDemandFeature" FeatureID="Rsat.Dns.Tools~~1.0" FMID="MSDN" Group="Microsoft">
      <Packages>
        <Package ID="Microsoft-Windows-DNS-Tools-FoD-Package~31bf3856ad364e35~AMD64~nb-no~" PackageType="SatellitePackage" />
        <Package ID="Microsoft-Windows-DNS-Tools-FoD-Package~31bf3856ad364e35~wow64~nb-no~" PackageType="SatellitePackage" />
      </Packages>
    </Feature>
    <Feature Type="OnDemandFeature" FeatureID="Rsat.FailoverCluster.Management.Tools~~1.0" FMID="MSDN" Group="Microsoft">
      <Dependencies>
        <Feature FeatureID="Rsat.FileServices.Tools~~1.0" />
      </Dependencies>
      <Packages>
        <Package ID="Microsoft-Windows-FailoverCluster-Management-Tools-FOD-Package~31bf3856ad364e35~AMD64~nb-no~" PackageType="SatellitePackage" />
        <Package ID="Microsoft-Windows-FailoverCluster-Management-Tools-FOD-Package~31bf3856ad364e35~wow64~nb-no~" PackageType="SatellitePackage" />
      </Packages>
    </Feature>
    <Feature Type="OnDemandFeature" FeatureID="Rsat.FileServices.Tools~~1.0" FMID="MSDN" Group="Microsoft">
      <Dependencies>
        <Feature FeatureID="Rsat.ServerManager.Tools~~1.0" />
      </Dependencies>
      <Packages>
        <Package ID="Microsoft-Windows-FileServices-Tools-FoD-Package~31bf3856ad364e35~AMD64~nb-no~" PackageType="SatellitePackage" />
        <Package ID="Microsoft-Windows-FileServices-Tools-FoD-Package~31bf3856ad364e35~wow64~nb-no~" PackageType="SatellitePackage" />
      </Packages>
    </Feature>
    <Feature Type="OnDemandFeature" FeatureID="Rsat.GroupPolicy.Management.Tools~~1.0" FMID="MSDN" Group="Microsoft">
      <Packages>
        <Package ID="Microsoft-Windows-GroupPolicy-Management-Tools-FoD-Package~31bf3856ad364e35~AMD64~nb-no~" PackageType="SatellitePackage" />
        <Package ID="Microsoft-Windows-GroupPolicy-Management-Tools-FoD-Package~31bf3856ad364e35~wow64~nb-no~" PackageType="SatellitePackage" />
      </Packages>
    </Feature>
    <Feature Type="OnDemandFeature" FeatureID="Rsat.IPAM.Client.Tools~~1.0" FMID="MSDN" Group="Microsoft">
      <Dependencies>
        <Feature FeatureID="Rsat.ServerManager.Tools~~1.0" />
      </Dependencies>
      <Packages>
        <Package ID="Microsoft-Windows-IPAM-Client-FoD-Package~31bf3856ad364e35~AMD64~nb-no~" PackageType="SatellitePackage" />
        <Package ID="Microsoft-Windows-IPAM-Client-FoD-Package~31bf3856ad364e35~wow64~nb-no~" PackageType="SatellitePackage" />
      </Packages>
    </Feature>
    <Feature Type="OnDemandFeature" FeatureID="Rsat.NetworkController.Tools~~1.0" FMID="MSDN" Group="Microsoft">
      <Packages>
        <Package ID="Microsoft-Windows-NetworkController-Tools-FoD-Package~31bf3856ad364e35~AMD64~nb-no~" PackageType="SatellitePackage" />
      </Packages>
    </Feature>
    <Feature Type="OnDemandFeature" FeatureID="Rsat.NetworkLoadBalancing.Tools~~1.0" FMID="MSDN" Group="Microsoft">
      <Packages>
        <Package ID="Microsoft-Windows-NetworkLoadBalancing-Tools-FoD-Package~31bf3856ad364e35~AMD64~nb-no~" PackageType="SatellitePackage" />
      </Packages>
    </Feature>
    <Feature Type="OnDemandFeature" FeatureID="RasCMAK.Client~~1.0" FMID="MSDN" Group="Microsoft">
      <Packages>
        <Package ID="Microsoft-Windows-RasCMAK-Client-Package~31bf3856ad364e35~AMD64~nb-no~" PackageType="SatellitePackage" />
        <Package ID="Microsoft-Windows-RasCMAK-Client-Package~31bf3856ad364e35~wow64~nb-no~" PackageType="SatellitePackage" />
      </Packages>
    </Feature>
    <Feature Type="OnDemandFeature" FeatureID="RIP.Listener~~1.0" FMID="MSDN" Group="Microsoft">
      <Packages>
        <Package ID="Microsoft-Windows-RasRip-Package~31bf3856ad364e35~AMD64~nb-no~" PackageType="SatellitePackage" />
      </Packages>
    </Feature>
    <Feature Type="OnDemandFeature" FeatureID="Rsat.RemoteAccess.Management.Tools~~1.0" FMID="MSDN" Group="Microsoft">
      <Dependencies>
        <Feature FeatureID="Rsat.GroupPolicy.Management.Tools~~1.0" />
        <Feature FeatureID="Rsat.ServerManager.Tools~~1.0" />
      </Dependencies>
      <Packages>
        <Package ID="Microsoft-Windows-RemoteAccess-Management-Tools-FoD-Package~31bf3856ad364e35~AMD64~nb-no~" PackageType="SatellitePackage" />
        <Package ID="Microsoft-Windows-RemoteAccess-Management-Tools-FoD-Package~31bf3856ad364e35~wow64~nb-no~" PackageType="SatellitePackage" />
      </Packages>
    </Feature>
    <Feature Type="OnDemandFeature" FeatureID="Rsat.RemoteDesktop.Services.Tools~~1.0" FMID="MSDN" Group="Microsoft">
      <Packages>
        <Package ID="Microsoft-Windows-RemoteDesktop-Services-Tools-FoD-Package~31bf3856ad364e35~AMD64~nb-no~" PackageType="SatellitePackage" />
      </Packages>
    </Feature>
    <Feature Type="OnDemandFeature" FeatureID="ServerCore.AppCompatibility~~1.0" FMID="MSDN" Group="Microsoft">
      <Packages>
        <Package ID="Microsoft-Windows-Server-AppCompat-FoD-Package~31bf3856ad364e35~AMD64~nb-no~" PackageType="SatellitePackage" />
      </Packages>
    </Feature>
    <Feature Type="OnDemandFeature" FeatureID="Rsat.ServerManager.Tools~~1.0" FMID="MSDN" Group="Microsoft">
      <Packages>
        <Package ID="Microsoft-Windows-ServerManager-Tools-FoD-Package~31bf3856ad364e35~AMD64~nb-no~" PackageType="SatellitePackage" />
        <Package ID="Microsoft-Windows-ServerManager-Tools-FoD-Package~31bf3856ad364e35~wow64~nb-no~" PackageType="SatellitePackage" />
      </Packages>
    </Feature>
    <Feature Type="OnDemandFeature" FeatureID="Rsat.Shielded.VM.Tools~~1.0" FMID="MSDN" Group="Microsoft">
      <Dependencies>
        <Feature FeatureID="Rsat.ServerManager.Tools~~1.0" />
      </Dependencies>
      <Packages>
        <Package ID="Microsoft-Windows-Shielded-VM-Tools-FoD-Package~31bf3856ad364e35~AMD64~nb-no~" PackageType="SatellitePackage" />
      </Packages>
    </Feature>
    <Feature Type="OnDemandFeature" FeatureID="SNMP.Client~~1.0" FMID="MSDN" Group="Microsoft">
      <Packages>
        <Package ID="Microsoft-Windows-SNMP-Client-Package~31bf3856ad364e35~AMD64~nb-no~" PackageType="SatellitePackage" />
        <Package ID="Microsoft-Windows-SNMP-Client-Package~31bf3856ad364e35~wow64~nb-no~" PackageType="SatellitePackage" />
      </Packages>
    </Feature>
    <Feature Type="OnDemandFeature" FeatureID="Microsoft.Windows.StorageManagement~~1.0" FMID="MSDN" Group="Microsoft">
      <Packages>
        <Package ID="Microsoft-Windows-StorageManagement-FoD-Package~31bf3856ad364e35~AMD64~nb-no~" PackageType="SatellitePackage" />
        <Package ID="Microsoft-Windows-StorageManagement-FoD-Package~31bf3856ad364e35~wow64~nb-no~" PackageType="SatellitePackage" />
      </Packages>
    </Feature>
    <Feature Type="OnDemandFeature" FeatureID="Rsat.StorageMigrationService.Management.Tools~~1.0" FMID="MSDN" Group="Microsoft">
      <Packages>
        <Package ID="Microsoft-Windows-StorageMigrationService-Management-Tools-FOD-Package~31bf3856ad364e35~AMD64~nb-no~" PackageType="SatellitePackage" />
      </Packages>
    </Feature>
    <Feature Type="OnDemandFeature" FeatureID="Rsat.StorageReplica.Tools~~1.0" FMID="MSDN" Group="Microsoft">
      <Packages>
        <Package ID="Microsoft-Windows-StorageReplica-Tools-FoD-Package~31bf3856ad364e35~AMD64~nb-no~" PackageType="SatellitePackage" />
      </Packages>
    </Feature>
    <Feature Type="OnDemandFeature" FeatureID="Rsat.SystemInsights.Management.Tools~~1.0" FMID="MSDN" Group="Microsoft">
      <Packages>
        <Package ID="Microsoft-Windows-SystemInsights-Management-Tools-FOD-Package~31bf3856ad364e35~AMD64~nb-no~" PackageType="SatellitePackage" />
      </Packages>
    </Feature>
    <Feature Type="OnDemandFeature" FeatureID="Rsat.VolumeActivation.Tools~~1.0" FMID="MSDN" Group="Microsoft">
      <Packages>
        <Package ID="Microsoft-Windows-VolumeActivation-Tools-FoD-Package~31bf3856ad364e35~AMD64~nb-no~" PackageType="SatellitePackage" />
      </Packages>
    </Feature>
    <Feature Type="OnDemandFeature" FeatureID="WMI-SNMP-Provider.Client~~1.0" FMID="MSDN" Group="Microsoft">
      <Dependencies>
        <Feature FeatureID="SNMP.Client~~1.0" />
      </Dependencies>
      <Packages>
        <Package ID="Microsoft-Windows-WMI-SNMP-Provider-Client-Package~31bf3856ad364e35~AMD64~nb-no~" PackageType="SatellitePackage" />
        <Package ID="Microsoft-Windows-WMI-SNMP-Provider-Client-Package~31bf3856ad364e35~wow64~nb-no~" PackageType="SatellitePackage" />
      </Packages>
    </Feature>
    <Feature Type="OnDemandFeature" FeatureID="Rsat.WSUS.Tools~~1.0" FMID="MSDN" Group="Microsoft">
      <Packages>
        <Package ID="Microsoft-Windows-WSUS-Tools-FoD-Package~31bf3856ad364e35~AMD64~nb-no~" PackageType="SatellitePackage" />
      </Packages>
    </Feature>
  </Features>
  <Packages>
    <Package ID="Microsoft-Windows-Server-LanguagePack-Package_nb-no~31bf3856ad364e35~amd64~nb-no~" InstalledSize="1104558708" Version="10.0.17763.1">
      <SatelliteInfo>
        <DeclareInfo>
          <Declare Type="language" Value="nb-NO" />
        </DeclareInfo>
      </SatelliteInfo>
      <Payload>
        <PayloadItem PayloadHash="06TZZ+YLajKKuv7cxFujw99MDi8YTGTmQmKK+xXfWyU=" PayloadSize="1669195" Path="UUP\Desktop\editionpackages\Server\nb-no\baseless\Microsoft-Windows-Server-LanguagePack-Package_nb-no~31bf3856ad364e35~amd64~nb-no~.cab" PayloadType="ExpressCab" />
        <PayloadItem PayloadHash="caVMxSeYTxpUTo4P+Ss+4NYTD+vWbI6ydZVpjqSJyCM=" PayloadSize="77464054" Path="UUP\Desktop\editionpackages\Server\nb-no\baseless\Microsoft-Windows-Server-LanguagePack-Package_nb-no~31bf3856ad364e35~amd64~nb-no~.psf" PayloadType="ExpressPSF" />
      </Payload>
    </Package>
    <Package ID="Microsoft-OneCore-StorageManagement-FoD-Package~31bf3856ad364e35~AMD64~nb-no~" InstalledSize="1961567" Version="10.0.17763.1">
      <SatelliteInfo>
        <ApplyToInfo>
          <ApplyTo Type="language" Value="nb-NO" />
        </ApplyToInfo>
      </SatelliteInfo>
      <Payload>
        <PayloadItem PayloadHash="8aT1qdlp1URyFZo83XQ6+ZRWJK8wqi+jKHpL7pvyEOI=" PayloadSize="20979" Path="FeaturesOnDemand\nb-no\baseless\Microsoft-OneCore-StorageManagement-FoD-Package~31bf3856ad364e35~AMD64~nb-no~.cab" PayloadType="ExpressCab" />
        <PayloadItem PayloadHash="ppzGSt5gqa18aCR+LzR5r22jP5iZI9+y0B/9k5XzosA=" PayloadSize="207324" Path="FeaturesOnDemand\nb-no\baseless\Microsoft-OneCore-StorageManagement-FoD-Package~31bf3856ad364e35~AMD64~nb-no~.psf" PayloadType="ExpressPSF" />
      </Payload>
    </Package>
    <Package ID="Microsoft-OneCore-StorageManagement-FoD-Package~31bf3856ad364e35~wow64~nb-no~" InstalledSize="1079717" Version="10.0.17763.1">
      <SatelliteInfo>
        <ApplyToInfo>
          <ApplyTo Type="arch" Value="wow64" />
          <ApplyTo Type="language" Value="nb-NO" />
        </ApplyToInfo>
      </SatelliteInfo>
      <Payload>
        <PayloadItem PayloadHash="Xuz7y8Q/GmIUem5PV+34xEsnFAweJCHvdfZpcPSAm7Y=" PayloadSize="18773" Path="FeaturesOnDemand\nb-no\baseless\Microsoft-OneCore-StorageManagement-FoD-Package~31bf3856ad364e35~wow64~nb-no~.cab" PayloadType="ExpressCab" />
        <PayloadItem PayloadHash="kxyxNg0TN9YtbDJWNmy0MU1BKbg61x9D5zgihp931a4=" PayloadSize="117152" Path="FeaturesOnDemand\nb-no\baseless\Microsoft-OneCore-StorageManagement-FoD-Package~31bf3856ad364e35~wow64~nb-no~.psf" PayloadType="ExpressPSF" />
      </Payload>
    </Package>
    <Package ID="Microsoft-Windows-ActiveDirectory-DS-LDS-Tools-FoD-Package~31bf3856ad364e35~AMD64~nb-no~" InstalledSize="5738534" Version="10.0.17763.1">
      <SatelliteInfo>
        <ApplyToInfo>
          <ApplyTo Type="language" Value="nb-NO" />
        </ApplyToInfo>
      </SatelliteInfo>
      <Payload>
        <PayloadItem PayloadHash="7SEKrAW+7HQsJi69yuHUGNev12rx7me+cu1GlXndPjs=" PayloadSize="28133" Path="FeaturesOnDemand\nb-no\baseless\Microsoft-Windows-ActiveDirectory-DS-LDS-Tools-FoD-Package~31bf3856ad364e35~AMD64~nb-no~.cab" PayloadType="ExpressCab" />
        <PayloadItem PayloadHash="ryEvPFIi5r9Bpdi56rMML/mds7dlpQAB85m5RKY76CY=" PayloadSize="958575" Path="FeaturesOnDemand\nb-no\baseless\Microsoft-Windows-ActiveDirectory-DS-LDS-Tools-FoD-Package~31bf3856ad364e35~AMD64~nb-no~.psf" PayloadType="ExpressPSF" />
      </Payload>
    </Package>
    <Package ID="Microsoft-Windows-ActiveDirectory-DS-LDS-Tools-FoD-Package~31bf3856ad364e35~wow64~nb-no~" InstalledSize="804651" Version="10.0.17763.1">
      <SatelliteInfo>
        <ApplyToInfo>
          <ApplyTo Type="arch" Value="wow64" />
          <ApplyTo Type="language" Value="nb-NO" />
        </ApplyToInfo>
      </SatelliteInfo>
      <Payload>
        <PayloadItem PayloadHash="T2Ok3vPsKZ4O3JFQrUM4GLU6fc6QSBK+Uibdcl/S/rE=" PayloadSize="19673" Path="FeaturesOnDemand\nb-no\baseless\Microsoft-Windows-ActiveDirectory-DS-LDS-Tools-FoD-Package~31bf3856ad364e35~wow64~nb-no~.cab" PayloadType="ExpressCab" />
        <PayloadItem PayloadHash="lHyYd3ompWs+dClKo4xye9AFMbJn4jRxtw4O7QxL7Bc=" PayloadSize="162948" Path="FeaturesOnDemand\nb-no\baseless\Microsoft-Windows-ActiveDirectory-DS-LDS-Tools-FoD-Package~31bf3856ad364e35~wow64~nb-no~.psf" PayloadType="ExpressPSF" />
      </Payload>
    </Package>
    <Package ID="Microsoft-Windows-BitLocker-Recovery-Tools-FoD-Package~31bf3856ad364e35~AMD64~nb-no~" InstalledSize="33335" Version="10.0.17763.1">
      <SatelliteInfo>
        <ApplyToInfo>
          <ApplyTo Type="language" Value="nb-NO" />
        </ApplyToInfo>
      </SatelliteInfo>
      <Payload>
        <PayloadItem PayloadHash="1XY0Ta9WfnxRO3WoD13TN+vGsnDxi8rj6k027T7lNNM=" PayloadSize="18961" Path="FeaturesOnDemand\nb-no\baseless\Microsoft-Windows-BitLocker-Recovery-Tools-FoD-Package~31bf3856ad364e35~AMD64~nb-no~.cab" PayloadType="ExpressCab" />
        <PayloadItem PayloadHash="ocHSb3dwdyMiXZw0xDVqp1jJKRgBG8NKpdjFhgn/5Hg=" PayloadSize="68253" Path="FeaturesOnDemand\nb-no\baseless\Microsoft-Windows-BitLocker-Recovery-Tools-FoD-Package~31bf3856ad364e35~AMD64~nb-no~.psf" PayloadType="ExpressPSF" />
      </Payload>
    </Package>
    <Package ID="Microsoft-Windows-CertificateServices-Tools-FoD-Package~31bf3856ad364e35~AMD64~nb-no~" InstalledSize="1015095" Version="10.0.17763.1">
      <SatelliteInfo>
        <ApplyToInfo>
          <ApplyTo Type="language" Value="nb-NO" />
        </ApplyToInfo>
      </SatelliteInfo>
      <Payload>
        <PayloadItem PayloadHash="gBYt7yUNUF7XwZIcRvpaWjv4S4i/ViUKf4Tvtm5FnB4=" PayloadSize="20783" Path="FeaturesOnDemand\nb-no\baseless\Microsoft-Windows-CertificateServices-Tools-FoD-Package~31bf3856ad364e35~AMD64~nb-no~.cab" PayloadType="ExpressCab" />
        <PayloadItem PayloadHash="mayIURwvUUG6CP610pGcyFdRq0t0vqNALZYXMOSu7Tc=" PayloadSize="205868" Path="FeaturesOnDemand\nb-no\baseless\Microsoft-Windows-CertificateServices-Tools-FoD-Package~31bf3856ad364e35~AMD64~nb-no~.psf" PayloadType="ExpressPSF" />
      </Payload>
    </Package>
    <Package ID="Microsoft-Windows-DHCP-Tools-FoD-Package~31bf3856ad364e35~AMD64~nb-no~" InstalledSize="1789809" Version="10.0.17763.1">
      <SatelliteInfo>
        <ApplyToInfo>
          <ApplyTo Type="language" Value="nb-NO" />
        </ApplyToInfo>
      </SatelliteInfo>
      <Payload>
        <PayloadItem PayloadHash="bzkhLXR4WiJbabS5YVUJfMhIYqO3Mt01j8pig6YJTjA=" PayloadSize="19777" Path="FeaturesOnDemand\nb-no\baseless\Microsoft-Windows-DHCP-Tools-FoD-Package~31bf3856ad364e35~AMD64~nb-no~.cab" PayloadType="ExpressCab" />
        <PayloadItem PayloadHash="rl0VtZe099nhQSHpohQQHDdbrTAiiV+CHXciKxiBgK0=" PayloadSize="208533" Path="FeaturesOnDemand\nb-no\baseless\Microsoft-Windows-DHCP-Tools-FoD-Package~31bf3856ad364e35~AMD64~nb-no~.psf" PayloadType="ExpressPSF" />
      </Payload>
    </Package>
    <Package ID="Microsoft-Windows-DHCP-Tools-FoD-Package~31bf3856ad364e35~wow64~nb-no~" InstalledSize="464531" Version="10.0.17763.1">
      <SatelliteInfo>
        <ApplyToInfo>
          <ApplyTo Type="arch" Value="wow64" />
          <ApplyTo Type="language" Value="nb-NO" />
        </ApplyToInfo>
      </SatelliteInfo>
      <Payload>
        <PayloadItem PayloadHash="k74s9gbP+aVeeteS3L7PBxJBP0gL+ugyZzos12N9Wjk=" PayloadSize="19001" Path="FeaturesOnDemand\nb-no\baseless\Microsoft-Windows-DHCP-Tools-FoD-Package~31bf3856ad364e35~wow64~nb-no~.cab" PayloadType="ExpressCab" />
        <PayloadItem PayloadHash="fYzXxOYPEkJfBR70cVx9Zjq24W1o1q4FSuwwFhz9KB4=" PayloadSize="96714" Path="FeaturesOnDemand\nb-no\baseless\Microsoft-Windows-DHCP-Tools-FoD-Package~31bf3856ad364e35~wow64~nb-no~.psf" PayloadType="ExpressPSF" />
      </Payload>
    </Package>
    <Package ID="Microsoft-Windows-DNS-Tools-FoD-Package~31bf3856ad364e35~AMD64~nb-no~" InstalledSize="1892041" Version="10.0.17763.1">
      <SatelliteInfo>
        <ApplyToInfo>
          <ApplyTo Type="language" Value="nb-NO" />
        </ApplyToInfo>
      </SatelliteInfo>
      <Payload>
        <PayloadItem PayloadHash="0NdYCR6Ue4HuzUyRz1yQfSlyLAOKvhe/yQGRgqskQKc=" PayloadSize="20027" Path="FeaturesOnDemand\nb-no\baseless\Microsoft-Windows-DNS-Tools-FoD-Package~31bf3856ad364e35~AMD64~nb-no~.cab" PayloadType="ExpressCab" />
        <PayloadItem PayloadHash="OIxwDHpylhWIIxL6JdAEFaIOC64fP8lxr/7PSfikKdo=" PayloadSize="244227" Path="FeaturesOnDemand\nb-no\baseless\Microsoft-Windows-DNS-Tools-FoD-Package~31bf3856ad364e35~AMD64~nb-no~.psf" PayloadType="ExpressPSF" />
      </Payload>
    </Package>
    <Package ID="Microsoft-Windows-DNS-Tools-FoD-Package~31bf3856ad364e35~wow64~nb-no~" InstalledSize="13440" Version="10.0.17763.1">
      <SatelliteInfo>
        <ApplyToInfo>
          <ApplyTo Type="arch" Value="wow64" />
          <ApplyTo Type="language" Value="nb-NO" />
        </ApplyToInfo>
      </SatelliteInfo>
      <Payload>
        <PayloadItem PayloadHash="AEkfVIz7zljQRwPk2m8VufEggzGz9HwaRtpGIT7tGSg=" PayloadSize="18395" Path="FeaturesOnDemand\nb-no\baseless\Microsoft-Windows-DNS-Tools-FoD-Package~31bf3856ad364e35~wow64~nb-no~.cab" PayloadType="ExpressCab" />
        <PayloadItem PayloadHash="i15FmvCSrC+mU4FYJemfOU2XgBSyDdF7H4IPqiiT3Jk=" PayloadSize="58649" Path="FeaturesOnDemand\nb-no\baseless\Microsoft-Windows-DNS-Tools-FoD-Package~31bf3856ad364e35~wow64~nb-no~.psf" PayloadType="ExpressPSF" />
      </Payload>
    </Package>
    <Package ID="Microsoft-Windows-FailoverCluster-Management-Tools-FOD-Package~31bf3856ad364e35~AMD64~nb-no~" InstalledSize="8934503" Version="10.0.17763.1">
      <SatelliteInfo>
        <ApplyToInfo>
          <ApplyTo Type="language" Value="nb-NO" />
        </ApplyToInfo>
      </SatelliteInfo>
      <Payload>
        <PayloadItem PayloadHash="dupgvTqBBft2AQk4apsg4Xr9xX8JzC/R79bUSvmU/Ns=" PayloadSize="26895" Path="FeaturesOnDemand\nb-no\baseless\Microsoft-Windows-FailoverCluster-Management-Tools-FOD-Package~31bf3856ad364e35~AMD64~nb-no~.cab" PayloadType="ExpressCab" />
        <PayloadItem PayloadHash="onfjQe+lHsqJO7EOqb4EjAKPOl4LsvZH3mmVr7HtCT0=" PayloadSize="2464929" Path="FeaturesOnDemand\nb-no\baseless\Microsoft-Windows-FailoverCluster-Management-Tools-FOD-Package~31bf3856ad364e35~AMD64~nb-no~.psf" PayloadType="ExpressPSF" />
      </Payload>
    </Package>
    <Package ID="Microsoft-Windows-FailoverCluster-Management-Tools-FOD-Package~31bf3856ad364e35~wow64~nb-no~" InstalledSize="75872" Version="10.0.17763.1">
      <SatelliteInfo>
        <ApplyToInfo>
          <ApplyTo Type="arch" Value="wow64" />
          <ApplyTo Type="language" Value="nb-NO" />
        </ApplyToInfo>
      </SatelliteInfo>
      <Payload>
        <PayloadItem PayloadHash="bGs7BEz9X8Gqti9a4OyGZJKpaQ7sWLAFIH/7f3C5zfY=" PayloadSize="20077" Path="FeaturesOnDemand\nb-no\baseless\Microsoft-Windows-FailoverCluster-Management-Tools-FOD-Package~31bf3856ad364e35~wow64~nb-no~.cab" PayloadType="ExpressCab" />
        <PayloadItem PayloadHash="ygVCNiPmoTBAIigxuLnZWWXKxcEz2K8wCdKeFgcgRSI=" PayloadSize="87746" Path="FeaturesOnDemand\nb-no\baseless\Microsoft-Windows-FailoverCluster-Management-Tools-FOD-Package~31bf3856ad364e35~wow64~nb-no~.psf" PayloadType="ExpressPSF" />
      </Payload>
    </Package>
    <Package ID="Microsoft-Windows-FileServices-Tools-FoD-Package~31bf3856ad364e35~AMD64~nb-no~" InstalledSize="4153736" Version="10.0.17763.1">
      <SatelliteInfo>
        <ApplyToInfo>
          <ApplyTo Type="language" Value="nb-NO" />
        </ApplyToInfo>
      </SatelliteInfo>
      <Payload>
        <PayloadItem PayloadHash="DWpFR+dNyB4DAU9rp13IflnL0B+E274+Ki714BaFgM4=" PayloadSize="24427" Path="FeaturesOnDemand\nb-no\baseless\Microsoft-Windows-FileServices-Tools-FoD-Package~31bf3856ad364e35~AMD64~nb-no~.cab" PayloadType="ExpressCab" />
        <PayloadItem PayloadHash="JC6ug7Y33n43VpjeNkZrXRPkuKF4fvx/6CAAvA3MaC8=" PayloadSize="621454" Path="FeaturesOnDemand\nb-no\baseless\Microsoft-Windows-FileServices-Tools-FoD-Package~31bf3856ad364e35~AMD64~nb-no~.psf" PayloadType="ExpressPSF" />
      </Payload>
    </Package>
    <Package ID="Microsoft-Windows-FileServices-Tools-FoD-Package~31bf3856ad364e35~wow64~nb-no~" InstalledSize="177397" Version="10.0.17763.1">
      <SatelliteInfo>
        <ApplyToInfo>
          <ApplyTo Type="arch" Value="wow64" />
          <ApplyTo Type="language" Value="nb-NO" />
        </ApplyToInfo>
      </SatelliteInfo>
      <Payload>
        <PayloadItem PayloadHash="BPnCENkdKXk1oEE8+Ia7p0UMuOprfQhhMIUgo/1hAp4=" PayloadSize="19189" Path="FeaturesOnDemand\nb-no\baseless\Microsoft-Windows-FileServices-Tools-FoD-Package~31bf3856ad364e35~wow64~nb-no~.cab" PayloadType="ExpressCab" />
        <PayloadItem PayloadHash="eK2faWGFhv4wv2/6xxpN7IJdGYkKAX3oNl+VYAar0t8=" PayloadSize="86436" Path="FeaturesOnDemand\nb-no\baseless\Microsoft-Windows-FileServices-Tools-FoD-Package~31bf3856ad364e35~wow64~nb-no~.psf" PayloadType="ExpressPSF" />
      </Payload>
    </Package>
    <Package ID="Microsoft-Windows-GroupPolicy-Management-Tools-FoD-Package~31bf3856ad364e35~AMD64~nb-no~" InstalledSize="2283512" Version="10.0.17763.1">
      <SatelliteInfo>
        <ApplyToInfo>
          <ApplyTo Type="language" Value="nb-NO" />
        </ApplyToInfo>
      </SatelliteInfo>
      <Payload>
        <PayloadItem PayloadHash="SIK+Y98l6nmBsbaFKCQaSB8kDHOmuFq47IKoWbwf2hg=" PayloadSize="22785" Path="FeaturesOnDemand\nb-no\baseless\Microsoft-Windows-GroupPolicy-Management-Tools-FoD-Package~31bf3856ad364e35~AMD64~nb-no~.cab" PayloadType="ExpressCab" />
        <PayloadItem PayloadHash="fb9qc3tliYGbo/ol2DQF/GiTcCtk53fgJYzaqE5ux78=" PayloadSize="352290" Path="FeaturesOnDemand\nb-no\baseless\Microsoft-Windows-GroupPolicy-Management-Tools-FoD-Package~31bf3856ad364e35~AMD64~nb-no~.psf" PayloadType="ExpressPSF" />
      </Payload>
    </Package>
    <Package ID="Microsoft-Windows-GroupPolicy-Management-Tools-FoD-Package~31bf3856ad364e35~wow64~nb-no~" InstalledSize="309852" Version="10.0.17763.1">
      <SatelliteInfo>
        <ApplyToInfo>
          <ApplyTo Type="arch" Value="wow64" />
          <ApplyTo Type="language" Value="nb-NO" />
        </ApplyToInfo>
      </SatelliteInfo>
      <Payload>
        <PayloadItem PayloadHash="3jQjZf9t5QOrPKhMKdiuXMHGNXFRuyQTMzuFC4qdNK4=" PayloadSize="19131" Path="FeaturesOnDemand\nb-no\baseless\Microsoft-Windows-GroupPolicy-Management-Tools-FoD-Package~31bf3856ad364e35~wow64~nb-no~.cab" PayloadType="ExpressCab" />
        <PayloadItem PayloadHash="xWmBccYc+sI0Y6oLcw4uKL75DKqjvWwH1INbGdMVukY=" PayloadSize="100096" Path="FeaturesOnDemand\nb-no\baseless\Microsoft-Windows-GroupPolicy-Management-Tools-FoD-Package~31bf3856ad364e35~wow64~nb-no~.psf" PayloadType="ExpressPSF" />
      </Payload>
    </Package>
    <Package ID="Microsoft-Windows-IPAM-Client-FoD-Package~31bf3856ad364e35~AMD64~nb-no~" InstalledSize="103727" Version="10.0.17763.1">
      <SatelliteInfo>
        <ApplyToInfo>
          <ApplyTo Type="language" Value="nb-NO" />
        </ApplyToInfo>
      </SatelliteInfo>
      <Payload>
        <PayloadItem PayloadHash="fDYycH9D4w/VMhCe01KrtFtQisMx7Eg45sKuWYR6NLo=" PayloadSize="18785" Path="FeaturesOnDemand\nb-no\baseless\Microsoft-Windows-IPAM-Client-FoD-Package~31bf3856ad364e35~AMD64~nb-no~.cab" PayloadType="ExpressCab" />
        <PayloadItem PayloadHash="DnyCJGXWdsYgJ9vcyuMewKjO+gaFtS7G0uYb4P9Ye3w=" PayloadSize="71514" Path="FeaturesOnDemand\nb-no\baseless\Microsoft-Windows-IPAM-Client-FoD-Package~31bf3856ad364e35~AMD64~nb-no~.psf" PayloadType="ExpressPSF" />
      </Payload>
    </Package>
    <Package ID="Microsoft-Windows-IPAM-Client-FoD-Package~31bf3856ad364e35~wow64~nb-no~" InstalledSize="26580" Version="10.0.17763.1">
      <SatelliteInfo>
        <ApplyToInfo>
          <ApplyTo Type="arch" Value="wow64" />
          <ApplyTo Type="language" Value="nb-NO" />
        </ApplyToInfo>
      </SatelliteInfo>
      <Payload>
        <PayloadItem PayloadHash="/To6FRSkxGGdE2dDiZSaKesvsDoysHNXyLfgnb9xuDw=" PayloadSize="18339" Path="FeaturesOnDemand\nb-no\baseless\Microsoft-Windows-IPAM-Client-FoD-Package~31bf3856ad364e35~wow64~nb-no~.cab" PayloadType="ExpressCab" />
        <PayloadItem PayloadHash="FLu4OYDFJyjuCaZm7gxDTKoDvjssRSg4nvnHjIIlbLs=" PayloadSize="61132" Path="FeaturesOnDemand\nb-no\baseless\Microsoft-Windows-IPAM-Client-FoD-Package~31bf3856ad364e35~wow64~nb-no~.psf" PayloadType="ExpressPSF" />
      </Payload>
    </Package>
    <Package ID="Microsoft-Windows-NetworkController-Tools-FoD-Package~31bf3856ad364e35~AMD64~nb-no~" InstalledSize="69923" Version="10.0.17763.1">
      <SatelliteInfo>
        <ApplyToInfo>
          <ApplyTo Type="language" Value="nb-NO" />
        </ApplyToInfo>
      </SatelliteInfo>
      <Payload>
        <PayloadItem PayloadHash="+x+62Dz1u4r2ZXG+cPq6KicnNaKaT/A1W4aHqOAuTiM=" PayloadSize="19249" Path="FeaturesOnDemand\nb-no\baseless\Microsoft-Windows-NetworkController-Tools-FoD-Package~31bf3856ad364e35~AMD64~nb-no~.cab" PayloadType="ExpressCab" />
        <PayloadItem PayloadHash="+7LdDYZSVO+tFEDsXPU+p9gfFIJ59izRzW6bveRp+cE=" PayloadSize="79766" Path="FeaturesOnDemand\nb-no\baseless\Microsoft-Windows-NetworkController-Tools-FoD-Package~31bf3856ad364e35~AMD64~nb-no~.psf" PayloadType="ExpressPSF" />
      </Payload>
    </Package>
    <Package ID="Microsoft-Windows-NetworkLoadBalancing-Tools-FoD-Package~31bf3856ad364e35~AMD64~nb-no~" InstalledSize="222584" Version="10.0.17763.1">
      <SatelliteInfo>
        <ApplyToInfo>
          <ApplyTo Type="language" Value="nb-NO" />
        </ApplyToInfo>
      </SatelliteInfo>
      <Payload>
        <PayloadItem PayloadHash="9vsQoBJwkIDJ+dbvZABizx/jjIX/5tvZYh4Zwo+idFE=" PayloadSize="18943" Path="FeaturesOnDemand\nb-no\baseless\Microsoft-Windows-NetworkLoadBalancing-Tools-FoD-Package~31bf3856ad364e35~AMD64~nb-no~.cab" PayloadType="ExpressCab" />
        <PayloadItem PayloadHash="nnw4e6/l6eZ6RQCBqLRFtO6fXioWK/obsaEO2aJ0or0=" PayloadSize="97693" Path="FeaturesOnDemand\nb-no\baseless\Microsoft-Windows-NetworkLoadBalancing-Tools-FoD-Package~31bf3856ad364e35~AMD64~nb-no~.psf" PayloadType="ExpressPSF" />
      </Payload>
    </Package>
    <Package ID="Microsoft-Windows-RasCMAK-Client-Package~31bf3856ad364e35~AMD64~nb-no~" InstalledSize="223013" Version="10.0.17763.1">
      <SatelliteInfo>
        <ApplyToInfo>
          <ApplyTo Type="language" Value="nb-NO" />
        </ApplyToInfo>
      </SatelliteInfo>
      <Payload>
        <PayloadItem PayloadHash="196R+XrHkB1UUUtOOGs6V92oCkRwHKXkmIHQ+WRwZ0g=" PayloadSize="18999" Path="FeaturesOnDemand\nb-no\baseless\Microsoft-Windows-RasCMAK-Client-Package~31bf3856ad364e35~AMD64~nb-no~.cab" PayloadType="ExpressCab" />
        <PayloadItem PayloadHash="YebyQTnSBRKZGHyskOpJiWF3WOpcdEFo/Lmnvr1AOUs=" PayloadSize="124619" Path="FeaturesOnDemand\nb-no\baseless\Microsoft-Windows-RasCMAK-Client-Package~31bf3856ad364e35~AMD64~nb-no~.psf" PayloadType="ExpressPSF" />
      </Payload>
    </Package>
    <Package ID="Microsoft-Windows-RasCMAK-Client-Package~31bf3856ad364e35~wow64~nb-no~" InstalledSize="399188" Version="10.0.17763.1">
      <SatelliteInfo>
        <ApplyToInfo>
          <ApplyTo Type="arch" Value="wow64" />
          <ApplyTo Type="language" Value="nb-NO" />
        </ApplyToInfo>
      </SatelliteInfo>
      <Payload>
        <PayloadItem PayloadHash="ulji7WG2Q1mCPoOlgRv2YLAu+laFFqMrYbsN0hOQ6DQ=" PayloadSize="19347" Path="FeaturesOnDemand\nb-no\baseless\Microsoft-Windows-RasCMAK-Client-Package~31bf3856ad364e35~wow64~nb-no~.cab" PayloadType="ExpressCab" />
        <PayloadItem PayloadHash="1dXR10pO7c9g6P+VconRb9gTpihB1h4ZzqXQwcOUv4c=" PayloadSize="326945" Path="FeaturesOnDemand\nb-no\baseless\Microsoft-Windows-RasCMAK-Client-Package~31bf3856ad364e35~wow64~nb-no~.psf" PayloadType="ExpressPSF" />
      </Payload>
    </Package>
    <Package ID="Microsoft-Windows-RasRip-Package~31bf3856ad364e35~AMD64~nb-no~" InstalledSize="27543" Version="10.0.17763.1">
      <SatelliteInfo>
        <ApplyToInfo>
          <ApplyTo Type="language" Value="nb-NO" />
        </ApplyToInfo>
      </SatelliteInfo>
      <Payload>
        <PayloadItem PayloadHash="wvTu0FTWVMQqGQWAnssT38ljAjlPlHSbOwntifFkPyI=" PayloadSize="18317" Path="FeaturesOnDemand\nb-no\baseless\Microsoft-Windows-RasRip-Package~31bf3856ad364e35~AMD64~nb-no~.cab" PayloadType="ExpressCab" />
        <PayloadItem PayloadHash="pyhyEl7Qct5jw/T5WwwWjsNNnfkdSlRoO1Zmv0AurKg=" PayloadSize="61752" Path="FeaturesOnDemand\nb-no\baseless\Microsoft-Windows-RasRip-Package~31bf3856ad364e35~AMD64~nb-no~.psf" PayloadType="ExpressPSF" />
      </Payload>
    </Package>
    <Package ID="Microsoft-Windows-RemoteAccess-Management-Tools-FoD-Package~31bf3856ad364e35~AMD64~nb-no~" InstalledSize="18532571" Version="10.0.17763.1">
      <SatelliteInfo>
        <ApplyToInfo>
          <ApplyTo Type="language" Value="nb-NO" />
        </ApplyToInfo>
      </SatelliteInfo>
      <Payload>
        <PayloadItem PayloadHash="5MoXYg+j90K4ISpYEV63qIPhmUfwId4Tz/NPI/CftSc=" PayloadSize="21697" Path="FeaturesOnDemand\nb-no\baseless\Microsoft-Windows-RemoteAccess-Management-Tools-FoD-Package~31bf3856ad364e35~AMD64~nb-no~.cab" PayloadType="ExpressCab" />
        <PayloadItem PayloadHash="B9hKyy1UEywFyzBDGYpiAOpMSUve/PKR/fwb2X3mHCw=" PayloadSize="3401019" Path="FeaturesOnDemand\nb-no\baseless\Microsoft-Windows-RemoteAccess-Management-Tools-FoD-Package~31bf3856ad364e35~AMD64~nb-no~.psf" PayloadType="ExpressPSF" />
      </Payload>
    </Package>
    <Package ID="Microsoft-Windows-RemoteAccess-Management-Tools-FoD-Package~31bf3856ad364e35~wow64~nb-no~" InstalledSize="13523" Version="10.0.17763.1">
      <SatelliteInfo>
        <ApplyToInfo>
          <ApplyTo Type="arch" Value="wow64" />
          <ApplyTo Type="language" Value="nb-NO" />
        </ApplyToInfo>
      </SatelliteInfo>
      <Payload>
        <PayloadItem PayloadHash="IK8zpOxH/bSC3qTvqlBGXOdQutVK6SswZEF8pcHhcps=" PayloadSize="18389" Path="FeaturesOnDemand\nb-no\baseless\Microsoft-Windows-RemoteAccess-Management-Tools-FoD-Package~31bf3856ad364e35~wow64~nb-no~.cab" PayloadType="ExpressCab" />
        <PayloadItem PayloadHash="CLkzVfD9PcuoALK07uXHSrBIGM3kSaz85z5J/VTWvc8=" PayloadSize="58619" Path="FeaturesOnDemand\nb-no\baseless\Microsoft-Windows-RemoteAccess-Management-Tools-FoD-Package~31bf3856ad364e35~wow64~nb-no~.psf" PayloadType="ExpressPSF" />
      </Payload>
    </Package>
    <Package ID="Microsoft-Windows-RemoteDesktop-Services-Tools-FoD-Package~31bf3856ad364e35~AMD64~nb-no~" InstalledSize="1514022" Version="10.0.17763.1">
      <SatelliteInfo>
        <ApplyToInfo>
          <ApplyTo Type="language" Value="nb-NO" />
        </ApplyToInfo>
      </SatelliteInfo>
      <Payload>
        <PayloadItem PayloadHash="uSQAMeb4RUCxmeU+r+Knf8t+b1IW3sn2gnYqIsqvk3c=" PayloadSize="20533" Path="FeaturesOnDemand\nb-no\baseless\Microsoft-Windows-RemoteDesktop-Services-Tools-FoD-Package~31bf3856ad364e35~AMD64~nb-no~.cab" PayloadType="ExpressCab" />
        <PayloadItem PayloadHash="RHPDDuwhGSMolcIcZDoykFGVcC6ARxd8QSWgK+XtWNQ=" PayloadSize="304015" Path="FeaturesOnDemand\nb-no\baseless\Microsoft-Windows-RemoteDesktop-Services-Tools-FoD-Package~31bf3856ad364e35~AMD64~nb-no~.psf" PayloadType="ExpressPSF" />
      </Payload>
    </Package>
    <Package ID="Microsoft-Windows-Server-AppCompat-FoD-Package~31bf3856ad364e35~AMD64~nb-no~" InstalledSize="28023115" Version="10.0.17763.1">
      <SatelliteInfo>
        <ApplyToInfo>
          <ApplyTo Type="language" Value="nb-NO" />
        </ApplyToInfo>
      </SatelliteInfo>
      <Payload>
        <PayloadItem PayloadHash="g0Ajf6INQ559eBXGldfKhZq/JG0drcp/8NNCECIo184=" PayloadSize="95805" Path="FeaturesOnDemand\nb-no\baseless\Microsoft-Windows-Server-AppCompat-FoD-Package~31bf3856ad364e35~AMD64~nb-no~.cab" PayloadType="ExpressCab" />
        <PayloadItem PayloadHash="vv+PuuvCXAzq8MINTtnlVPr+nHKZEUbY7ouht/GrlXc=" PayloadSize="6820853" Path="FeaturesOnDemand\nb-no\baseless\Microsoft-Windows-Server-AppCompat-FoD-Package~31bf3856ad364e35~AMD64~nb-no~.psf" PayloadType="ExpressPSF" />
      </Payload>
    </Package>
    <Package ID="Microsoft-Windows-ServerManager-Tools-FoD-Package~31bf3856ad364e35~AMD64~nb-no~" InstalledSize="11803886" Version="10.0.17763.1">
      <SatelliteInfo>
        <ApplyToInfo>
          <ApplyTo Type="language" Value="nb-NO" />
        </ApplyToInfo>
      </SatelliteInfo>
      <Payload>
        <PayloadItem PayloadHash="WoqghwyLMXVlPGiUNBpTK8witUNtHv+aXEuM7wZ8ZeI=" PayloadSize="38485" Path="FeaturesOnDemand\nb-no\baseless\Microsoft-Windows-ServerManager-Tools-FoD-Package~31bf3856ad364e35~AMD64~nb-no~.cab" PayloadType="ExpressCab" />
        <PayloadItem PayloadHash="hsFfHpqkBpMsI5sJZBXDbVA5LMsVlOct58ucEsP/P8Y=" PayloadSize="2311285" Path="FeaturesOnDemand\nb-no\baseless\Microsoft-Windows-ServerManager-Tools-FoD-Package~31bf3856ad364e35~AMD64~nb-no~.psf" PayloadType="ExpressPSF" />
      </Payload>
    </Package>
    <Package ID="Microsoft-Windows-ServerManager-Tools-FoD-Package~31bf3856ad364e35~wow64~nb-no~" InstalledSize="1200235" Version="10.0.17763.1">
      <SatelliteInfo>
        <ApplyToInfo>
          <ApplyTo Type="arch" Value="wow64" />
          <ApplyTo Type="language" Value="nb-NO" />
        </ApplyToInfo>
      </SatelliteInfo>
      <Payload>
        <PayloadItem PayloadHash="Y/m69ah/x3XUhbHXU8A5n+G1t+YI9Dgay1HT7D4SY9Y=" PayloadSize="20091" Path="FeaturesOnDemand\nb-no\baseless\Microsoft-Windows-ServerManager-Tools-FoD-Package~31bf3856ad364e35~wow64~nb-no~.cab" PayloadType="ExpressCab" />
        <PayloadItem PayloadHash="YlRpV0sR3EDCr2zYCiNa6QhV77M1K4LejaKh3cvDSZo=" PayloadSize="365131" Path="FeaturesOnDemand\nb-no\baseless\Microsoft-Windows-ServerManager-Tools-FoD-Package~31bf3856ad364e35~wow64~nb-no~.psf" PayloadType="ExpressPSF" />
      </Payload>
    </Package>
    <Package ID="Microsoft-Windows-Shielded-VM-Tools-FoD-Package~31bf3856ad364e35~AMD64~nb-no~" InstalledSize="391288" Version="10.0.17763.1">
      <SatelliteInfo>
        <ApplyToInfo>
          <ApplyTo Type="language" Value="nb-NO" />
        </ApplyToInfo>
      </SatelliteInfo>
      <Payload>
        <PayloadItem PayloadHash="tbWwemOIH9L4+WldsdEgWyKpFI6DsqikfO+Pr6oKdxo=" PayloadSize="23493" Path="FeaturesOnDemand\nb-no\baseless\Microsoft-Windows-Shielded-VM-Tools-FoD-Package~31bf3856ad364e35~AMD64~nb-no~.cab" PayloadType="ExpressCab" />
        <PayloadItem PayloadHash="3sSHn3ti8DT131Zdqk4vea20l1DkmHY4JUzSNrYaFn0=" PayloadSize="180807" Path="FeaturesOnDemand\nb-no\baseless\Microsoft-Windows-Shielded-VM-Tools-FoD-Package~31bf3856ad364e35~AMD64~nb-no~.psf" PayloadType="ExpressPSF" />
      </Payload>
    </Package>
    <Package ID="Microsoft-Windows-SNMP-Client-Package~31bf3856ad364e35~AMD64~nb-no~" InstalledSize="133903" Version="10.0.17763.1">
      <SatelliteInfo>
        <ApplyToInfo>
          <ApplyTo Type="language" Value="nb-NO" />
        </ApplyToInfo>
      </SatelliteInfo>
      <Payload>
        <PayloadItem PayloadHash="EQVkrCm7i0tO1o7wFHy4/wYEFAvz62BFa3cblj7EihQ=" PayloadSize="20543" Path="FeaturesOnDemand\nb-no\baseless\Microsoft-Windows-SNMP-Client-Package~31bf3856ad364e35~AMD64~nb-no~.cab" PayloadType="ExpressCab" />
        <PayloadItem PayloadHash="cuVDsw82RYG9MpzO3EBUyeJx6JiX8Y0AiJd5ywctuR0=" PayloadSize="102248" Path="FeaturesOnDemand\nb-no\baseless\Microsoft-Windows-SNMP-Client-Package~31bf3856ad364e35~AMD64~nb-no~.psf" PayloadType="ExpressPSF" />
      </Payload>
    </Package>
    <Package ID="Microsoft-Windows-SNMP-Client-Package~31bf3856ad364e35~wow64~nb-no~" InstalledSize="134503" Version="10.0.17763.1">
      <SatelliteInfo>
        <ApplyToInfo>
          <ApplyTo Type="arch" Value="wow64" />
          <ApplyTo Type="language" Value="nb-NO" />
        </ApplyToInfo>
      </SatelliteInfo>
      <Payload>
        <PayloadItem PayloadHash="+HiXJe/s4n50ISnAceqA6bHwlot21QeahqYa7hH2ldc=" PayloadSize="20131" Path="FeaturesOnDemand\nb-no\baseless\Microsoft-Windows-SNMP-Client-Package~31bf3856ad364e35~wow64~nb-no~.cab" PayloadType="ExpressCab" />
        <PayloadItem PayloadHash="KIUvYYc43eVn9JbArseu1bOdiuDDFQD8vcOpa7YUfEQ=" PayloadSize="102279" Path="FeaturesOnDemand\nb-no\baseless\Microsoft-Windows-SNMP-Client-Package~31bf3856ad364e35~wow64~nb-no~.psf" PayloadType="ExpressPSF" />
      </Payload>
    </Package>
    <Package ID="Microsoft-Windows-StorageManagement-FoD-Package~31bf3856ad364e35~AMD64~nb-no~" InstalledSize="1618941" Version="10.0.17763.1">
      <SatelliteInfo>
        <ApplyToInfo>
          <ApplyTo Type="language" Value="nb-NO" />
        </ApplyToInfo>
      </SatelliteInfo>
      <Payload>
        <PayloadItem PayloadHash="VRoqkBFL/i2eERLBfu5fBw42j8iJHEgiUyHwBDLxlWY=" PayloadSize="21227" Path="FeaturesOnDemand\nb-no\baseless\Microsoft-Windows-StorageManagement-FoD-Package~31bf3856ad364e35~AMD64~nb-no~.cab" PayloadType="ExpressCab" />
        <PayloadItem PayloadHash="NJdycVliV4XwtLXwpVJGqgyK/mZCUreHFpuOK1Vkgkg=" PayloadSize="210540" Path="FeaturesOnDemand\nb-no\baseless\Microsoft-Windows-StorageManagement-FoD-Package~31bf3856ad364e35~AMD64~nb-no~.psf" PayloadType="ExpressPSF" />
      </Payload>
    </Package>
    <Package ID="Microsoft-Windows-StorageManagement-FoD-Package~31bf3856ad364e35~wow64~nb-no~" InstalledSize="1119792" Version="10.0.17763.1">
      <SatelliteInfo>
        <ApplyToInfo>
          <ApplyTo Type="arch" Value="wow64" />
          <ApplyTo Type="language" Value="nb-NO" />
        </ApplyToInfo>
      </SatelliteInfo>
      <Payload>
        <PayloadItem PayloadHash="k/QiHaRVItKrp5DB7Gf9n71veolS5oItyLfFbB3779Y=" PayloadSize="20435" Path="FeaturesOnDemand\nb-no\baseless\Microsoft-Windows-StorageManagement-FoD-Package~31bf3856ad364e35~wow64~nb-no~.cab" PayloadType="ExpressCab" />
        <PayloadItem PayloadHash="dGEg8wxLXknpFXrBIlfnJrG1Etgr7yEvNYNchf1swbo=" PayloadSize="140606" Path="FeaturesOnDemand\nb-no\baseless\Microsoft-Windows-StorageManagement-FoD-Package~31bf3856ad364e35~wow64~nb-no~.psf" PayloadType="ExpressPSF" />
      </Payload>
    </Package>
    <Package ID="Microsoft-Windows-StorageMigrationService-Management-Tools-FOD-Package~31bf3856ad364e35~AMD64~nb-no~" InstalledSize="56771" Version="10.0.17763.1">
      <SatelliteInfo>
        <ApplyToInfo>
          <ApplyTo Type="language" Value="nb-NO" />
        </ApplyToInfo>
      </SatelliteInfo>
      <Payload>
        <PayloadItem PayloadHash="cJCy+VLKyrBWqbAHvc9eUGe+q+bO9iHNb9kWC6/zcl0=" PayloadSize="18807" Path="FeaturesOnDemand\nb-no\baseless\Microsoft-Windows-StorageMigrationService-Management-Tools-FOD-Package~31bf3856ad364e35~AMD64~nb-no~.cab" PayloadType="ExpressCab" />
        <PayloadItem PayloadHash="MTcfvhVnAbOIh9aINCkYUlo44vEHSP+qGtuoZbhBYic=" PayloadSize="73296" Path="FeaturesOnDemand\nb-no\baseless\Microsoft-Windows-StorageMigrationService-Management-Tools-FOD-Package~31bf3856ad364e35~AMD64~nb-no~.psf" PayloadType="ExpressPSF" />
      </Payload>
    </Package>
    <Package ID="Microsoft-Windows-StorageReplica-Tools-FoD-Package~31bf3856ad364e35~AMD64~nb-no~" InstalledSize="401654" Version="10.0.17763.1">
      <SatelliteInfo>
        <ApplyToInfo>
          <ApplyTo Type="language" Value="nb-NO" />
        </ApplyToInfo>
      </SatelliteInfo>
      <Payload>
        <PayloadItem PayloadHash="OPSjToc1kKY5KJml9AAJnH0vYHLKhg1onFH31SUk+Es=" PayloadSize="19381" Path="FeaturesOnDemand\nb-no\baseless\Microsoft-Windows-StorageReplica-Tools-FoD-Package~31bf3856ad364e35~AMD64~nb-no~.cab" PayloadType="ExpressCab" />
        <PayloadItem PayloadHash="vmmlUUyf7IbbysVAb9ksQdAv9ARtWC+J07Rv90aa04Q=" PayloadSize="117237" Path="FeaturesOnDemand\nb-no\baseless\Microsoft-Windows-StorageReplica-Tools-FoD-Package~31bf3856ad364e35~AMD64~nb-no~.psf" PayloadType="ExpressPSF" />
      </Payload>
    </Package>
    <Package ID="Microsoft-Windows-SystemInsights-Management-Tools-FOD-Package~31bf3856ad364e35~AMD64~nb-no~" InstalledSize="41642" Version="10.0.17763.1">
      <SatelliteInfo>
        <ApplyToInfo>
          <ApplyTo Type="language" Value="nb-NO" />
        </ApplyToInfo>
      </SatelliteInfo>
      <Payload>
        <PayloadItem PayloadHash="FAKhsTPvUL+MuGJWINBkK7d/j2xERkU0NCp1CNuyj/s=" PayloadSize="18581" Path="FeaturesOnDemand\nb-no\baseless\Microsoft-Windows-SystemInsights-Management-Tools-FOD-Package~31bf3856ad364e35~AMD64~nb-no~.cab" PayloadType="ExpressCab" />
        <PayloadItem PayloadHash="dveIFRCYD8Na/EL+pAHcqupexsHkYeLhwdpSunIpomk=" PayloadSize="70102" Path="FeaturesOnDemand\nb-no\baseless\Microsoft-Windows-SystemInsights-Management-Tools-FOD-Package~31bf3856ad364e35~AMD64~nb-no~.psf" PayloadType="ExpressPSF" />
      </Payload>
    </Package>
    <Package ID="Microsoft-Windows-VolumeActivation-Tools-FoD-Package~31bf3856ad364e35~AMD64~nb-no~" InstalledSize="224922" Version="10.0.17763.1">
      <SatelliteInfo>
        <ApplyToInfo>
          <ApplyTo Type="language" Value="nb-NO" />
        </ApplyToInfo>
      </SatelliteInfo>
      <Payload>
        <PayloadItem PayloadHash="xRdwqMml4RnPtljlqzPHNw9ePDxrPsjCxw+JikA1DZM=" PayloadSize="18677" Path="FeaturesOnDemand\nb-no\baseless\Microsoft-Windows-VolumeActivation-Tools-FoD-Package~31bf3856ad364e35~AMD64~nb-no~.cab" PayloadType="ExpressCab" />
        <PayloadItem PayloadHash="RoiRDx+T0juXzoKdpzIxOzhsAK7xLApwgMMgQvU92jU=" PayloadSize="180941" Path="FeaturesOnDemand\nb-no\baseless\Microsoft-Windows-VolumeActivation-Tools-FoD-Package~31bf3856ad364e35~AMD64~nb-no~.psf" PayloadType="ExpressPSF" />
      </Payload>
    </Package>
    <Package ID="Microsoft-Windows-WMI-SNMP-Provider-Client-Package~31bf3856ad364e35~AMD64~nb-no~" InstalledSize="57195" Version="10.0.17763.1">
      <SatelliteInfo>
        <ApplyToInfo>
          <ApplyTo Type="language" Value="nb-NO" />
        </ApplyToInfo>
      </SatelliteInfo>
      <Payload>
        <PayloadItem PayloadHash="gG2DB8wG9Jy0D8M7olIPPtlARn9/sGhrs4uZQsWcJbs=" PayloadSize="18895" Path="FeaturesOnDemand\nb-no\baseless\Microsoft-Windows-WMI-SNMP-Provider-Client-Package~31bf3856ad364e35~AMD64~nb-no~.cab" PayloadType="ExpressCab" />
        <PayloadItem PayloadHash="6PlfsEZEjQHP06taWDN6lPBGDku0p1uNAO0jio2cMEY=" PayloadSize="73796" Path="FeaturesOnDemand\nb-no\baseless\Microsoft-Windows-WMI-SNMP-Provider-Client-Package~31bf3856ad364e35~AMD64~nb-no~.psf" PayloadType="ExpressPSF" />
      </Payload>
    </Package>
    <Package ID="Microsoft-Windows-WMI-SNMP-Provider-Client-Package~31bf3856ad364e35~wow64~nb-no~" InstalledSize="57261" Version="10.0.17763.1">
      <SatelliteInfo>
        <ApplyToInfo>
          <ApplyTo Type="arch" Value="wow64" />
          <ApplyTo Type="language" Value="nb-NO" />
        </ApplyToInfo>
      </SatelliteInfo>
      <Payload>
        <PayloadItem PayloadHash="Cr6aYLFrbz6whb9AXgPPOsG49MqZO3DuSE0+AnMkBb8=" PayloadSize="19111" Path="FeaturesOnDemand\nb-no\baseless\Microsoft-Windows-WMI-SNMP-Provider-Client-Package~31bf3856ad364e35~wow64~nb-no~.cab" PayloadType="ExpressCab" />
        <PayloadItem PayloadHash="WRxLjtent8jY5EmxO5iu6PGLqOGZhFrw3HsY/vM807U=" PayloadSize="73981" Path="FeaturesOnDemand\nb-no\baseless\Microsoft-Windows-WMI-SNMP-Provider-Client-Package~31bf3856ad364e35~wow64~nb-no~.psf" PayloadType="ExpressPSF" />
      </Payload>
    </Package>
    <Package ID="Microsoft-Windows-WSUS-Tools-FoD-Package~31bf3856ad364e35~AMD64~nb-no~" InstalledSize="2929162" Version="10.0.17763.1">
      <SatelliteInfo>
        <ApplyToInfo>
          <ApplyTo Type="language" Value="nb-NO" />
        </ApplyToInfo>
      </SatelliteInfo>
      <Payload>
        <PayloadItem PayloadHash="TK4IQfa/ByiTr/t7Oc5pqh7JbgEnRvjqWcqHKpKfdMM=" PayloadSize="19947" Path="FeaturesOnDemand\nb-no\baseless\Microsoft-Windows-WSUS-Tools-FoD-Package~31bf3856ad364e35~AMD64~nb-no~.cab" PayloadType="ExpressCab" />
        <PayloadItem PayloadHash="cc7EHCxn+Ug6PTneOVNlHfRKhBmDwio7irWMOGjwVDI=" PayloadSize="395274" Path="FeaturesOnDemand\nb-no\baseless\Microsoft-Windows-WSUS-Tools-FoD-Package~31bf3856ad364e35~AMD64~nb-no~.psf" PayloadType="ExpressPSF" />
      </Payload>
    </Package>
  </Packages>
</CompDB>