<?xml version="1.0" encoding="utf-8"?>
<CompDB xmlns:xsi="http://www.w3.org/2001/XMLSchema-instance" xmlns:xsd="http://www.w3.org/2001/XMLSchema" CreatedDate="2018-11-15T19:43:53.6679128Z" Revision="1" SchemaVersion="1.2" Product="Desktop" BuildID="80154b57-1148-3590-c1b9-d2ce93ee1fac" BuildInfo="rs5_release.17763.1.180914-1434" OSVersion="10.0.17763.1" BuildArch="amd64" ReleaseType="Production" Type="Baseless" xmlns="http://schemas.microsoft.com/embedded/2004/10/ImageUpdate">
  <Tags Type="Language">
    <Tag Name="Language" Value="ar-SA" />
    <Tag Name="UpdateType" Value="Baseless" />
  </Tags>
  <Features>
    <Feature Type="LanguagePack" FeatureID="Language.UI.Server~ar-sa" FMID="MSDL" Group="Microsoft">
      <Packages>
        <Package ID="Microsoft-Windows-Server-LanguagePack-Package_ar-sa~31bf3856ad364e35~amd64~ar-sa~" PackageType="FeaturePackage" />
      </Packages>
    </Feature>
    <Feature Type="OnDemandFeature" FeatureID="Microsoft.Onecore.StorageManagement~~1.0" FMID="MSDN" Group="Microsoft">
      <Packages>
        <Package ID="Microsoft-OneCore-StorageManagement-FoD-Package~31bf3856ad364e35~AMD64~ar-sa~" PackageType="SatellitePackage" />
        <Package ID="Microsoft-OneCore-StorageManagement-FoD-Package~31bf3856ad364e35~wow64~ar-sa~" PackageType="SatellitePackage" />
      </Packages>
    </Feature>
    <Feature Type="OnDemandFeature" FeatureID="Rsat.ActiveDirectory.DS-LDS.Tools~~1.0" FMID="MSDN" Group="Microsoft">
      <Dependencies>
        <Feature FeatureID="Rsat.ServerManager.Tools~~1.0" />
      </Dependencies>
      <Packages>
        <Package ID="Microsoft-Windows-ActiveDirectory-DS-LDS-Tools-FoD-Package~31bf3856ad364e35~AMD64~ar-sa~" PackageType="SatellitePackage" />
        <Package ID="Microsoft-Windows-ActiveDirectory-DS-LDS-Tools-FoD-Package~31bf3856ad364e35~wow64~ar-sa~" PackageType="SatellitePackage" />
      </Packages>
    </Feature>
    <Feature Type="OnDemandFeature" FeatureID="Rsat.BitLocker.Recovery.Tools~~1.0" FMID="MSDN" Group="Microsoft">
      <Dependencies>
        <Feature FeatureID="Rsat.ActiveDirectory.DS-LDS.Tools~~1.0" />
      </Dependencies>
      <Packages>
        <Package ID="Microsoft-Windows-BitLocker-Recovery-Tools-FoD-Package~31bf3856ad364e35~AMD64~ar-sa~" PackageType="SatellitePackage" />
      </Packages>
    </Feature>
    <Feature Type="OnDemandFeature" FeatureID="Rsat.CertificateServices.Tools~~1.0" FMID="MSDN" Group="Microsoft">
      <Packages>
        <Package ID="Microsoft-Windows-CertificateServices-Tools-FoD-Package~31bf3856ad364e35~AMD64~ar-sa~" PackageType="SatellitePackage" />
      </Packages>
    </Feature>
    <Feature Type="OnDemandFeature" FeatureID="Rsat.DHCP.Tools~~1.0" FMID="MSDN" Group="Microsoft">
      <Packages>
        <Package ID="Microsoft-Windows-DHCP-Tools-FoD-Package~31bf3856ad364e35~AMD64~ar-sa~" PackageType="SatellitePackage" />
        <Package ID="Microsoft-Windows-DHCP-Tools-FoD-Package~31bf3856ad364e35~wow64~ar-sa~" PackageType="SatellitePackage" />
      </Packages>
    </Feature>
    <Feature Type="OnDemandFeature" FeatureID="Rsat.Dns.Tools~~1.0" FMID="MSDN" Group="Microsoft">
      <Packages>
        <Package ID="Microsoft-Windows-DNS-Tools-FoD-Package~31bf3856ad364e35~AMD64~ar-sa~" PackageType="SatellitePackage" />
        <Package ID="Microsoft-Windows-DNS-Tools-FoD-Package~31bf3856ad364e35~wow64~ar-sa~" PackageType="SatellitePackage" />
      </Packages>
    </Feature>
    <Feature Type="OnDemandFeature" FeatureID="Rsat.FailoverCluster.Management.Tools~~1.0" FMID="MSDN" Group="Microsoft">
      <Dependencies>
        <Feature FeatureID="Rsat.FileServices.Tools~~1.0" />
      </Dependencies>
      <Packages>
        <Package ID="Microsoft-Windows-FailoverCluster-Management-Tools-FOD-Package~31bf3856ad364e35~AMD64~ar-sa~" PackageType="SatellitePackage" />
        <Package ID="Microsoft-Windows-FailoverCluster-Management-Tools-FOD-Package~31bf3856ad364e35~wow64~ar-sa~" PackageType="SatellitePackage" />
      </Packages>
    </Feature>
    <Feature Type="OnDemandFeature" FeatureID="Rsat.FileServices.Tools~~1.0" FMID="MSDN" Group="Microsoft">
      <Dependencies>
        <Feature FeatureID="Rsat.ServerManager.Tools~~1.0" />
      </Dependencies>
      <Packages>
        <Package ID="Microsoft-Windows-FileServices-Tools-FoD-Package~31bf3856ad364e35~AMD64~ar-sa~" PackageType="SatellitePackage" />
        <Package ID="Microsoft-Windows-FileServices-Tools-FoD-Package~31bf3856ad364e35~wow64~ar-sa~" PackageType="SatellitePackage" />
      </Packages>
    </Feature>
    <Feature Type="OnDemandFeature" FeatureID="Rsat.GroupPolicy.Management.Tools~~1.0" FMID="MSDN" Group="Microsoft">
      <Packages>
        <Package ID="Microsoft-Windows-GroupPolicy-Management-Tools-FoD-Package~31bf3856ad364e35~AMD64~ar-sa~" PackageType="SatellitePackage" />
        <Package ID="Microsoft-Windows-GroupPolicy-Management-Tools-FoD-Package~31bf3856ad364e35~wow64~ar-sa~" PackageType="SatellitePackage" />
      </Packages>
    </Feature>
    <Feature Type="OnDemandFeature" FeatureID="Rsat.IPAM.Client.Tools~~1.0" FMID="MSDN" Group="Microsoft">
      <Dependencies>
        <Feature FeatureID="Rsat.ServerManager.Tools~~1.0" />
      </Dependencies>
      <Packages>
        <Package ID="Microsoft-Windows-IPAM-Client-FoD-Package~31bf3856ad364e35~AMD64~ar-sa~" PackageType="SatellitePackage" />
        <Package ID="Microsoft-Windows-IPAM-Client-FoD-Package~31bf3856ad364e35~wow64~ar-sa~" PackageType="SatellitePackage" />
      </Packages>
    </Feature>
    <Feature Type="OnDemandFeature" FeatureID="Rsat.NetworkController.Tools~~1.0" FMID="MSDN" Group="Microsoft">
      <Packages>
        <Package ID="Microsoft-Windows-NetworkController-Tools-FoD-Package~31bf3856ad364e35~AMD64~ar-sa~" PackageType="SatellitePackage" />
      </Packages>
    </Feature>
    <Feature Type="OnDemandFeature" FeatureID="Rsat.NetworkLoadBalancing.Tools~~1.0" FMID="MSDN" Group="Microsoft">
      <Packages>
        <Package ID="Microsoft-Windows-NetworkLoadBalancing-Tools-FoD-Package~31bf3856ad364e35~AMD64~ar-sa~" PackageType="SatellitePackage" />
      </Packages>
    </Feature>
    <Feature Type="OnDemandFeature" FeatureID="RasCMAK.Client~~1.0" FMID="MSDN" Group="Microsoft">
      <Packages>
        <Package ID="Microsoft-Windows-RasCMAK-Client-Package~31bf3856ad364e35~AMD64~ar-sa~" PackageType="SatellitePackage" />
        <Package ID="Microsoft-Windows-RasCMAK-Client-Package~31bf3856ad364e35~wow64~ar-sa~" PackageType="SatellitePackage" />
      </Packages>
    </Feature>
    <Feature Type="OnDemandFeature" FeatureID="RIP.Listener~~1.0" FMID="MSDN" Group="Microsoft">
      <Packages>
        <Package ID="Microsoft-Windows-RasRip-Package~31bf3856ad364e35~AMD64~ar-sa~" PackageType="SatellitePackage" />
      </Packages>
    </Feature>
    <Feature Type="OnDemandFeature" FeatureID="Rsat.RemoteAccess.Management.Tools~~1.0" FMID="MSDN" Group="Microsoft">
      <Dependencies>
        <Feature FeatureID="Rsat.GroupPolicy.Management.Tools~~1.0" />
        <Feature FeatureID="Rsat.ServerManager.Tools~~1.0" />
      </Dependencies>
      <Packages>
        <Package ID="Microsoft-Windows-RemoteAccess-Management-Tools-FoD-Package~31bf3856ad364e35~AMD64~ar-sa~" PackageType="SatellitePackage" />
        <Package ID="Microsoft-Windows-RemoteAccess-Management-Tools-FoD-Package~31bf3856ad364e35~wow64~ar-sa~" PackageType="SatellitePackage" />
      </Packages>
    </Feature>
    <Feature Type="OnDemandFeature" FeatureID="Rsat.RemoteDesktop.Services.Tools~~1.0" FMID="MSDN" Group="Microsoft">
      <Packages>
        <Package ID="Microsoft-Windows-RemoteDesktop-Services-Tools-FoD-Package~31bf3856ad364e35~AMD64~ar-sa~" PackageType="SatellitePackage" />
      </Packages>
    </Feature>
    <Feature Type="OnDemandFeature" FeatureID="ServerCore.AppCompatibility~~1.0" FMID="MSDN" Group="Microsoft">
      <Packages>
        <Package ID="Microsoft-Windows-Server-AppCompat-FoD-Package~31bf3856ad364e35~AMD64~ar-sa~" PackageType="SatellitePackage" />
      </Packages>
    </Feature>
    <Feature Type="OnDemandFeature" FeatureID="Rsat.ServerManager.Tools~~1.0" FMID="MSDN" Group="Microsoft">
      <Packages>
        <Package ID="Microsoft-Windows-ServerManager-Tools-FoD-Package~31bf3856ad364e35~AMD64~ar-sa~" PackageType="SatellitePackage" />
        <Package ID="Microsoft-Windows-ServerManager-Tools-FoD-Package~31bf3856ad364e35~wow64~ar-sa~" PackageType="SatellitePackage" />
      </Packages>
    </Feature>
    <Feature Type="OnDemandFeature" FeatureID="Rsat.Shielded.VM.Tools~~1.0" FMID="MSDN" Group="Microsoft">
      <Dependencies>
        <Feature FeatureID="Rsat.ServerManager.Tools~~1.0" />
      </Dependencies>
      <Packages>
        <Package ID="Microsoft-Windows-Shielded-VM-Tools-FoD-Package~31bf3856ad364e35~AMD64~ar-sa~" PackageType="SatellitePackage" />
      </Packages>
    </Feature>
    <Feature Type="OnDemandFeature" FeatureID="SNMP.Client~~1.0" FMID="MSDN" Group="Microsoft">
      <Packages>
        <Package ID="Microsoft-Windows-SNMP-Client-Package~31bf3856ad364e35~AMD64~ar-sa~" PackageType="SatellitePackage" />
        <Package ID="Microsoft-Windows-SNMP-Client-Package~31bf3856ad364e35~wow64~ar-sa~" PackageType="SatellitePackage" />
      </Packages>
    </Feature>
    <Feature Type="OnDemandFeature" FeatureID="Microsoft.Windows.StorageManagement~~1.0" FMID="MSDN" Group="Microsoft">
      <Packages>
        <Package ID="Microsoft-Windows-StorageManagement-FoD-Package~31bf3856ad364e35~AMD64~ar-sa~" PackageType="SatellitePackage" />
        <Package ID="Microsoft-Windows-StorageManagement-FoD-Package~31bf3856ad364e35~wow64~ar-sa~" PackageType="SatellitePackage" />
      </Packages>
    </Feature>
    <Feature Type="OnDemandFeature" FeatureID="Rsat.StorageMigrationService.Management.Tools~~1.0" FMID="MSDN" Group="Microsoft">
      <Packages>
        <Package ID="Microsoft-Windows-StorageMigrationService-Management-Tools-FOD-Package~31bf3856ad364e35~AMD64~ar-sa~" PackageType="SatellitePackage" />
      </Packages>
    </Feature>
    <Feature Type="OnDemandFeature" FeatureID="Rsat.StorageReplica.Tools~~1.0" FMID="MSDN" Group="Microsoft">
      <Packages>
        <Package ID="Microsoft-Windows-StorageReplica-Tools-FoD-Package~31bf3856ad364e35~AMD64~ar-sa~" PackageType="SatellitePackage" />
      </Packages>
    </Feature>
    <Feature Type="OnDemandFeature" FeatureID="Rsat.SystemInsights.Management.Tools~~1.0" FMID="MSDN" Group="Microsoft">
      <Packages>
        <Package ID="Microsoft-Windows-SystemInsights-Management-Tools-FOD-Package~31bf3856ad364e35~AMD64~ar-sa~" PackageType="SatellitePackage" />
      </Packages>
    </Feature>
    <Feature Type="OnDemandFeature" FeatureID="Rsat.VolumeActivation.Tools~~1.0" FMID="MSDN" Group="Microsoft">
      <Packages>
        <Package ID="Microsoft-Windows-VolumeActivation-Tools-FoD-Package~31bf3856ad364e35~AMD64~ar-sa~" PackageType="SatellitePackage" />
      </Packages>
    </Feature>
    <Feature Type="OnDemandFeature" FeatureID="WMI-SNMP-Provider.Client~~1.0" FMID="MSDN" Group="Microsoft">
      <Dependencies>
        <Feature FeatureID="SNMP.Client~~1.0" />
      </Dependencies>
      <Packages>
        <Package ID="Microsoft-Windows-WMI-SNMP-Provider-Client-Package~31bf3856ad364e35~AMD64~ar-sa~" PackageType="SatellitePackage" />
        <Package ID="Microsoft-Windows-WMI-SNMP-Provider-Client-Package~31bf3856ad364e35~wow64~ar-sa~" PackageType="SatellitePackage" />
      </Packages>
    </Feature>
    <Feature Type="OnDemandFeature" FeatureID="Rsat.WSUS.Tools~~1.0" FMID="MSDN" Group="Microsoft">
      <Packages>
        <Package ID="Microsoft-Windows-WSUS-Tools-FoD-Package~31bf3856ad364e35~AMD64~ar-sa~" PackageType="SatellitePackage" />
      </Packages>
    </Feature>
  </Features>
  <Packages>
    <Package ID="Microsoft-Windows-Server-LanguagePack-Package_ar-sa~31bf3856ad364e35~amd64~ar-sa~" InstalledSize="1214733521" Version="10.0.17763.1">
      <SatelliteInfo>
        <DeclareInfo>
          <Declare Type="language" Value="ar-SA" />
        </DeclareInfo>
      </SatelliteInfo>
      <Payload>
        <PayloadItem PayloadHash="9yshdAvHSoJplFM9niSJQBXVmNRi81VKfVNzl24rsqM=" PayloadSize="1676737" Path="UUP\Desktop\editionpackages\Server\ar-sa\baseless\Microsoft-Windows-Server-LanguagePack-Package_ar-sa~31bf3856ad364e35~amd64~ar-sa~.cab" PayloadType="ExpressCab" />
        <PayloadItem PayloadHash="/vuVTqbjS7HilawfHxlg+kizewZVgSli4H2xDlEQxcg=" PayloadSize="86339901" Path="UUP\Desktop\editionpackages\Server\ar-sa\baseless\Microsoft-Windows-Server-LanguagePack-Package_ar-sa~31bf3856ad364e35~amd64~ar-sa~.psf" PayloadType="ExpressPSF" />
      </Payload>
    </Package>
    <Package ID="Microsoft-OneCore-StorageManagement-FoD-Package~31bf3856ad364e35~AMD64~ar-sa~" InstalledSize="2019474" Version="10.0.17763.1">
      <SatelliteInfo>
        <ApplyToInfo>
          <ApplyTo Type="language" Value="ar-SA" />
        </ApplyToInfo>
      </SatelliteInfo>
      <Payload>
        <PayloadItem PayloadHash="4dwvl/H3f9zuHVvqYN3dZPMqehCM+8lEITzfvgiYCXU=" PayloadSize="21021" Path="FeaturesOnDemand\ar-sa\baseless\Microsoft-OneCore-StorageManagement-FoD-Package~31bf3856ad364e35~AMD64~ar-sa~.cab" PayloadType="ExpressCab" />
        <PayloadItem PayloadHash="AQPVRc0TG42+yfcpeWyLClKRZoahqKGlZ5BnBZ40e+I=" PayloadSize="214656" Path="FeaturesOnDemand\ar-sa\baseless\Microsoft-OneCore-StorageManagement-FoD-Package~31bf3856ad364e35~AMD64~ar-sa~.psf" PayloadType="ExpressPSF" />
      </Payload>
    </Package>
    <Package ID="Microsoft-OneCore-StorageManagement-FoD-Package~31bf3856ad364e35~wow64~ar-sa~" InstalledSize="1098806" Version="10.0.17763.1">
      <SatelliteInfo>
        <ApplyToInfo>
          <ApplyTo Type="arch" Value="wow64" />
          <ApplyTo Type="language" Value="ar-SA" />
        </ApplyToInfo>
      </SatelliteInfo>
      <Payload>
        <PayloadItem PayloadHash="Rl9wSRFnU7FrZVUTJTmcJZdJ2lDOVeFG+FPB5lh2Qpk=" PayloadSize="19005" Path="FeaturesOnDemand\ar-sa\baseless\Microsoft-OneCore-StorageManagement-FoD-Package~31bf3856ad364e35~wow64~ar-sa~.cab" PayloadType="ExpressCab" />
        <PayloadItem PayloadHash="3808ShRsW/oZ5byOICaVCCb0NURR1w6S5pYRagbwTaE=" PayloadSize="119374" Path="FeaturesOnDemand\ar-sa\baseless\Microsoft-OneCore-StorageManagement-FoD-Package~31bf3856ad364e35~wow64~ar-sa~.psf" PayloadType="ExpressPSF" />
      </Payload>
    </Package>
    <Package ID="Microsoft-Windows-ActiveDirectory-DS-LDS-Tools-FoD-Package~31bf3856ad364e35~AMD64~ar-sa~" InstalledSize="5800382" Version="10.0.17763.1">
      <SatelliteInfo>
        <ApplyToInfo>
          <ApplyTo Type="language" Value="ar-SA" />
        </ApplyToInfo>
      </SatelliteInfo>
      <Payload>
        <PayloadItem PayloadHash="refA3Fm24m3efs3Qc/4nCRCDFgbVhImpQ3WnYeAxjIA=" PayloadSize="27869" Path="FeaturesOnDemand\ar-sa\baseless\Microsoft-Windows-ActiveDirectory-DS-LDS-Tools-FoD-Package~31bf3856ad364e35~AMD64~ar-sa~.cab" PayloadType="ExpressCab" />
        <PayloadItem PayloadHash="cqhob3DwjDoFrft8KnbzKSvfmUi16crg8QYQrW6FkeA=" PayloadSize="966946" Path="FeaturesOnDemand\ar-sa\baseless\Microsoft-Windows-ActiveDirectory-DS-LDS-Tools-FoD-Package~31bf3856ad364e35~AMD64~ar-sa~.psf" PayloadType="ExpressPSF" />
      </Payload>
    </Package>
    <Package ID="Microsoft-Windows-ActiveDirectory-DS-LDS-Tools-FoD-Package~31bf3856ad364e35~wow64~ar-sa~" InstalledSize="816212" Version="10.0.17763.1">
      <SatelliteInfo>
        <ApplyToInfo>
          <ApplyTo Type="arch" Value="wow64" />
          <ApplyTo Type="language" Value="ar-SA" />
        </ApplyToInfo>
      </SatelliteInfo>
      <Payload>
        <PayloadItem PayloadHash="GJyZL1NerobWjCDl1ADlv4x/OP+TOAyQUTcV7iwhMoU=" PayloadSize="19679" Path="FeaturesOnDemand\ar-sa\baseless\Microsoft-Windows-ActiveDirectory-DS-LDS-Tools-FoD-Package~31bf3856ad364e35~wow64~ar-sa~.cab" PayloadType="ExpressCab" />
        <PayloadItem PayloadHash="Pr4j8Lq9nsJ6n/lAZg+xTIVyufVRhaob2e6WBt0LPRo=" PayloadSize="164837" Path="FeaturesOnDemand\ar-sa\baseless\Microsoft-Windows-ActiveDirectory-DS-LDS-Tools-FoD-Package~31bf3856ad364e35~wow64~ar-sa~.psf" PayloadType="ExpressPSF" />
      </Payload>
    </Package>
    <Package ID="Microsoft-Windows-BitLocker-Recovery-Tools-FoD-Package~31bf3856ad364e35~AMD64~ar-sa~" InstalledSize="52851" Version="10.0.17763.1">
      <SatelliteInfo>
        <ApplyToInfo>
          <ApplyTo Type="language" Value="ar-SA" />
        </ApplyToInfo>
      </SatelliteInfo>
      <Payload>
        <PayloadItem PayloadHash="fuF1PJkIhzKUMKAmjsSr3oYCm1Hp/CSo2R2Pb9gsQJc=" PayloadSize="18973" Path="FeaturesOnDemand\ar-sa\baseless\Microsoft-Windows-BitLocker-Recovery-Tools-FoD-Package~31bf3856ad364e35~AMD64~ar-sa~.cab" PayloadType="ExpressCab" />
        <PayloadItem PayloadHash="48aDk5c1b60N77deFE5R/DGdzH89hJZAV6I21ZnGs9M=" PayloadSize="70626" Path="FeaturesOnDemand\ar-sa\baseless\Microsoft-Windows-BitLocker-Recovery-Tools-FoD-Package~31bf3856ad364e35~AMD64~ar-sa~.psf" PayloadType="ExpressPSF" />
      </Payload>
    </Package>
    <Package ID="Microsoft-Windows-CertificateServices-Tools-FoD-Package~31bf3856ad364e35~AMD64~ar-sa~" InstalledSize="1034396" Version="10.0.17763.1">
      <SatelliteInfo>
        <ApplyToInfo>
          <ApplyTo Type="language" Value="ar-SA" />
        </ApplyToInfo>
      </SatelliteInfo>
      <Payload>
        <PayloadItem PayloadHash="HvrCPWxbd59ewE2l/pDrP3EK9QtyRfPT4aTpn0rhWBg=" PayloadSize="21207" Path="FeaturesOnDemand\ar-sa\baseless\Microsoft-Windows-CertificateServices-Tools-FoD-Package~31bf3856ad364e35~AMD64~ar-sa~.cab" PayloadType="ExpressCab" />
        <PayloadItem PayloadHash="ongNzkruNUvArFnFNedOzdP45knN7ETB5c3u5OtePiQ=" PayloadSize="208099" Path="FeaturesOnDemand\ar-sa\baseless\Microsoft-Windows-CertificateServices-Tools-FoD-Package~31bf3856ad364e35~AMD64~ar-sa~.psf" PayloadType="ExpressPSF" />
      </Payload>
    </Package>
    <Package ID="Microsoft-Windows-DHCP-Tools-FoD-Package~31bf3856ad364e35~AMD64~ar-sa~" InstalledSize="1808900" Version="10.0.17763.1">
      <SatelliteInfo>
        <ApplyToInfo>
          <ApplyTo Type="language" Value="ar-SA" />
        </ApplyToInfo>
      </SatelliteInfo>
      <Payload>
        <PayloadItem PayloadHash="Hh0kjRVzT35C+if86VcOs4N3X1xEdwCh9KP8crmApm8=" PayloadSize="19957" Path="FeaturesOnDemand\ar-sa\baseless\Microsoft-Windows-DHCP-Tools-FoD-Package~31bf3856ad364e35~AMD64~ar-sa~.cab" PayloadType="ExpressCab" />
        <PayloadItem PayloadHash="hEGsMntkmTrqWBs3fjwjCkBy+DUzPd/ePnCLpDh17J4=" PayloadSize="210709" Path="FeaturesOnDemand\ar-sa\baseless\Microsoft-Windows-DHCP-Tools-FoD-Package~31bf3856ad364e35~AMD64~ar-sa~.psf" PayloadType="ExpressPSF" />
      </Payload>
    </Package>
    <Package ID="Microsoft-Windows-DHCP-Tools-FoD-Package~31bf3856ad364e35~wow64~ar-sa~" InstalledSize="483848" Version="10.0.17763.1">
      <SatelliteInfo>
        <ApplyToInfo>
          <ApplyTo Type="arch" Value="wow64" />
          <ApplyTo Type="language" Value="ar-SA" />
        </ApplyToInfo>
      </SatelliteInfo>
      <Payload>
        <PayloadItem PayloadHash="Xi4/ZMXTvvG3s8BJ/BEwm/MOGGb5ls5W88YSmc7ICNc=" PayloadSize="18991" Path="FeaturesOnDemand\ar-sa\baseless\Microsoft-Windows-DHCP-Tools-FoD-Package~31bf3856ad364e35~wow64~ar-sa~.cab" PayloadType="ExpressCab" />
        <PayloadItem PayloadHash="l3zEW38tRVKzxKPFTY9t6AS9zbYKY00rzLDIFXsbPrU=" PayloadSize="99076" Path="FeaturesOnDemand\ar-sa\baseless\Microsoft-Windows-DHCP-Tools-FoD-Package~31bf3856ad364e35~wow64~ar-sa~.psf" PayloadType="ExpressPSF" />
      </Payload>
    </Package>
    <Package ID="Microsoft-Windows-DNS-Tools-FoD-Package~31bf3856ad364e35~AMD64~ar-sa~" InstalledSize="1930426" Version="10.0.17763.1">
      <SatelliteInfo>
        <ApplyToInfo>
          <ApplyTo Type="language" Value="ar-SA" />
        </ApplyToInfo>
      </SatelliteInfo>
      <Payload>
        <PayloadItem PayloadHash="keIEhx6lMok+tTFzIk8Pj5KHuemRgiDN3L+41J0ahO0=" PayloadSize="20449" Path="FeaturesOnDemand\ar-sa\baseless\Microsoft-Windows-DNS-Tools-FoD-Package~31bf3856ad364e35~AMD64~ar-sa~.cab" PayloadType="ExpressCab" />
        <PayloadItem PayloadHash="B+a8ESI0jw8wvzTsNLzPrgDL8ji9NDY+1oy/IH8/8C8=" PayloadSize="249305" Path="FeaturesOnDemand\ar-sa\baseless\Microsoft-Windows-DNS-Tools-FoD-Package~31bf3856ad364e35~AMD64~ar-sa~.psf" PayloadType="ExpressPSF" />
      </Payload>
    </Package>
    <Package ID="Microsoft-Windows-DNS-Tools-FoD-Package~31bf3856ad364e35~wow64~ar-sa~" InstalledSize="32938" Version="10.0.17763.1">
      <SatelliteInfo>
        <ApplyToInfo>
          <ApplyTo Type="arch" Value="wow64" />
          <ApplyTo Type="language" Value="ar-SA" />
        </ApplyToInfo>
      </SatelliteInfo>
      <Payload>
        <PayloadItem PayloadHash="+qggqbKFuszIPIJ+58YGHxr/yINTd6IZ1J/Q9Tj1AWs=" PayloadSize="18601" Path="FeaturesOnDemand\ar-sa\baseless\Microsoft-Windows-DNS-Tools-FoD-Package~31bf3856ad364e35~wow64~ar-sa~.cab" PayloadType="ExpressCab" />
        <PayloadItem PayloadHash="lf2J9E8WhGCAEETVTiLFHIySwRJjy1FETYiqV/6c1qw=" PayloadSize="61225" Path="FeaturesOnDemand\ar-sa\baseless\Microsoft-Windows-DNS-Tools-FoD-Package~31bf3856ad364e35~wow64~ar-sa~.psf" PayloadType="ExpressPSF" />
      </Payload>
    </Package>
    <Package ID="Microsoft-Windows-FailoverCluster-Management-Tools-FOD-Package~31bf3856ad364e35~AMD64~ar-sa~" InstalledSize="9011493" Version="10.0.17763.1">
      <SatelliteInfo>
        <ApplyToInfo>
          <ApplyTo Type="language" Value="ar-SA" />
        </ApplyToInfo>
      </SatelliteInfo>
      <Payload>
        <PayloadItem PayloadHash="nZZ0qXQ/uI3qP0kz9fI1EphP55mRbP84sa71dEdD5Is=" PayloadSize="27087" Path="FeaturesOnDemand\ar-sa\baseless\Microsoft-Windows-FailoverCluster-Management-Tools-FOD-Package~31bf3856ad364e35~AMD64~ar-sa~.cab" PayloadType="ExpressCab" />
        <PayloadItem PayloadHash="m52tqEOZtr+4/c+kEUAPjMahFoggzGPMWMc1Hb/FpWA=" PayloadSize="2474109" Path="FeaturesOnDemand\ar-sa\baseless\Microsoft-Windows-FailoverCluster-Management-Tools-FOD-Package~31bf3856ad364e35~AMD64~ar-sa~.psf" PayloadType="ExpressPSF" />
      </Payload>
    </Package>
    <Package ID="Microsoft-Windows-FailoverCluster-Management-Tools-FOD-Package~31bf3856ad364e35~wow64~ar-sa~" InstalledSize="133566" Version="10.0.17763.1">
      <SatelliteInfo>
        <ApplyToInfo>
          <ApplyTo Type="arch" Value="wow64" />
          <ApplyTo Type="language" Value="ar-SA" />
        </ApplyToInfo>
      </SatelliteInfo>
      <Payload>
        <PayloadItem PayloadHash="IoFU6Zp4LSfGaMuJ8N4TLkjJgRNLynZhOQczSKxEYQ8=" PayloadSize="20059" Path="FeaturesOnDemand\ar-sa\baseless\Microsoft-Windows-FailoverCluster-Management-Tools-FOD-Package~31bf3856ad364e35~wow64~ar-sa~.cab" PayloadType="ExpressCab" />
        <PayloadItem PayloadHash="orECBhHw1cTBKjvQXsu6rPI6YHlPhczLBX7l3Nqf2f8=" PayloadSize="94470" Path="FeaturesOnDemand\ar-sa\baseless\Microsoft-Windows-FailoverCluster-Management-Tools-FOD-Package~31bf3856ad364e35~wow64~ar-sa~.psf" PayloadType="ExpressPSF" />
      </Payload>
    </Package>
    <Package ID="Microsoft-Windows-FileServices-Tools-FoD-Package~31bf3856ad364e35~AMD64~ar-sa~" InstalledSize="4172028" Version="10.0.17763.1">
      <SatelliteInfo>
        <ApplyToInfo>
          <ApplyTo Type="language" Value="ar-SA" />
        </ApplyToInfo>
      </SatelliteInfo>
      <Payload>
        <PayloadItem PayloadHash="+FixAFXOQ+NO2g1Rh+j3dUrH9Ot5nTuy3LNsI3amsKU=" PayloadSize="24165" Path="FeaturesOnDemand\ar-sa\baseless\Microsoft-Windows-FileServices-Tools-FoD-Package~31bf3856ad364e35~AMD64~ar-sa~.cab" PayloadType="ExpressCab" />
        <PayloadItem PayloadHash="HYWrq03ynZ3pw5dBNgkuLhuWEJyXLicLOsJXYHJHfSw=" PayloadSize="623369" Path="FeaturesOnDemand\ar-sa\baseless\Microsoft-Windows-FileServices-Tools-FoD-Package~31bf3856ad364e35~AMD64~ar-sa~.psf" PayloadType="ExpressPSF" />
      </Payload>
    </Package>
    <Package ID="Microsoft-Windows-FileServices-Tools-FoD-Package~31bf3856ad364e35~wow64~ar-sa~" InstalledSize="196713" Version="10.0.17763.1">
      <SatelliteInfo>
        <ApplyToInfo>
          <ApplyTo Type="arch" Value="wow64" />
          <ApplyTo Type="language" Value="ar-SA" />
        </ApplyToInfo>
      </SatelliteInfo>
      <Payload>
        <PayloadItem PayloadHash="6iYROg62flg7g2AGa9I5lSKWxti5HFwBKtc6a/k6344=" PayloadSize="19341" Path="FeaturesOnDemand\ar-sa\baseless\Microsoft-Windows-FileServices-Tools-FoD-Package~31bf3856ad364e35~wow64~ar-sa~.cab" PayloadType="ExpressCab" />
        <PayloadItem PayloadHash="fcXLN0CK6sKCPJMjcDyDkVJHhMp276OL8CH0os44tp0=" PayloadSize="89225" Path="FeaturesOnDemand\ar-sa\baseless\Microsoft-Windows-FileServices-Tools-FoD-Package~31bf3856ad364e35~wow64~ar-sa~.psf" PayloadType="ExpressPSF" />
      </Payload>
    </Package>
    <Package ID="Microsoft-Windows-GroupPolicy-Management-Tools-FoD-Package~31bf3856ad364e35~AMD64~ar-sa~" InstalledSize="2302837" Version="10.0.17763.1">
      <SatelliteInfo>
        <ApplyToInfo>
          <ApplyTo Type="language" Value="ar-SA" />
        </ApplyToInfo>
      </SatelliteInfo>
      <Payload>
        <PayloadItem PayloadHash="vQiZEqT86M/r0X6lNckchCe+BzGjDeaOP470P0qBqUg=" PayloadSize="22537" Path="FeaturesOnDemand\ar-sa\baseless\Microsoft-Windows-GroupPolicy-Management-Tools-FoD-Package~31bf3856ad364e35~AMD64~ar-sa~.cab" PayloadType="ExpressCab" />
        <PayloadItem PayloadHash="SHJGhtEiIeOjpyBCMUzz48QEKwtXvC86zdq8q6CQhro=" PayloadSize="355018" Path="FeaturesOnDemand\ar-sa\baseless\Microsoft-Windows-GroupPolicy-Management-Tools-FoD-Package~31bf3856ad364e35~AMD64~ar-sa~.psf" PayloadType="ExpressPSF" />
      </Payload>
    </Package>
    <Package ID="Microsoft-Windows-GroupPolicy-Management-Tools-FoD-Package~31bf3856ad364e35~wow64~ar-sa~" InstalledSize="329153" Version="10.0.17763.1">
      <SatelliteInfo>
        <ApplyToInfo>
          <ApplyTo Type="arch" Value="wow64" />
          <ApplyTo Type="language" Value="ar-SA" />
        </ApplyToInfo>
      </SatelliteInfo>
      <Payload>
        <PayloadItem PayloadHash="AR6M1saFF1IXIGUZu8nuj1eXL8dk6o5JstWJLzA99uk=" PayloadSize="19085" Path="FeaturesOnDemand\ar-sa\baseless\Microsoft-Windows-GroupPolicy-Management-Tools-FoD-Package~31bf3856ad364e35~wow64~ar-sa~.cab" PayloadType="ExpressCab" />
        <PayloadItem PayloadHash="AuDeD0LKHYZE8xv0Y9r+AIMgqbHJq8Rz6xTSw/5z/y4=" PayloadSize="102245" Path="FeaturesOnDemand\ar-sa\baseless\Microsoft-Windows-GroupPolicy-Management-Tools-FoD-Package~31bf3856ad364e35~wow64~ar-sa~.psf" PayloadType="ExpressPSF" />
      </Payload>
    </Package>
    <Package ID="Microsoft-Windows-IPAM-Client-FoD-Package~31bf3856ad364e35~AMD64~ar-sa~" InstalledSize="122816" Version="10.0.17763.1">
      <SatelliteInfo>
        <ApplyToInfo>
          <ApplyTo Type="language" Value="ar-SA" />
        </ApplyToInfo>
      </SatelliteInfo>
      <Payload>
        <PayloadItem PayloadHash="9Hk/45B/i9MPxi3xDo6Ah11GkhFys0yTGBriVVI/4YA=" PayloadSize="19013" Path="FeaturesOnDemand\ar-sa\baseless\Microsoft-Windows-IPAM-Client-FoD-Package~31bf3856ad364e35~AMD64~ar-sa~.cab" PayloadType="ExpressCab" />
        <PayloadItem PayloadHash="uQwsH1pdqE2JUlSaHH7ufF3qvVDjU11rKwmNoGT1rEU=" PayloadSize="74089" Path="FeaturesOnDemand\ar-sa\baseless\Microsoft-Windows-IPAM-Client-FoD-Package~31bf3856ad364e35~AMD64~ar-sa~.psf" PayloadType="ExpressPSF" />
      </Payload>
    </Package>
    <Package ID="Microsoft-Windows-IPAM-Client-FoD-Package~31bf3856ad364e35~wow64~ar-sa~" InstalledSize="45898" Version="10.0.17763.1">
      <SatelliteInfo>
        <ApplyToInfo>
          <ApplyTo Type="arch" Value="wow64" />
          <ApplyTo Type="language" Value="ar-SA" />
        </ApplyToInfo>
      </SatelliteInfo>
      <Payload>
        <PayloadItem PayloadHash="n112VkXPl23fHuh47EMw2WtPZ6YBTQEygm1WP1aQnBg=" PayloadSize="18775" Path="FeaturesOnDemand\ar-sa\baseless\Microsoft-Windows-IPAM-Client-FoD-Package~31bf3856ad364e35~wow64~ar-sa~.cab" PayloadType="ExpressCab" />
        <PayloadItem PayloadHash="Dx9oc02tdpjh+bHrPAlaIo7wGpaZ6rPP8T3OQBQLJZs=" PayloadSize="64090" Path="FeaturesOnDemand\ar-sa\baseless\Microsoft-Windows-IPAM-Client-FoD-Package~31bf3856ad364e35~wow64~ar-sa~.psf" PayloadType="ExpressPSF" />
      </Payload>
    </Package>
    <Package ID="Microsoft-Windows-NetworkController-Tools-FoD-Package~31bf3856ad364e35~AMD64~ar-sa~" InstalledSize="89011" Version="10.0.17763.1">
      <SatelliteInfo>
        <ApplyToInfo>
          <ApplyTo Type="language" Value="ar-SA" />
        </ApplyToInfo>
      </SatelliteInfo>
      <Payload>
        <PayloadItem PayloadHash="W5DQaLJ39UhXI5ZS7B9bQl3F19QTeug4/YnoA4JRKd4=" PayloadSize="19053" Path="FeaturesOnDemand\ar-sa\baseless\Microsoft-Windows-NetworkController-Tools-FoD-Package~31bf3856ad364e35~AMD64~ar-sa~.cab" PayloadType="ExpressCab" />
        <PayloadItem PayloadHash="xJkZ8ENJGqzXm+tgmiHyTjDEOPrzwN1D84jfJjp6DFI=" PayloadSize="82193" Path="FeaturesOnDemand\ar-sa\baseless\Microsoft-Windows-NetworkController-Tools-FoD-Package~31bf3856ad364e35~AMD64~ar-sa~.psf" PayloadType="ExpressPSF" />
      </Payload>
    </Package>
    <Package ID="Microsoft-Windows-NetworkLoadBalancing-Tools-FoD-Package~31bf3856ad364e35~AMD64~ar-sa~" InstalledSize="241868" Version="10.0.17763.1">
      <SatelliteInfo>
        <ApplyToInfo>
          <ApplyTo Type="language" Value="ar-SA" />
        </ApplyToInfo>
      </SatelliteInfo>
      <Payload>
        <PayloadItem PayloadHash="bZrFsd7fissD1wPTXgNIKYAr9lL3ERXYlJlHhWLABK8=" PayloadSize="19381" Path="FeaturesOnDemand\ar-sa\baseless\Microsoft-Windows-NetworkLoadBalancing-Tools-FoD-Package~31bf3856ad364e35~AMD64~ar-sa~.cab" PayloadType="ExpressCab" />
        <PayloadItem PayloadHash="zfEz6XdQ1z+/TiccM89eGlx6gKFPrpgOJjZqEVoo23M=" PayloadSize="100058" Path="FeaturesOnDemand\ar-sa\baseless\Microsoft-Windows-NetworkLoadBalancing-Tools-FoD-Package~31bf3856ad364e35~AMD64~ar-sa~.psf" PayloadType="ExpressPSF" />
      </Payload>
    </Package>
    <Package ID="Microsoft-Windows-RasCMAK-Client-Package~31bf3856ad364e35~AMD64~ar-sa~" InstalledSize="242510" Version="10.0.17763.1">
      <SatelliteInfo>
        <ApplyToInfo>
          <ApplyTo Type="language" Value="ar-SA" />
        </ApplyToInfo>
      </SatelliteInfo>
      <Payload>
        <PayloadItem PayloadHash="J+xLgPP9ycNjT2LNzf7nBCSwcoJO99Umj1/zAlDEMGE=" PayloadSize="18983" Path="FeaturesOnDemand\ar-sa\baseless\Microsoft-Windows-RasCMAK-Client-Package~31bf3856ad364e35~AMD64~ar-sa~.cab" PayloadType="ExpressCab" />
        <PayloadItem PayloadHash="3N7JGB/P/yDNYhhuHRleIP97o/MMSEYQaHsnCqbMNlQ=" PayloadSize="127139" Path="FeaturesOnDemand\ar-sa\baseless\Microsoft-Windows-RasCMAK-Client-Package~31bf3856ad364e35~AMD64~ar-sa~.psf" PayloadType="ExpressPSF" />
      </Payload>
    </Package>
    <Package ID="Microsoft-Windows-RasCMAK-Client-Package~31bf3856ad364e35~wow64~ar-sa~" InstalledSize="418275" Version="10.0.17763.1">
      <SatelliteInfo>
        <ApplyToInfo>
          <ApplyTo Type="arch" Value="wow64" />
          <ApplyTo Type="language" Value="ar-SA" />
        </ApplyToInfo>
      </SatelliteInfo>
      <Payload>
        <PayloadItem PayloadHash="ZWLXdWFKvggqpG5KsCJZvZ1nghWbcfkKqENqLeKxiAk=" PayloadSize="19307" Path="FeaturesOnDemand\ar-sa\baseless\Microsoft-Windows-RasCMAK-Client-Package~31bf3856ad364e35~wow64~ar-sa~.cab" PayloadType="ExpressCab" />
        <PayloadItem PayloadHash="dra/tl54L7a67r8v+tLHPGWpOu/lzu9eaLpsSsi+WrU=" PayloadSize="329110" Path="FeaturesOnDemand\ar-sa\baseless\Microsoft-Windows-RasCMAK-Client-Package~31bf3856ad364e35~wow64~ar-sa~.psf" PayloadType="ExpressPSF" />
      </Payload>
    </Package>
    <Package ID="Microsoft-Windows-RasRip-Package~31bf3856ad364e35~AMD64~ar-sa~" InstalledSize="47041" Version="10.0.17763.1">
      <SatelliteInfo>
        <ApplyToInfo>
          <ApplyTo Type="language" Value="ar-SA" />
        </ApplyToInfo>
      </SatelliteInfo>
      <Payload>
        <PayloadItem PayloadHash="onXERdjr+LUjaaVFiWzJXNDCOdnb6OdaqQ7T1tx3FGA=" PayloadSize="18529" Path="FeaturesOnDemand\ar-sa\baseless\Microsoft-Windows-RasRip-Package~31bf3856ad364e35~AMD64~ar-sa~.cab" PayloadType="ExpressCab" />
        <PayloadItem PayloadHash="uOPFDded+jaJLNVLIfv0Hprmb04CEVFOqY2OMEJ3AA8=" PayloadSize="64123" Path="FeaturesOnDemand\ar-sa\baseless\Microsoft-Windows-RasRip-Package~31bf3856ad364e35~AMD64~ar-sa~.psf" PayloadType="ExpressPSF" />
      </Payload>
    </Package>
    <Package ID="Microsoft-Windows-RemoteAccess-Management-Tools-FoD-Package~31bf3856ad364e35~AMD64~ar-sa~" InstalledSize="18571140" Version="10.0.17763.1">
      <SatelliteInfo>
        <ApplyToInfo>
          <ApplyTo Type="language" Value="ar-SA" />
        </ApplyToInfo>
      </SatelliteInfo>
      <Payload>
        <PayloadItem PayloadHash="IxClBj0EnJ0O8w/TtwQW0QNMcLK3mfNs9PGZJkct334=" PayloadSize="21691" Path="FeaturesOnDemand\ar-sa\baseless\Microsoft-Windows-RemoteAccess-Management-Tools-FoD-Package~31bf3856ad364e35~AMD64~ar-sa~.cab" PayloadType="ExpressCab" />
        <PayloadItem PayloadHash="CS+Dggfga8QsdO7w+m7rZJBOxHm2xXR11VqTkRaWVJA=" PayloadSize="3405501" Path="FeaturesOnDemand\ar-sa\baseless\Microsoft-Windows-RemoteAccess-Management-Tools-FoD-Package~31bf3856ad364e35~AMD64~ar-sa~.psf" PayloadType="ExpressPSF" />
      </Payload>
    </Package>
    <Package ID="Microsoft-Windows-RemoteAccess-Management-Tools-FoD-Package~31bf3856ad364e35~wow64~ar-sa~" InstalledSize="32823" Version="10.0.17763.1">
      <SatelliteInfo>
        <ApplyToInfo>
          <ApplyTo Type="arch" Value="wow64" />
          <ApplyTo Type="language" Value="ar-SA" />
        </ApplyToInfo>
      </SatelliteInfo>
      <Payload>
        <PayloadItem PayloadHash="H+O85e7ldjEdJOJgwr5ZKd0D0Ikj8W1hMfhI4n2wCzk=" PayloadSize="18203" Path="FeaturesOnDemand\ar-sa\baseless\Microsoft-Windows-RemoteAccess-Management-Tools-FoD-Package~31bf3856ad364e35~wow64~ar-sa~.cab" PayloadType="ExpressCab" />
        <PayloadItem PayloadHash="rokDVu5bKLocnn+RsXnYeVVgRXZxZuwG0pmRFpA4qLo=" PayloadSize="60832" Path="FeaturesOnDemand\ar-sa\baseless\Microsoft-Windows-RemoteAccess-Management-Tools-FoD-Package~31bf3856ad364e35~wow64~ar-sa~.psf" PayloadType="ExpressPSF" />
      </Payload>
    </Package>
    <Package ID="Microsoft-Windows-RemoteDesktop-Services-Tools-FoD-Package~31bf3856ad364e35~AMD64~ar-sa~" InstalledSize="1533530" Version="10.0.17763.1">
      <SatelliteInfo>
        <ApplyToInfo>
          <ApplyTo Type="language" Value="ar-SA" />
        </ApplyToInfo>
      </SatelliteInfo>
      <Payload>
        <PayloadItem PayloadHash="zCd1JPaGiqVlKvwObYVDzM6dcVhbAUkWX1JL6hdvUg8=" PayloadSize="20501" Path="FeaturesOnDemand\ar-sa\baseless\Microsoft-Windows-RemoteDesktop-Services-Tools-FoD-Package~31bf3856ad364e35~AMD64~ar-sa~.cab" PayloadType="ExpressCab" />
        <PayloadItem PayloadHash="vjoe3afl7mVq2LHiT8pkhsZZhewtJ3k28II9ZnKlLeM=" PayloadSize="305978" Path="FeaturesOnDemand\ar-sa\baseless\Microsoft-Windows-RemoteDesktop-Services-Tools-FoD-Package~31bf3856ad364e35~AMD64~ar-sa~.psf" PayloadType="ExpressPSF" />
      </Payload>
    </Package>
    <Package ID="Microsoft-Windows-Server-AppCompat-FoD-Package~31bf3856ad364e35~AMD64~ar-sa~" InstalledSize="28970019" Version="10.0.17763.1">
      <SatelliteInfo>
        <ApplyToInfo>
          <ApplyTo Type="language" Value="ar-SA" />
        </ApplyToInfo>
      </SatelliteInfo>
      <Payload>
        <PayloadItem PayloadHash="Jt9s/AV7n1GVHXRODDB+ASlQB+7wajPfpadFSN5Q9x0=" PayloadSize="95897" Path="FeaturesOnDemand\ar-sa\baseless\Microsoft-Windows-Server-AppCompat-FoD-Package~31bf3856ad364e35~AMD64~ar-sa~.cab" PayloadType="ExpressCab" />
        <PayloadItem PayloadHash="HtcQIBDlCSyKuaLxceUKj+CbrqlesKZEi4rX1laOAEI=" PayloadSize="6973529" Path="FeaturesOnDemand\ar-sa\baseless\Microsoft-Windows-Server-AppCompat-FoD-Package~31bf3856ad364e35~AMD64~ar-sa~.psf" PayloadType="ExpressPSF" />
      </Payload>
    </Package>
    <Package ID="Microsoft-Windows-ServerManager-Tools-FoD-Package~31bf3856ad364e35~AMD64~ar-sa~" InstalledSize="12073824" Version="10.0.17763.1">
      <SatelliteInfo>
        <ApplyToInfo>
          <ApplyTo Type="language" Value="ar-SA" />
        </ApplyToInfo>
      </SatelliteInfo>
      <Payload>
        <PayloadItem PayloadHash="hB4Dvc0HRF2O+ZOkD4WSjplX+6sm/jKiXhL/bFwRy8o=" PayloadSize="38229" Path="FeaturesOnDemand\ar-sa\baseless\Microsoft-Windows-ServerManager-Tools-FoD-Package~31bf3856ad364e35~AMD64~ar-sa~.cab" PayloadType="ExpressCab" />
        <PayloadItem PayloadHash="2JqnaGqCQRMdSa/C0sF7FaiA7alaaFFCyBBMy9dPpKo=" PayloadSize="2344099" Path="FeaturesOnDemand\ar-sa\baseless\Microsoft-Windows-ServerManager-Tools-FoD-Package~31bf3856ad364e35~AMD64~ar-sa~.psf" PayloadType="ExpressPSF" />
      </Payload>
    </Package>
    <Package ID="Microsoft-Windows-ServerManager-Tools-FoD-Package~31bf3856ad364e35~wow64~ar-sa~" InstalledSize="1238639" Version="10.0.17763.1">
      <SatelliteInfo>
        <ApplyToInfo>
          <ApplyTo Type="arch" Value="wow64" />
          <ApplyTo Type="language" Value="ar-SA" />
        </ApplyToInfo>
      </SatelliteInfo>
      <Payload>
        <PayloadItem PayloadHash="fmf7YXFJxroxopSwTXhx7S03+U7Axh65NGpxyA4fVt8=" PayloadSize="19687" Path="FeaturesOnDemand\ar-sa\baseless\Microsoft-Windows-ServerManager-Tools-FoD-Package~31bf3856ad364e35~wow64~ar-sa~.cab" PayloadType="ExpressCab" />
        <PayloadItem PayloadHash="GvE758H7QexNjmOXCN25mLxdkLviTZsKesTFbBi3I18=" PayloadSize="369853" Path="FeaturesOnDemand\ar-sa\baseless\Microsoft-Windows-ServerManager-Tools-FoD-Package~31bf3856ad364e35~wow64~ar-sa~.psf" PayloadType="ExpressPSF" />
      </Payload>
    </Package>
    <Package ID="Microsoft-Windows-Shielded-VM-Tools-FoD-Package~31bf3856ad364e35~AMD64~ar-sa~" InstalledSize="466425" Version="10.0.17763.1">
      <SatelliteInfo>
        <ApplyToInfo>
          <ApplyTo Type="language" Value="ar-SA" />
        </ApplyToInfo>
      </SatelliteInfo>
      <Payload>
        <PayloadItem PayloadHash="5bC8TMA22LDHP9WRpAibHbfZtrxOj4pPoIk28EIUeGw=" PayloadSize="23855" Path="FeaturesOnDemand\ar-sa\baseless\Microsoft-Windows-Shielded-VM-Tools-FoD-Package~31bf3856ad364e35~AMD64~ar-sa~.cab" PayloadType="ExpressCab" />
        <PayloadItem PayloadHash="YI8RNhqYDC4CF4zvuRplG02QE6Zlp3WiIeLeoMaFcN4=" PayloadSize="189900" Path="FeaturesOnDemand\ar-sa\baseless\Microsoft-Windows-Shielded-VM-Tools-FoD-Package~31bf3856ad364e35~AMD64~ar-sa~.psf" PayloadType="ExpressPSF" />
      </Payload>
    </Package>
    <Package ID="Microsoft-Windows-SNMP-Client-Package~31bf3856ad364e35~AMD64~ar-sa~" InstalledSize="170170" Version="10.0.17763.1">
      <SatelliteInfo>
        <ApplyToInfo>
          <ApplyTo Type="language" Value="ar-SA" />
        </ApplyToInfo>
      </SatelliteInfo>
      <Payload>
        <PayloadItem PayloadHash="f/1VuuMEmG/6Uk08fLiA+OblfOdh6M5D926neKGD0z4=" PayloadSize="20519" Path="FeaturesOnDemand\ar-sa\baseless\Microsoft-Windows-SNMP-Client-Package~31bf3856ad364e35~AMD64~ar-sa~.cab" PayloadType="ExpressCab" />
        <PayloadItem PayloadHash="ZxKSY3DgIH3sOKaCepUzQMTdctKzRE++ZFKAZjVTq/k=" PayloadSize="106485" Path="FeaturesOnDemand\ar-sa\baseless\Microsoft-Windows-SNMP-Client-Package~31bf3856ad364e35~AMD64~ar-sa~.psf" PayloadType="ExpressPSF" />
      </Payload>
    </Package>
    <Package ID="Microsoft-Windows-SNMP-Client-Package~31bf3856ad364e35~wow64~ar-sa~" InstalledSize="170340" Version="10.0.17763.1">
      <SatelliteInfo>
        <ApplyToInfo>
          <ApplyTo Type="arch" Value="wow64" />
          <ApplyTo Type="language" Value="ar-SA" />
        </ApplyToInfo>
      </SatelliteInfo>
      <Payload>
        <PayloadItem PayloadHash="KZYoe+q//nK7/2TDt4qdK4XWueMO49RINk6YOkY9icA=" PayloadSize="20503" Path="FeaturesOnDemand\ar-sa\baseless\Microsoft-Windows-SNMP-Client-Package~31bf3856ad364e35~wow64~ar-sa~.cab" PayloadType="ExpressCab" />
        <PayloadItem PayloadHash="Ni3YiizOu8Ht8mDrfQeLxN0Sdk77ro2uwoB1EAGo3Qs=" PayloadSize="106330" Path="FeaturesOnDemand\ar-sa\baseless\Microsoft-Windows-SNMP-Client-Package~31bf3856ad364e35~wow64~ar-sa~.psf" PayloadType="ExpressPSF" />
      </Payload>
    </Package>
    <Package ID="Microsoft-Windows-StorageManagement-FoD-Package~31bf3856ad364e35~AMD64~ar-sa~" InstalledSize="1676234" Version="10.0.17763.1">
      <SatelliteInfo>
        <ApplyToInfo>
          <ApplyTo Type="language" Value="ar-SA" />
        </ApplyToInfo>
      </SatelliteInfo>
      <Payload>
        <PayloadItem PayloadHash="wHESBuAry6LffbYQHyCOYMveolfjP7FSAoVYw6b2d2A=" PayloadSize="21369" Path="FeaturesOnDemand\ar-sa\baseless\Microsoft-Windows-StorageManagement-FoD-Package~31bf3856ad364e35~AMD64~ar-sa~.cab" PayloadType="ExpressCab" />
        <PayloadItem PayloadHash="G7js/iVnHnkpwJAjaHpUlOLFsba+f4NE7LZSKs5+2+o=" PayloadSize="217217" Path="FeaturesOnDemand\ar-sa\baseless\Microsoft-Windows-StorageManagement-FoD-Package~31bf3856ad364e35~AMD64~ar-sa~.psf" PayloadType="ExpressPSF" />
      </Payload>
    </Package>
    <Package ID="Microsoft-Windows-StorageManagement-FoD-Package~31bf3856ad364e35~wow64~ar-sa~" InstalledSize="1177466" Version="10.0.17763.1">
      <SatelliteInfo>
        <ApplyToInfo>
          <ApplyTo Type="arch" Value="wow64" />
          <ApplyTo Type="language" Value="ar-SA" />
        </ApplyToInfo>
      </SatelliteInfo>
      <Payload>
        <PayloadItem PayloadHash="Dsm6QK6QvFcwQZrgapLUa9rRuCaKQP4CPgYDYMlMtHg=" PayloadSize="20291" Path="FeaturesOnDemand\ar-sa\baseless\Microsoft-Windows-StorageManagement-FoD-Package~31bf3856ad364e35~wow64~ar-sa~.cab" PayloadType="ExpressCab" />
        <PayloadItem PayloadHash="YbipnRP+MPat6ekbmtMNIjGAJJvTJpP7gejl5/aUd4o=" PayloadSize="147901" Path="FeaturesOnDemand\ar-sa\baseless\Microsoft-Windows-StorageManagement-FoD-Package~31bf3856ad364e35~wow64~ar-sa~.psf" PayloadType="ExpressPSF" />
      </Payload>
    </Package>
    <Package ID="Microsoft-Windows-StorageMigrationService-Management-Tools-FOD-Package~31bf3856ad364e35~AMD64~ar-sa~" InstalledSize="76096" Version="10.0.17763.1">
      <SatelliteInfo>
        <ApplyToInfo>
          <ApplyTo Type="language" Value="ar-SA" />
        </ApplyToInfo>
      </SatelliteInfo>
      <Payload>
        <PayloadItem PayloadHash="q62jxo7IDCwCyxauv4EEflqVTY/oOeQ3X+XeA70MwLA=" PayloadSize="18997" Path="FeaturesOnDemand\ar-sa\baseless\Microsoft-Windows-StorageMigrationService-Management-Tools-FOD-Package~31bf3856ad364e35~AMD64~ar-sa~.cab" PayloadType="ExpressCab" />
        <PayloadItem PayloadHash="8X84AFI9k77E3mQ+hS1SCjx4aTq502Jd0hHVzhRt3Ds=" PayloadSize="75898" Path="FeaturesOnDemand\ar-sa\baseless\Microsoft-Windows-StorageMigrationService-Management-Tools-FOD-Package~31bf3856ad364e35~AMD64~ar-sa~.psf" PayloadType="ExpressPSF" />
      </Payload>
    </Package>
    <Package ID="Microsoft-Windows-StorageReplica-Tools-FoD-Package~31bf3856ad364e35~AMD64~ar-sa~" InstalledSize="420942" Version="10.0.17763.1">
      <SatelliteInfo>
        <ApplyToInfo>
          <ApplyTo Type="language" Value="ar-SA" />
        </ApplyToInfo>
      </SatelliteInfo>
      <Payload>
        <PayloadItem PayloadHash="/lfKe6sYLO4wdPedLUklNKs4eyr5TkHBtDU3vGZxChg=" PayloadSize="19189" Path="FeaturesOnDemand\ar-sa\baseless\Microsoft-Windows-StorageReplica-Tools-FoD-Package~31bf3856ad364e35~AMD64~ar-sa~.cab" PayloadType="ExpressCab" />
        <PayloadItem PayloadHash="T7ndmiQb0LmuzIGz8m6N8aPkrOtL3XnOLN4roPPB5cI=" PayloadSize="119195" Path="FeaturesOnDemand\ar-sa\baseless\Microsoft-Windows-StorageReplica-Tools-FoD-Package~31bf3856ad364e35~AMD64~ar-sa~.psf" PayloadType="ExpressPSF" />
      </Payload>
    </Package>
    <Package ID="Microsoft-Windows-SystemInsights-Management-Tools-FOD-Package~31bf3856ad364e35~AMD64~ar-sa~" InstalledSize="61140" Version="10.0.17763.1">
      <SatelliteInfo>
        <ApplyToInfo>
          <ApplyTo Type="language" Value="ar-SA" />
        </ApplyToInfo>
      </SatelliteInfo>
      <Payload>
        <PayloadItem PayloadHash="CpFcuG/jm+JNGumalKWdzhEz3j4WSgVrmPT3bt8yw+s=" PayloadSize="18987" Path="FeaturesOnDemand\ar-sa\baseless\Microsoft-Windows-SystemInsights-Management-Tools-FOD-Package~31bf3856ad364e35~AMD64~ar-sa~.cab" PayloadType="ExpressCab" />
        <PayloadItem PayloadHash="6EISdKOcXSMhK36Zq7/7iBxdIAIWoFDa0g7RwlLNVr0=" PayloadSize="72966" Path="FeaturesOnDemand\ar-sa\baseless\Microsoft-Windows-SystemInsights-Management-Tools-FOD-Package~31bf3856ad364e35~AMD64~ar-sa~.psf" PayloadType="ExpressPSF" />
      </Payload>
    </Package>
    <Package ID="Microsoft-Windows-VolumeActivation-Tools-FoD-Package~31bf3856ad364e35~AMD64~ar-sa~" InstalledSize="244236" Version="10.0.17763.1">
      <SatelliteInfo>
        <ApplyToInfo>
          <ApplyTo Type="language" Value="ar-SA" />
        </ApplyToInfo>
      </SatelliteInfo>
      <Payload>
        <PayloadItem PayloadHash="bXOh8uPrGy3XlVyPye0m/zsaIgfJo18h31BX/y3Aunc=" PayloadSize="18463" Path="FeaturesOnDemand\ar-sa\baseless\Microsoft-Windows-VolumeActivation-Tools-FoD-Package~31bf3856ad364e35~AMD64~ar-sa~.cab" PayloadType="ExpressCab" />
        <PayloadItem PayloadHash="SI9WVWtIK/VxdGngERgC05sXMsGtmfmPkWQijLVHYhs=" PayloadSize="182854" Path="FeaturesOnDemand\ar-sa\baseless\Microsoft-Windows-VolumeActivation-Tools-FoD-Package~31bf3856ad364e35~AMD64~ar-sa~.psf" PayloadType="ExpressPSF" />
      </Payload>
    </Package>
    <Package ID="Microsoft-Windows-WMI-SNMP-Provider-Client-Package~31bf3856ad364e35~AMD64~ar-sa~" InstalledSize="76497" Version="10.0.17763.1">
      <SatelliteInfo>
        <ApplyToInfo>
          <ApplyTo Type="language" Value="ar-SA" />
        </ApplyToInfo>
      </SatelliteInfo>
      <Payload>
        <PayloadItem PayloadHash="TU6+7oF0QVZlVLu6HhbwiVreuj7xMPgpncFZSEAdNl0=" PayloadSize="19303" Path="FeaturesOnDemand\ar-sa\baseless\Microsoft-Windows-WMI-SNMP-Provider-Client-Package~31bf3856ad364e35~AMD64~ar-sa~.cab" PayloadType="ExpressCab" />
        <PayloadItem PayloadHash="GN0SBxbUOuvNuq5yQkSa3hWY0HS4NgdflOJp8Vj7hOM=" PayloadSize="76613" Path="FeaturesOnDemand\ar-sa\baseless\Microsoft-Windows-WMI-SNMP-Provider-Client-Package~31bf3856ad364e35~AMD64~ar-sa~.psf" PayloadType="ExpressPSF" />
      </Payload>
    </Package>
    <Package ID="Microsoft-Windows-WMI-SNMP-Provider-Client-Package~31bf3856ad364e35~wow64~ar-sa~" InstalledSize="76774" Version="10.0.17763.1">
      <SatelliteInfo>
        <ApplyToInfo>
          <ApplyTo Type="arch" Value="wow64" />
          <ApplyTo Type="language" Value="ar-SA" />
        </ApplyToInfo>
      </SatelliteInfo>
      <Payload>
        <PayloadItem PayloadHash="pQiAtNlLDQpTQSaSeVj/GyxMRiWVCSGeJVLHMqB0HJw=" PayloadSize="19129" Path="FeaturesOnDemand\ar-sa\baseless\Microsoft-Windows-WMI-SNMP-Provider-Client-Package~31bf3856ad364e35~wow64~ar-sa~.cab" PayloadType="ExpressCab" />
        <PayloadItem PayloadHash="3b/Qh00ynDMcnTe0uD4d0ImQFSd1/pXbpvLcoRyixVc=" PayloadSize="76206" Path="FeaturesOnDemand\ar-sa\baseless\Microsoft-Windows-WMI-SNMP-Provider-Client-Package~31bf3856ad364e35~wow64~ar-sa~.psf" PayloadType="ExpressPSF" />
      </Payload>
    </Package>
    <Package ID="Microsoft-Windows-WSUS-Tools-FoD-Package~31bf3856ad364e35~AMD64~ar-sa~" InstalledSize="2948465" Version="10.0.17763.1">
      <SatelliteInfo>
        <ApplyToInfo>
          <ApplyTo Type="language" Value="ar-SA" />
        </ApplyToInfo>
      </SatelliteInfo>
      <Payload>
        <PayloadItem PayloadHash="MadyhpW2U/BNeVbQWcurV6dL9YOMB8LDAVXjQRa1neM=" PayloadSize="19981" Path="FeaturesOnDemand\ar-sa\baseless\Microsoft-Windows-WSUS-Tools-FoD-Package~31bf3856ad364e35~AMD64~ar-sa~.cab" PayloadType="ExpressCab" />
        <PayloadItem PayloadHash="QtGlbgDPuGJIvlKrJWE/lnP7yvrJzj7eaqNuo29FgH0=" PayloadSize="397249" Path="FeaturesOnDemand\ar-sa\baseless\Microsoft-Windows-WSUS-Tools-FoD-Package~31bf3856ad364e35~AMD64~ar-sa~.psf" PayloadType="ExpressPSF" />
      </Payload>
    </Package>
  </Packages>
</CompDB>