<?xml version="1.0" encoding="utf-8"?>
<CompDB xmlns:xsi="http://www.w3.org/2001/XMLSchema-instance" xmlns:xsd="http://www.w3.org/2001/XMLSchema" CreatedDate="2018-11-15T20:41:43.9681221Z" Revision="1" SchemaVersion="1.2" Product="Desktop" BuildID="80154b57-1148-3590-c1b9-d2ce93ee1fac" BuildInfo="rs5_release.17763.1.180914-1434" OSVersion="10.0.17763.1" BuildArch="amd64" ReleaseType="Production" Type="Baseless" xmlns="http://schemas.microsoft.com/embedded/2004/10/ImageUpdate">
  <Tags Type="Language">
    <Tag Name="Language" Value="en-US" />
    <Tag Name="UpdateType" Value="Baseless" />
  </Tags>
  <Features>
    <Feature Type="LanguagePack" FeatureID="Language.UI.Server~en-us" FMID="MSDL" Group="Microsoft">
      <Packages>
        <Package ID="Microsoft-Windows-Server-LanguagePack-Package_en-us~31bf3856ad364e35~amd64~en-us~" PackageType="FeaturePackage" />
      </Packages>
    </Feature>
    <Feature Type="OnDemandFeature" FeatureID="Microsoft.Onecore.StorageManagement~~1.0" FMID="MSDN" Group="Microsoft">
      <Packages>
        <Package ID="Microsoft-OneCore-StorageManagement-FoD-Package~31bf3856ad364e35~AMD64~en-us~" PackageType="SatellitePackage" />
        <Package ID="Microsoft-OneCore-StorageManagement-FoD-Package~31bf3856ad364e35~wow64~en-us~" PackageType="SatellitePackage" />
      </Packages>
    </Feature>
    <Feature Type="OnDemandFeature" FeatureID="Rsat.ActiveDirectory.DS-LDS.Tools~~1.0" FMID="MSDN" Group="Microsoft">
      <Dependencies>
        <Feature FeatureID="Rsat.ServerManager.Tools~~1.0" />
      </Dependencies>
      <Packages>
        <Package ID="Microsoft-Windows-ActiveDirectory-DS-LDS-Tools-FoD-Package~31bf3856ad364e35~AMD64~en-us~" PackageType="SatellitePackage" />
        <Package ID="Microsoft-Windows-ActiveDirectory-DS-LDS-Tools-FoD-Package~31bf3856ad364e35~wow64~en-us~" PackageType="SatellitePackage" />
      </Packages>
    </Feature>
    <Feature Type="OnDemandFeature" FeatureID="Rsat.BitLocker.Recovery.Tools~~1.0" FMID="MSDN" Group="Microsoft">
      <Dependencies>
        <Feature FeatureID="Rsat.ActiveDirectory.DS-LDS.Tools~~1.0" />
      </Dependencies>
      <Packages>
        <Package ID="Microsoft-Windows-BitLocker-Recovery-Tools-FoD-Package~31bf3856ad364e35~AMD64~en-us~" PackageType="SatellitePackage" />
      </Packages>
    </Feature>
    <Feature Type="OnDemandFeature" FeatureID="Rsat.CertificateServices.Tools~~1.0" FMID="MSDN" Group="Microsoft">
      <Packages>
        <Package ID="Microsoft-Windows-CertificateServices-Tools-FoD-Package~31bf3856ad364e35~AMD64~en-us~" PackageType="SatellitePackage" />
      </Packages>
    </Feature>
    <Feature Type="OnDemandFeature" FeatureID="Rsat.DHCP.Tools~~1.0" FMID="MSDN" Group="Microsoft">
      <Packages>
        <Package ID="Microsoft-Windows-DHCP-Tools-FoD-Package~31bf3856ad364e35~AMD64~en-us~" PackageType="SatellitePackage" />
        <Package ID="Microsoft-Windows-DHCP-Tools-FoD-Package~31bf3856ad364e35~wow64~en-us~" PackageType="SatellitePackage" />
      </Packages>
    </Feature>
    <Feature Type="OnDemandFeature" FeatureID="Rsat.Dns.Tools~~1.0" FMID="MSDN" Group="Microsoft">
      <Packages>
        <Package ID="Microsoft-Windows-DNS-Tools-FoD-Package~31bf3856ad364e35~AMD64~en-us~" PackageType="SatellitePackage" />
        <Package ID="Microsoft-Windows-DNS-Tools-FoD-Package~31bf3856ad364e35~wow64~en-us~" PackageType="SatellitePackage" />
      </Packages>
    </Feature>
    <Feature Type="OnDemandFeature" FeatureID="Rsat.FailoverCluster.Management.Tools~~1.0" FMID="MSDN" Group="Microsoft">
      <Dependencies>
        <Feature FeatureID="Rsat.FileServices.Tools~~1.0" />
      </Dependencies>
      <Packages>
        <Package ID="Microsoft-Windows-FailoverCluster-Management-Tools-FOD-Package~31bf3856ad364e35~AMD64~en-us~" PackageType="SatellitePackage" />
        <Package ID="Microsoft-Windows-FailoverCluster-Management-Tools-FOD-Package~31bf3856ad364e35~wow64~en-us~" PackageType="SatellitePackage" />
      </Packages>
    </Feature>
    <Feature Type="OnDemandFeature" FeatureID="Rsat.FileServices.Tools~~1.0" FMID="MSDN" Group="Microsoft">
      <Dependencies>
        <Feature FeatureID="Rsat.ServerManager.Tools~~1.0" />
      </Dependencies>
      <Packages>
        <Package ID="Microsoft-Windows-FileServices-Tools-FoD-Package~31bf3856ad364e35~AMD64~en-us~" PackageType="SatellitePackage" />
        <Package ID="Microsoft-Windows-FileServices-Tools-FoD-Package~31bf3856ad364e35~wow64~en-us~" PackageType="SatellitePackage" />
      </Packages>
    </Feature>
    <Feature Type="OnDemandFeature" FeatureID="Rsat.GroupPolicy.Management.Tools~~1.0" FMID="MSDN" Group="Microsoft">
      <Packages>
        <Package ID="Microsoft-Windows-GroupPolicy-Management-Tools-FoD-Package~31bf3856ad364e35~AMD64~en-us~" PackageType="SatellitePackage" />
        <Package ID="Microsoft-Windows-GroupPolicy-Management-Tools-FoD-Package~31bf3856ad364e35~wow64~en-us~" PackageType="SatellitePackage" />
      </Packages>
    </Feature>
    <Feature Type="OnDemandFeature" FeatureID="Rsat.IPAM.Client.Tools~~1.0" FMID="MSDN" Group="Microsoft">
      <Dependencies>
        <Feature FeatureID="Rsat.ServerManager.Tools~~1.0" />
      </Dependencies>
      <Packages>
        <Package ID="Microsoft-Windows-IPAM-Client-FoD-Package~31bf3856ad364e35~AMD64~en-us~" PackageType="SatellitePackage" />
        <Package ID="Microsoft-Windows-IPAM-Client-FoD-Package~31bf3856ad364e35~wow64~en-us~" PackageType="SatellitePackage" />
      </Packages>
    </Feature>
    <Feature Type="OnDemandFeature" FeatureID="Rsat.NetworkController.Tools~~1.0" FMID="MSDN" Group="Microsoft">
      <Packages>
        <Package ID="Microsoft-Windows-NetworkController-Tools-FoD-Package~31bf3856ad364e35~AMD64~en-us~" PackageType="SatellitePackage" />
      </Packages>
    </Feature>
    <Feature Type="OnDemandFeature" FeatureID="Rsat.NetworkLoadBalancing.Tools~~1.0" FMID="MSDN" Group="Microsoft">
      <Packages>
        <Package ID="Microsoft-Windows-NetworkLoadBalancing-Tools-FoD-Package~31bf3856ad364e35~AMD64~en-us~" PackageType="SatellitePackage" />
      </Packages>
    </Feature>
    <Feature Type="OnDemandFeature" FeatureID="RasCMAK.Client~~1.0" FMID="MSDN" Group="Microsoft">
      <Packages>
        <Package ID="Microsoft-Windows-RasCMAK-Client-Package~31bf3856ad364e35~AMD64~en-us~" PackageType="SatellitePackage" />
        <Package ID="Microsoft-Windows-RasCMAK-Client-Package~31bf3856ad364e35~wow64~en-us~" PackageType="SatellitePackage" />
      </Packages>
    </Feature>
    <Feature Type="OnDemandFeature" FeatureID="RIP.Listener~~1.0" FMID="MSDN" Group="Microsoft">
      <Packages>
        <Package ID="Microsoft-Windows-RasRip-Package~31bf3856ad364e35~AMD64~en-us~" PackageType="SatellitePackage" />
      </Packages>
    </Feature>
    <Feature Type="OnDemandFeature" FeatureID="Rsat.RemoteAccess.Management.Tools~~1.0" FMID="MSDN" Group="Microsoft">
      <Dependencies>
        <Feature FeatureID="Rsat.GroupPolicy.Management.Tools~~1.0" />
        <Feature FeatureID="Rsat.ServerManager.Tools~~1.0" />
      </Dependencies>
      <Packages>
        <Package ID="Microsoft-Windows-RemoteAccess-Management-Tools-FoD-Package~31bf3856ad364e35~AMD64~en-us~" PackageType="SatellitePackage" />
        <Package ID="Microsoft-Windows-RemoteAccess-Management-Tools-FoD-Package~31bf3856ad364e35~wow64~en-us~" PackageType="SatellitePackage" />
      </Packages>
    </Feature>
    <Feature Type="OnDemandFeature" FeatureID="Rsat.RemoteDesktop.Services.Tools~~1.0" FMID="MSDN" Group="Microsoft">
      <Packages>
        <Package ID="Microsoft-Windows-RemoteDesktop-Services-Tools-FoD-Package~31bf3856ad364e35~AMD64~en-us~" PackageType="SatellitePackage" />
      </Packages>
    </Feature>
    <Feature Type="OnDemandFeature" FeatureID="ServerCore.AppCompatibility~~1.0" FMID="MSDN" Group="Microsoft">
      <Packages>
        <Package ID="Microsoft-Windows-Server-AppCompat-FoD-Package~31bf3856ad364e35~AMD64~en-us~" PackageType="SatellitePackage" />
      </Packages>
    </Feature>
    <Feature Type="OnDemandFeature" FeatureID="Rsat.ServerManager.Tools~~1.0" FMID="MSDN" Group="Microsoft">
      <Packages>
        <Package ID="Microsoft-Windows-ServerManager-Tools-FoD-Package~31bf3856ad364e35~AMD64~en-us~" PackageType="SatellitePackage" />
        <Package ID="Microsoft-Windows-ServerManager-Tools-FoD-Package~31bf3856ad364e35~wow64~en-us~" PackageType="SatellitePackage" />
      </Packages>
    </Feature>
    <Feature Type="OnDemandFeature" FeatureID="Rsat.Shielded.VM.Tools~~1.0" FMID="MSDN" Group="Microsoft">
      <Dependencies>
        <Feature FeatureID="Rsat.ServerManager.Tools~~1.0" />
      </Dependencies>
      <Packages>
        <Package ID="Microsoft-Windows-Shielded-VM-Tools-FoD-Package~31bf3856ad364e35~AMD64~en-us~" PackageType="SatellitePackage" />
      </Packages>
    </Feature>
    <Feature Type="OnDemandFeature" FeatureID="SNMP.Client~~1.0" FMID="MSDN" Group="Microsoft">
      <Packages>
        <Package ID="Microsoft-Windows-SNMP-Client-Package~31bf3856ad364e35~AMD64~en-us~" PackageType="SatellitePackage" />
        <Package ID="Microsoft-Windows-SNMP-Client-Package~31bf3856ad364e35~wow64~en-us~" PackageType="SatellitePackage" />
      </Packages>
    </Feature>
    <Feature Type="OnDemandFeature" FeatureID="Microsoft.Windows.StorageManagement~~1.0" FMID="MSDN" Group="Microsoft">
      <Packages>
        <Package ID="Microsoft-Windows-StorageManagement-FoD-Package~31bf3856ad364e35~AMD64~en-us~" PackageType="SatellitePackage" />
        <Package ID="Microsoft-Windows-StorageManagement-FoD-Package~31bf3856ad364e35~wow64~en-us~" PackageType="SatellitePackage" />
      </Packages>
    </Feature>
    <Feature Type="OnDemandFeature" FeatureID="Rsat.StorageMigrationService.Management.Tools~~1.0" FMID="MSDN" Group="Microsoft">
      <Packages>
        <Package ID="Microsoft-Windows-StorageMigrationService-Management-Tools-FOD-Package~31bf3856ad364e35~AMD64~en-us~" PackageType="SatellitePackage" />
      </Packages>
    </Feature>
    <Feature Type="OnDemandFeature" FeatureID="Rsat.StorageReplica.Tools~~1.0" FMID="MSDN" Group="Microsoft">
      <Packages>
        <Package ID="Microsoft-Windows-StorageReplica-Tools-FoD-Package~31bf3856ad364e35~AMD64~en-us~" PackageType="SatellitePackage" />
      </Packages>
    </Feature>
    <Feature Type="OnDemandFeature" FeatureID="Rsat.SystemInsights.Management.Tools~~1.0" FMID="MSDN" Group="Microsoft">
      <Packages>
        <Package ID="Microsoft-Windows-SystemInsights-Management-Tools-FOD-Package~31bf3856ad364e35~AMD64~en-us~" PackageType="SatellitePackage" />
      </Packages>
    </Feature>
    <Feature Type="OnDemandFeature" FeatureID="Rsat.VolumeActivation.Tools~~1.0" FMID="MSDN" Group="Microsoft">
      <Packages>
        <Package ID="Microsoft-Windows-VolumeActivation-Tools-FoD-Package~31bf3856ad364e35~AMD64~en-us~" PackageType="SatellitePackage" />
      </Packages>
    </Feature>
    <Feature Type="OnDemandFeature" FeatureID="WMI-SNMP-Provider.Client~~1.0" FMID="MSDN" Group="Microsoft">
      <Dependencies>
        <Feature FeatureID="SNMP.Client~~1.0" />
      </Dependencies>
      <Packages>
        <Package ID="Microsoft-Windows-WMI-SNMP-Provider-Client-Package~31bf3856ad364e35~AMD64~en-us~" PackageType="SatellitePackage" />
        <Package ID="Microsoft-Windows-WMI-SNMP-Provider-Client-Package~31bf3856ad364e35~wow64~en-us~" PackageType="SatellitePackage" />
      </Packages>
    </Feature>
    <Feature Type="OnDemandFeature" FeatureID="Rsat.WSUS.Tools~~1.0" FMID="MSDN" Group="Microsoft">
      <Packages>
        <Package ID="Microsoft-Windows-WSUS-Tools-FoD-Package~31bf3856ad364e35~AMD64~en-us~" PackageType="SatellitePackage" />
      </Packages>
    </Feature>
  </Features>
  <Packages>
    <Package ID="Microsoft-Windows-Server-LanguagePack-Package_en-us~31bf3856ad364e35~amd64~en-us~" InstalledSize="944340932" Version="10.0.17763.1">
      <SatelliteInfo>
        <DeclareInfo>
          <Declare Type="language" Value="en-US" />
        </DeclareInfo>
      </SatelliteInfo>
      <Payload>
        <PayloadItem PayloadHash="CFWZ5qqHKCQ+GXm7hYk1ARE+/lJBE1WR8lVKkcSWay0=" PayloadSize="1162615" Path="UUP\Desktop\editionpackages\Server\en-us\baseless\Microsoft-Windows-Server-LanguagePack-Package_en-us~31bf3856ad364e35~amd64~en-us~.cab" PayloadType="ExpressCab" />
        <PayloadItem PayloadHash="T/Q72mp9s0i/1Z9JXdVhDVRL5PvCdmvKabtHfWKqRME=" PayloadSize="53473247" Path="UUP\Desktop\editionpackages\Server\en-us\baseless\Microsoft-Windows-Server-LanguagePack-Package_en-us~31bf3856ad364e35~amd64~en-us~.psf" PayloadType="ExpressPSF" />
      </Payload>
    </Package>
    <Package ID="Microsoft-OneCore-StorageManagement-FoD-Package~31bf3856ad364e35~AMD64~en-us~" InstalledSize="1948652" Version="10.0.17763.1">
      <SatelliteInfo>
        <ApplyToInfo>
          <ApplyTo Type="language" Value="en-US" />
        </ApplyToInfo>
      </SatelliteInfo>
      <Payload>
        <PayloadItem PayloadHash="N2XixiwbLQoA+HYPQVxmbkSEBTOlXi28Pa7yPABzlaM=" PayloadSize="20345" Path="FeaturesOnDemand\en-us\baseless\Microsoft-OneCore-StorageManagement-FoD-Package~31bf3856ad364e35~AMD64~en-us~.cab" PayloadType="ExpressCab" />
        <PayloadItem PayloadHash="NmMZ7xziuxluDubg6WYwyBY9XvQODo9lUVUT6BuUtM8=" PayloadSize="204155" Path="FeaturesOnDemand\en-us\baseless\Microsoft-OneCore-StorageManagement-FoD-Package~31bf3856ad364e35~AMD64~en-us~.psf" PayloadType="ExpressPSF" />
      </Payload>
    </Package>
    <Package ID="Microsoft-OneCore-StorageManagement-FoD-Package~31bf3856ad364e35~wow64~en-us~" InstalledSize="1072725" Version="10.0.17763.1">
      <SatelliteInfo>
        <ApplyToInfo>
          <ApplyTo Type="arch" Value="wow64" />
          <ApplyTo Type="language" Value="en-US" />
        </ApplyToInfo>
      </SatelliteInfo>
      <Payload>
        <PayloadItem PayloadHash="YhH2DId/dmD7IAk3D7ts6ceMk3LiYzdYHevC54E20r0=" PayloadSize="18917" Path="FeaturesOnDemand\en-us\baseless\Microsoft-OneCore-StorageManagement-FoD-Package~31bf3856ad364e35~wow64~en-us~.cab" PayloadType="ExpressCab" />
        <PayloadItem PayloadHash="5fBy6KJl4RV5HkQZ9HNptclVceuhfe8VPrK6yq8NvFA=" PayloadSize="115849" Path="FeaturesOnDemand\en-us\baseless\Microsoft-OneCore-StorageManagement-FoD-Package~31bf3856ad364e35~wow64~en-us~.psf" PayloadType="ExpressPSF" />
      </Payload>
    </Package>
    <Package ID="Microsoft-Windows-ActiveDirectory-DS-LDS-Tools-FoD-Package~31bf3856ad364e35~AMD64~en-us~" InstalledSize="5659168" Version="10.0.17763.1">
      <SatelliteInfo>
        <ApplyToInfo>
          <ApplyTo Type="language" Value="en-US" />
        </ApplyToInfo>
      </SatelliteInfo>
      <Payload>
        <PayloadItem PayloadHash="6566MvNyyTLUVD6IONsxsMFfUatdk2lCj+Win/4LjQY=" PayloadSize="26517" Path="FeaturesOnDemand\en-us\baseless\Microsoft-Windows-ActiveDirectory-DS-LDS-Tools-FoD-Package~31bf3856ad364e35~AMD64~en-us~.cab" PayloadType="ExpressCab" />
        <PayloadItem PayloadHash="ZUpd1mc2OKi8D0tmlJwVuxzfo3TSNGp9TDMB9rtiPdI=" PayloadSize="934686" Path="FeaturesOnDemand\en-us\baseless\Microsoft-Windows-ActiveDirectory-DS-LDS-Tools-FoD-Package~31bf3856ad364e35~AMD64~en-us~.psf" PayloadType="ExpressPSF" />
      </Payload>
    </Package>
    <Package ID="Microsoft-Windows-ActiveDirectory-DS-LDS-Tools-FoD-Package~31bf3856ad364e35~wow64~en-us~" InstalledSize="787171" Version="10.0.17763.1">
      <SatelliteInfo>
        <ApplyToInfo>
          <ApplyTo Type="arch" Value="wow64" />
          <ApplyTo Type="language" Value="en-US" />
        </ApplyToInfo>
      </SatelliteInfo>
      <Payload>
        <PayloadItem PayloadHash="yuakyjbYlEcm7rDYtAasGBtdL39JE6b0KkX0+/gX+tA=" PayloadSize="19915" Path="FeaturesOnDemand\en-us\baseless\Microsoft-Windows-ActiveDirectory-DS-LDS-Tools-FoD-Package~31bf3856ad364e35~wow64~en-us~.cab" PayloadType="ExpressCab" />
        <PayloadItem PayloadHash="JXOAxfVdzVMimknNRvA6lNlIlHI9jLbOQmfS0z7nn54=" PayloadSize="159625" Path="FeaturesOnDemand\en-us\baseless\Microsoft-Windows-ActiveDirectory-DS-LDS-Tools-FoD-Package~31bf3856ad364e35~wow64~en-us~.psf" PayloadType="ExpressPSF" />
      </Payload>
    </Package>
    <Package ID="Microsoft-Windows-BitLocker-Recovery-Tools-FoD-Package~31bf3856ad364e35~AMD64~en-us~" InstalledSize="32081" Version="10.0.17763.1">
      <SatelliteInfo>
        <ApplyToInfo>
          <ApplyTo Type="language" Value="en-US" />
        </ApplyToInfo>
      </SatelliteInfo>
      <Payload>
        <PayloadItem PayloadHash="5UYTfcsFR0GKk24SKurR/Rcm/MdpY/+e1ngzJILqgTc=" PayloadSize="27261" Path="FeaturesOnDemand\en-us\baseless\Microsoft-Windows-BitLocker-Recovery-Tools-FoD-Package~31bf3856ad364e35~AMD64~en-us~.cab" PayloadType="ExpressCab" />
        <PayloadItem PayloadHash="/LeiWAewRSzI7UzlkJiNcgyiE7C7KQSR95IcW8Dh60M=" PayloadSize="67077" Path="FeaturesOnDemand\en-us\baseless\Microsoft-Windows-BitLocker-Recovery-Tools-FoD-Package~31bf3856ad364e35~AMD64~en-us~.psf" PayloadType="ExpressPSF" />
      </Payload>
    </Package>
    <Package ID="Microsoft-Windows-CertificateServices-Tools-FoD-Package~31bf3856ad364e35~AMD64~en-us~" InstalledSize="995529" Version="10.0.17763.1">
      <SatelliteInfo>
        <ApplyToInfo>
          <ApplyTo Type="language" Value="en-US" />
        </ApplyToInfo>
      </SatelliteInfo>
      <Payload>
        <PayloadItem PayloadHash="cvsC4vSmb/SHOe85FNO7RfNP0H0rA8rdetF67qyKHLw=" PayloadSize="20605" Path="FeaturesOnDemand\en-us\baseless\Microsoft-Windows-CertificateServices-Tools-FoD-Package~31bf3856ad364e35~AMD64~en-us~.cab" PayloadType="ExpressCab" />
        <PayloadItem PayloadHash="0q6EpWL2tN9geNz704Dq1z3cEo4FyGmaufD6z5phz4k=" PayloadSize="199558" Path="FeaturesOnDemand\en-us\baseless\Microsoft-Windows-CertificateServices-Tools-FoD-Package~31bf3856ad364e35~AMD64~en-us~.psf" PayloadType="ExpressPSF" />
      </Payload>
    </Package>
    <Package ID="Microsoft-Windows-DHCP-Tools-FoD-Package~31bf3856ad364e35~AMD64~en-us~" InstalledSize="1777956" Version="10.0.17763.1">
      <SatelliteInfo>
        <ApplyToInfo>
          <ApplyTo Type="language" Value="en-US" />
        </ApplyToInfo>
      </SatelliteInfo>
      <Payload>
        <PayloadItem PayloadHash="Azgu13An/obkcm6tAYruhj8j15qXXwn41YxuqOqm0Yk=" PayloadSize="19583" Path="FeaturesOnDemand\en-us\baseless\Microsoft-Windows-DHCP-Tools-FoD-Package~31bf3856ad364e35~AMD64~en-us~.cab" PayloadType="ExpressCab" />
        <PayloadItem PayloadHash="UQ+Hyu3YC0LPWO/kXKL5XYAoGAOAr7XJqqNSSPVxLfc=" PayloadSize="204837" Path="FeaturesOnDemand\en-us\baseless\Microsoft-Windows-DHCP-Tools-FoD-Package~31bf3856ad364e35~AMD64~en-us~.psf" PayloadType="ExpressPSF" />
      </Payload>
    </Package>
    <Package ID="Microsoft-Windows-DHCP-Tools-FoD-Package~31bf3856ad364e35~wow64~en-us~" InstalledSize="459656" Version="10.0.17763.1">
      <SatelliteInfo>
        <ApplyToInfo>
          <ApplyTo Type="arch" Value="wow64" />
          <ApplyTo Type="language" Value="en-US" />
        </ApplyToInfo>
      </SatelliteInfo>
      <Payload>
        <PayloadItem PayloadHash="Cfd6su52hJVVxxPhV2cERzzeUZQaDMju+Zm7NH0eTbo=" PayloadSize="18931" Path="FeaturesOnDemand\en-us\baseless\Microsoft-Windows-DHCP-Tools-FoD-Package~31bf3856ad364e35~wow64~en-us~.cab" PayloadType="ExpressCab" />
        <PayloadItem PayloadHash="Xcodq6Ls1mjy6/er6nQ1f5OSs5hzO+C+dlqTcOPCNzs=" PayloadSize="94886" Path="FeaturesOnDemand\en-us\baseless\Microsoft-Windows-DHCP-Tools-FoD-Package~31bf3856ad364e35~wow64~en-us~.psf" PayloadType="ExpressPSF" />
      </Payload>
    </Package>
    <Package ID="Microsoft-Windows-DNS-Tools-FoD-Package~31bf3856ad364e35~AMD64~en-us~" InstalledSize="1880893" Version="10.0.17763.1">
      <SatelliteInfo>
        <ApplyToInfo>
          <ApplyTo Type="language" Value="en-US" />
        </ApplyToInfo>
      </SatelliteInfo>
      <Payload>
        <PayloadItem PayloadHash="TjiHizey1iBMdXl09UTD9xIGiEZBOhjzytTItNSJPNw=" PayloadSize="19795" Path="FeaturesOnDemand\en-us\baseless\Microsoft-Windows-DNS-Tools-FoD-Package~31bf3856ad364e35~AMD64~en-us~.cab" PayloadType="ExpressCab" />
        <PayloadItem PayloadHash="a6IW/9Ya2kylK74YaH0lAMvjJ69vGpSBWk5OPyDL0sI=" PayloadSize="241318" Path="FeaturesOnDemand\en-us\baseless\Microsoft-Windows-DNS-Tools-FoD-Package~31bf3856ad364e35~AMD64~en-us~.psf" PayloadType="ExpressPSF" />
      </Payload>
    </Package>
    <Package ID="Microsoft-Windows-DNS-Tools-FoD-Package~31bf3856ad364e35~wow64~en-us~" InstalledSize="12270" Version="10.0.17763.1">
      <SatelliteInfo>
        <ApplyToInfo>
          <ApplyTo Type="arch" Value="wow64" />
          <ApplyTo Type="language" Value="en-US" />
        </ApplyToInfo>
      </SatelliteInfo>
      <Payload>
        <PayloadItem PayloadHash="k1JEAgRaZZWay53Eh80h2yT6J1syeyB9m7i2mCmOLDY=" PayloadSize="18573" Path="FeaturesOnDemand\en-us\baseless\Microsoft-Windows-DNS-Tools-FoD-Package~31bf3856ad364e35~wow64~en-us~.cab" PayloadType="ExpressCab" />
        <PayloadItem PayloadHash="sFrKOtvbAHtjtKtoMCc1P0mHB1GOBSPFhSdnn/3vUDI=" PayloadSize="58179" Path="FeaturesOnDemand\en-us\baseless\Microsoft-Windows-DNS-Tools-FoD-Package~31bf3856ad364e35~wow64~en-us~.psf" PayloadType="ExpressPSF" />
      </Payload>
    </Package>
    <Package ID="Microsoft-Windows-FailoverCluster-Management-Tools-FOD-Package~31bf3856ad364e35~AMD64~en-us~" InstalledSize="8877934" Version="10.0.17763.1">
      <SatelliteInfo>
        <ApplyToInfo>
          <ApplyTo Type="language" Value="en-US" />
        </ApplyToInfo>
      </SatelliteInfo>
      <Payload>
        <PayloadItem PayloadHash="dN7EoFYm7kiV70yB24FMO7PL2pBZEJTbBebM0n1htwg=" PayloadSize="25519" Path="FeaturesOnDemand\en-us\baseless\Microsoft-Windows-FailoverCluster-Management-Tools-FOD-Package~31bf3856ad364e35~AMD64~en-us~.cab" PayloadType="ExpressCab" />
        <PayloadItem PayloadHash="GIpfMz+fPba2ZWrIY1CXk5qJQWnm+liMGa+VoMgkN7E=" PayloadSize="2445255" Path="FeaturesOnDemand\en-us\baseless\Microsoft-Windows-FailoverCluster-Management-Tools-FOD-Package~31bf3856ad364e35~AMD64~en-us~.psf" PayloadType="ExpressPSF" />
      </Payload>
    </Package>
    <Package ID="Microsoft-Windows-FailoverCluster-Management-Tools-FOD-Package~31bf3856ad364e35~wow64~en-us~" InstalledSize="71969" Version="10.0.17763.1">
      <SatelliteInfo>
        <ApplyToInfo>
          <ApplyTo Type="arch" Value="wow64" />
          <ApplyTo Type="language" Value="en-US" />
        </ApplyToInfo>
      </SatelliteInfo>
      <Payload>
        <PayloadItem PayloadHash="5yWJPkIVp40GuBaF85+O1S6GsxUmT6B/5ID7YA09+1s=" PayloadSize="19947" Path="FeaturesOnDemand\en-us\baseless\Microsoft-Windows-FailoverCluster-Management-Tools-FOD-Package~31bf3856ad364e35~wow64~en-us~.cab" PayloadType="ExpressCab" />
        <PayloadItem PayloadHash="8H3taQaSm5N9vkE37KNUBvWVfTmJTvO37vppj4TmohQ=" PayloadSize="86283" Path="FeaturesOnDemand\en-us\baseless\Microsoft-Windows-FailoverCluster-Management-Tools-FOD-Package~31bf3856ad364e35~wow64~en-us~.psf" PayloadType="ExpressPSF" />
      </Payload>
    </Package>
    <Package ID="Microsoft-Windows-FileServices-Tools-FoD-Package~31bf3856ad364e35~AMD64~en-us~" InstalledSize="4112687" Version="10.0.17763.1">
      <SatelliteInfo>
        <ApplyToInfo>
          <ApplyTo Type="language" Value="en-US" />
        </ApplyToInfo>
      </SatelliteInfo>
      <Payload>
        <PayloadItem PayloadHash="zbez73Kxf/OgUw1wJ/ifb3cuChQJXq/AORYGOG60slk=" PayloadSize="23485" Path="FeaturesOnDemand\en-us\baseless\Microsoft-Windows-FileServices-Tools-FoD-Package~31bf3856ad364e35~AMD64~en-us~.cab" PayloadType="ExpressCab" />
        <PayloadItem PayloadHash="IgZmsYbi7wqLMkJEA93KoeR9IkKEJhzIlyoeZ7JKQgg=" PayloadSize="607291" Path="FeaturesOnDemand\en-us\baseless\Microsoft-Windows-FileServices-Tools-FoD-Package~31bf3856ad364e35~AMD64~en-us~.psf" PayloadType="ExpressPSF" />
      </Payload>
    </Package>
    <Package ID="Microsoft-Windows-FileServices-Tools-FoD-Package~31bf3856ad364e35~wow64~en-us~" InstalledSize="171595" Version="10.0.17763.1">
      <SatelliteInfo>
        <ApplyToInfo>
          <ApplyTo Type="arch" Value="wow64" />
          <ApplyTo Type="language" Value="en-US" />
        </ApplyToInfo>
      </SatelliteInfo>
      <Payload>
        <PayloadItem PayloadHash="8aC8pOKB9VtUTew6VaFdAXGm05WcD0xKMOJ0H+WMH7o=" PayloadSize="19065" Path="FeaturesOnDemand\en-us\baseless\Microsoft-Windows-FileServices-Tools-FoD-Package~31bf3856ad364e35~wow64~en-us~.cab" PayloadType="ExpressCab" />
        <PayloadItem PayloadHash="PYgYA/c4zQML2F++uHwO5TFFCJQOq8VAAS/SfiEIvhk=" PayloadSize="85207" Path="FeaturesOnDemand\en-us\baseless\Microsoft-Windows-FileServices-Tools-FoD-Package~31bf3856ad364e35~wow64~en-us~.psf" PayloadType="ExpressPSF" />
      </Payload>
    </Package>
    <Package ID="Microsoft-Windows-GroupPolicy-Management-Tools-FoD-Package~31bf3856ad364e35~AMD64~en-us~" InstalledSize="2251793" Version="10.0.17763.1">
      <SatelliteInfo>
        <ApplyToInfo>
          <ApplyTo Type="language" Value="en-US" />
        </ApplyToInfo>
      </SatelliteInfo>
      <Payload>
        <PayloadItem PayloadHash="+hqD9bzYqqUYcJ53sFxlUyn69ppcKodFlzqoEeFEypQ=" PayloadSize="22053" Path="FeaturesOnDemand\en-us\baseless\Microsoft-Windows-GroupPolicy-Management-Tools-FoD-Package~31bf3856ad364e35~AMD64~en-us~.cab" PayloadType="ExpressCab" />
        <PayloadItem PayloadHash="EVjMMchXWFxWjmtZ2hw2CQXnPsI6drTUaAZ6mswXNho=" PayloadSize="342376" Path="FeaturesOnDemand\en-us\baseless\Microsoft-Windows-GroupPolicy-Management-Tools-FoD-Package~31bf3856ad364e35~AMD64~en-us~.psf" PayloadType="ExpressPSF" />
      </Payload>
    </Package>
    <Package ID="Microsoft-Windows-GroupPolicy-Management-Tools-FoD-Package~31bf3856ad364e35~wow64~en-us~" InstalledSize="306113" Version="10.0.17763.1">
      <SatelliteInfo>
        <ApplyToInfo>
          <ApplyTo Type="arch" Value="wow64" />
          <ApplyTo Type="language" Value="en-US" />
        </ApplyToInfo>
      </SatelliteInfo>
      <Payload>
        <PayloadItem PayloadHash="HjGV9Iy89ezsEBtVoRmQHeweW8ZOl5gwbe9blOt/SOs=" PayloadSize="19039" Path="FeaturesOnDemand\en-us\baseless\Microsoft-Windows-GroupPolicy-Management-Tools-FoD-Package~31bf3856ad364e35~wow64~en-us~.cab" PayloadType="ExpressCab" />
        <PayloadItem PayloadHash="BnCTWvpKbKZKbKMxeEdf6OZEpE0d2MXJEPsYOopH5Mg=" PayloadSize="99462" Path="FeaturesOnDemand\en-us\baseless\Microsoft-Windows-GroupPolicy-Management-Tools-FoD-Package~31bf3856ad364e35~wow64~en-us~.psf" PayloadType="ExpressPSF" />
      </Payload>
    </Package>
    <Package ID="Microsoft-Windows-IPAM-Client-FoD-Package~31bf3856ad364e35~AMD64~en-us~" InstalledSize="98937" Version="10.0.17763.1">
      <SatelliteInfo>
        <ApplyToInfo>
          <ApplyTo Type="language" Value="en-US" />
        </ApplyToInfo>
      </SatelliteInfo>
      <Payload>
        <PayloadItem PayloadHash="cVnXMvT+4lAO9k5OHwICXC/wpL+uU1rUJebGMDo8NN0=" PayloadSize="18697" Path="FeaturesOnDemand\en-us\baseless\Microsoft-Windows-IPAM-Client-FoD-Package~31bf3856ad364e35~AMD64~en-us~.cab" PayloadType="ExpressCab" />
        <PayloadItem PayloadHash="1qYz5RHy7Y4EAES/ju3n+ySH48ONo4F01kyHKGs29+w=" PayloadSize="69392" Path="FeaturesOnDemand\en-us\baseless\Microsoft-Windows-IPAM-Client-FoD-Package~31bf3856ad364e35~AMD64~en-us~.psf" PayloadType="ExpressPSF" />
      </Payload>
    </Package>
    <Package ID="Microsoft-Windows-IPAM-Client-FoD-Package~31bf3856ad364e35~wow64~en-us~" InstalledSize="23574" Version="10.0.17763.1">
      <SatelliteInfo>
        <ApplyToInfo>
          <ApplyTo Type="arch" Value="wow64" />
          <ApplyTo Type="language" Value="en-US" />
        </ApplyToInfo>
      </SatelliteInfo>
      <Payload>
        <PayloadItem PayloadHash="kMijOUEZm1jvKCfoX7hnaN+62fGii0e2mHnhdbiRMeU=" PayloadSize="18717" Path="FeaturesOnDemand\en-us\baseless\Microsoft-Windows-IPAM-Client-FoD-Package~31bf3856ad364e35~wow64~en-us~.cab" PayloadType="ExpressCab" />
        <PayloadItem PayloadHash="rj/YBsc3tms3JQMxjpW2+w+TJB6nzpUOeljWUjoPcE8=" PayloadSize="60659" Path="FeaturesOnDemand\en-us\baseless\Microsoft-Windows-IPAM-Client-FoD-Package~31bf3856ad364e35~wow64~en-us~.psf" PayloadType="ExpressPSF" />
      </Payload>
    </Package>
    <Package ID="Microsoft-Windows-NetworkController-Tools-FoD-Package~31bf3856ad364e35~AMD64~en-us~" InstalledSize="67160" Version="10.0.17763.1">
      <SatelliteInfo>
        <ApplyToInfo>
          <ApplyTo Type="language" Value="en-US" />
        </ApplyToInfo>
      </SatelliteInfo>
      <Payload>
        <PayloadItem PayloadHash="Jgr0RnQJeBPXoyXTvok4msQoNoWnPWchHVFuCg3EaZE=" PayloadSize="18975" Path="FeaturesOnDemand\en-us\baseless\Microsoft-Windows-NetworkController-Tools-FoD-Package~31bf3856ad364e35~AMD64~en-us~.cab" PayloadType="ExpressCab" />
        <PayloadItem PayloadHash="lFbw+h+4WBUV6Dgb/tKJtnXrpZDy94ZMrWFa0pgPeNM=" PayloadSize="78421" Path="FeaturesOnDemand\en-us\baseless\Microsoft-Windows-NetworkController-Tools-FoD-Package~31bf3856ad364e35~AMD64~en-us~.psf" PayloadType="ExpressPSF" />
      </Payload>
    </Package>
    <Package ID="Microsoft-Windows-NetworkLoadBalancing-Tools-FoD-Package~31bf3856ad364e35~AMD64~en-us~" InstalledSize="215467" Version="10.0.17763.1">
      <SatelliteInfo>
        <ApplyToInfo>
          <ApplyTo Type="language" Value="en-US" />
        </ApplyToInfo>
      </SatelliteInfo>
      <Payload>
        <PayloadItem PayloadHash="uvbW94I3YFqe6wfd9M2GWbJNfXGED/+dVkE2UrIf5Hs=" PayloadSize="19229" Path="FeaturesOnDemand\en-us\baseless\Microsoft-Windows-NetworkLoadBalancing-Tools-FoD-Package~31bf3856ad364e35~AMD64~en-us~.cab" PayloadType="ExpressCab" />
        <PayloadItem PayloadHash="mCtPqrCUIb6zq+yh3zadZjgQbQK66rVdkQHnoYV29Q4=" PayloadSize="95387" Path="FeaturesOnDemand\en-us\baseless\Microsoft-Windows-NetworkLoadBalancing-Tools-FoD-Package~31bf3856ad364e35~AMD64~en-us~.psf" PayloadType="ExpressPSF" />
      </Payload>
    </Package>
    <Package ID="Microsoft-Windows-RasCMAK-Client-Package~31bf3856ad364e35~AMD64~en-us~" InstalledSize="219098" Version="10.0.17763.1">
      <SatelliteInfo>
        <ApplyToInfo>
          <ApplyTo Type="language" Value="en-US" />
        </ApplyToInfo>
      </SatelliteInfo>
      <Payload>
        <PayloadItem PayloadHash="6US75siZ4ibhfUydRjZIzigdvfWeWL59qPYL+GrMyGw=" PayloadSize="18755" Path="FeaturesOnDemand\en-us\baseless\Microsoft-Windows-RasCMAK-Client-Package~31bf3856ad364e35~AMD64~en-us~.cab" PayloadType="ExpressCab" />
        <PayloadItem PayloadHash="BHISFEmAYap+vqhzz1kObf6iS/x7RIjB93DtZ3YLpoM=" PayloadSize="123834" Path="FeaturesOnDemand\en-us\baseless\Microsoft-Windows-RasCMAK-Client-Package~31bf3856ad364e35~AMD64~en-us~.psf" PayloadType="ExpressPSF" />
      </Payload>
    </Package>
    <Package ID="Microsoft-Windows-RasCMAK-Client-Package~31bf3856ad364e35~wow64~en-us~" InstalledSize="394255" Version="10.0.17763.1">
      <SatelliteInfo>
        <ApplyToInfo>
          <ApplyTo Type="arch" Value="wow64" />
          <ApplyTo Type="language" Value="en-US" />
        </ApplyToInfo>
      </SatelliteInfo>
      <Payload>
        <PayloadItem PayloadHash="rJRHXgAUB3Wrw1uRuo6G2HBZiWbagoEt2rMCmpga/iM=" PayloadSize="19271" Path="FeaturesOnDemand\en-us\baseless\Microsoft-Windows-RasCMAK-Client-Package~31bf3856ad364e35~wow64~en-us~.cab" PayloadType="ExpressCab" />
        <PayloadItem PayloadHash="TXaSX9WZegXst6BeeiMlYBp6n0FzNqvzX9DeYIlC/HA=" PayloadSize="326160" Path="FeaturesOnDemand\en-us\baseless\Microsoft-Windows-RasCMAK-Client-Package~31bf3856ad364e35~wow64~en-us~.psf" PayloadType="ExpressPSF" />
      </Payload>
    </Package>
    <Package ID="Microsoft-Windows-RasRip-Package~31bf3856ad364e35~AMD64~en-us~" InstalledSize="25404" Version="10.0.17763.1">
      <SatelliteInfo>
        <ApplyToInfo>
          <ApplyTo Type="language" Value="en-US" />
        </ApplyToInfo>
      </SatelliteInfo>
      <Payload>
        <PayloadItem PayloadHash="Sr6vppUDEZp++aPrxt9QAWqNL6tbLIF+3nKbvIFaMQ0=" PayloadSize="18695" Path="FeaturesOnDemand\en-us\baseless\Microsoft-Windows-RasRip-Package~31bf3856ad364e35~AMD64~en-us~.cab" PayloadType="ExpressCab" />
        <PayloadItem PayloadHash="K29ruiO3rAqnZuHUVhyQPPWT0w/3kRyRK+ba+hckbsU=" PayloadSize="61349" Path="FeaturesOnDemand\en-us\baseless\Microsoft-Windows-RasRip-Package~31bf3856ad364e35~AMD64~en-us~.psf" PayloadType="ExpressPSF" />
      </Payload>
    </Package>
    <Package ID="Microsoft-Windows-RemoteAccess-Management-Tools-FoD-Package~31bf3856ad364e35~AMD64~en-us~" InstalledSize="18511974" Version="10.0.17763.1">
      <SatelliteInfo>
        <ApplyToInfo>
          <ApplyTo Type="language" Value="en-US" />
        </ApplyToInfo>
      </SatelliteInfo>
      <Payload>
        <PayloadItem PayloadHash="gUExRpBzGhpZViam0ovN+sXvzbQmDMrsh5dY1WCFOOU=" PayloadSize="21033" Path="FeaturesOnDemand\en-us\baseless\Microsoft-Windows-RemoteAccess-Management-Tools-FoD-Package~31bf3856ad364e35~AMD64~en-us~.cab" PayloadType="ExpressCab" />
        <PayloadItem PayloadHash="Qm4mrXQBmKkGJAKgFV3iLg0F/FWncZQmjxjpm0njVoU=" PayloadSize="3394216" Path="FeaturesOnDemand\en-us\baseless\Microsoft-Windows-RemoteAccess-Management-Tools-FoD-Package~31bf3856ad364e35~AMD64~en-us~.psf" PayloadType="ExpressPSF" />
      </Payload>
    </Package>
    <Package ID="Microsoft-Windows-RemoteAccess-Management-Tools-FoD-Package~31bf3856ad364e35~wow64~en-us~" InstalledSize="12620" Version="10.0.17763.1">
      <SatelliteInfo>
        <ApplyToInfo>
          <ApplyTo Type="arch" Value="wow64" />
          <ApplyTo Type="language" Value="en-US" />
        </ApplyToInfo>
      </SatelliteInfo>
      <Payload>
        <PayloadItem PayloadHash="zgmL/sG+492LJn5MbGlTJyFKgJSLTiMJKeS3pnsh5co=" PayloadSize="18553" Path="FeaturesOnDemand\en-us\baseless\Microsoft-Windows-RemoteAccess-Management-Tools-FoD-Package~31bf3856ad364e35~wow64~en-us~.cab" PayloadType="ExpressCab" />
        <PayloadItem PayloadHash="D653lRWSZHNHi6fLDIttd1iKYL2mEh6PRWiluDQcpV4=" PayloadSize="58360" Path="FeaturesOnDemand\en-us\baseless\Microsoft-Windows-RemoteAccess-Management-Tools-FoD-Package~31bf3856ad364e35~wow64~en-us~.psf" PayloadType="ExpressPSF" />
      </Payload>
    </Package>
    <Package ID="Microsoft-Windows-RemoteDesktop-Services-Tools-FoD-Package~31bf3856ad364e35~AMD64~en-us~" InstalledSize="1497526" Version="10.0.17763.1">
      <SatelliteInfo>
        <ApplyToInfo>
          <ApplyTo Type="language" Value="en-US" />
        </ApplyToInfo>
      </SatelliteInfo>
      <Payload>
        <PayloadItem PayloadHash="zLgbXI9/VuehbPga+iGNdt/RDmLWR0HxteylbZUFD4w=" PayloadSize="19987" Path="FeaturesOnDemand\en-us\baseless\Microsoft-Windows-RemoteDesktop-Services-Tools-FoD-Package~31bf3856ad364e35~AMD64~en-us~.cab" PayloadType="ExpressCab" />
        <PayloadItem PayloadHash="Jr1IWwfk1sIAqcVGKeSVc0xhT06JHW6mGgzIIX75hxI=" PayloadSize="297945" Path="FeaturesOnDemand\en-us\baseless\Microsoft-Windows-RemoteDesktop-Services-Tools-FoD-Package~31bf3856ad364e35~AMD64~en-us~.psf" PayloadType="ExpressPSF" />
      </Payload>
    </Package>
    <Package ID="Microsoft-Windows-Server-AppCompat-FoD-Package~31bf3856ad364e35~AMD64~en-us~" InstalledSize="27295795" Version="10.0.17763.1">
      <SatelliteInfo>
        <ApplyToInfo>
          <ApplyTo Type="language" Value="en-US" />
        </ApplyToInfo>
      </SatelliteInfo>
      <Payload>
        <PayloadItem PayloadHash="dvOmpLLaDCw4VCkCqpTnZE3ILKAcQySVKnSs8cI+ND8=" PayloadSize="86589" Path="FeaturesOnDemand\en-us\baseless\Microsoft-Windows-Server-AppCompat-FoD-Package~31bf3856ad364e35~AMD64~en-us~.cab" PayloadType="ExpressCab" />
        <PayloadItem PayloadHash="Kr+ZTvsx9CPaCsYnZj4qQOMKDjbuScm3XuP2WYtQmGI=" PayloadSize="6617490" Path="FeaturesOnDemand\en-us\baseless\Microsoft-Windows-Server-AppCompat-FoD-Package~31bf3856ad364e35~AMD64~en-us~.psf" PayloadType="ExpressPSF" />
      </Payload>
    </Package>
    <Package ID="Microsoft-Windows-ServerManager-Tools-FoD-Package~31bf3856ad364e35~AMD64~en-us~" InstalledSize="11725918" Version="10.0.17763.1">
      <SatelliteInfo>
        <ApplyToInfo>
          <ApplyTo Type="language" Value="en-US" />
        </ApplyToInfo>
      </SatelliteInfo>
      <Payload>
        <PayloadItem PayloadHash="D5dsw72FmO5trowbZ5f5FexJ8nTUAJsTHU74qGhircc=" PayloadSize="35641" Path="FeaturesOnDemand\en-us\baseless\Microsoft-Windows-ServerManager-Tools-FoD-Package~31bf3856ad364e35~AMD64~en-us~.cab" PayloadType="ExpressCab" />
        <PayloadItem PayloadHash="Z4NqS2Vh9IbJKMhPKaeFaY1JCPUHOdkInE1katKVE7U=" PayloadSize="2277771" Path="FeaturesOnDemand\en-us\baseless\Microsoft-Windows-ServerManager-Tools-FoD-Package~31bf3856ad364e35~AMD64~en-us~.psf" PayloadType="ExpressPSF" />
      </Payload>
    </Package>
    <Package ID="Microsoft-Windows-ServerManager-Tools-FoD-Package~31bf3856ad364e35~wow64~en-us~" InstalledSize="1195550" Version="10.0.17763.1">
      <SatelliteInfo>
        <ApplyToInfo>
          <ApplyTo Type="arch" Value="wow64" />
          <ApplyTo Type="language" Value="en-US" />
        </ApplyToInfo>
      </SatelliteInfo>
      <Payload>
        <PayloadItem PayloadHash="toPsx28ZNEKdfhPbfLvolj9Dgyn2DxDIwNn4Inyf9vo=" PayloadSize="19599" Path="FeaturesOnDemand\en-us\baseless\Microsoft-Windows-ServerManager-Tools-FoD-Package~31bf3856ad364e35~wow64~en-us~.cab" PayloadType="ExpressCab" />
        <PayloadItem PayloadHash="9TmnqX63Rau3XcTKim1DlEXcGd1qzPyAMoBNYRmQH8Q=" PayloadSize="364412" Path="FeaturesOnDemand\en-us\baseless\Microsoft-Windows-ServerManager-Tools-FoD-Package~31bf3856ad364e35~wow64~en-us~.psf" PayloadType="ExpressPSF" />
      </Payload>
    </Package>
    <Package ID="Microsoft-Windows-Shielded-VM-Tools-FoD-Package~31bf3856ad364e35~AMD64~en-us~" InstalledSize="366416" Version="10.0.17763.1">
      <SatelliteInfo>
        <ApplyToInfo>
          <ApplyTo Type="language" Value="en-US" />
        </ApplyToInfo>
      </SatelliteInfo>
      <Payload>
        <PayloadItem PayloadHash="qhLhQSJEO87y5SFlwyAmtC7U9A08d0P7V+gEsR92rDs=" PayloadSize="22771" Path="FeaturesOnDemand\en-us\baseless\Microsoft-Windows-Shielded-VM-Tools-FoD-Package~31bf3856ad364e35~AMD64~en-us~.cab" PayloadType="ExpressCab" />
        <PayloadItem PayloadHash="/Hov3GBn7A5902qVfnF4Di2/YLIZzw+d+Gv7Sf+QW78=" PayloadSize="171533" Path="FeaturesOnDemand\en-us\baseless\Microsoft-Windows-Shielded-VM-Tools-FoD-Package~31bf3856ad364e35~AMD64~en-us~.psf" PayloadType="ExpressPSF" />
      </Payload>
    </Package>
    <Package ID="Microsoft-Windows-SNMP-Client-Package~31bf3856ad364e35~AMD64~en-us~" InstalledSize="121219" Version="10.0.17763.1">
      <SatelliteInfo>
        <ApplyToInfo>
          <ApplyTo Type="language" Value="en-US" />
        </ApplyToInfo>
      </SatelliteInfo>
      <Payload>
        <PayloadItem PayloadHash="h1NlSUlDy6YZ95asbL06PDEDEZf8/NwzL0ZVrYOhHyM=" PayloadSize="19883" Path="FeaturesOnDemand\en-us\baseless\Microsoft-Windows-SNMP-Client-Package~31bf3856ad364e35~AMD64~en-us~.cab" PayloadType="ExpressCab" />
        <PayloadItem PayloadHash="KNi3efELr6IJnVfPweSJsodYQIB/0Fr5W5Si4NshkMU=" PayloadSize="97519" Path="FeaturesOnDemand\en-us\baseless\Microsoft-Windows-SNMP-Client-Package~31bf3856ad364e35~AMD64~en-us~.psf" PayloadType="ExpressPSF" />
      </Payload>
    </Package>
    <Package ID="Microsoft-Windows-SNMP-Client-Package~31bf3856ad364e35~wow64~en-us~" InstalledSize="121437" Version="10.0.17763.1">
      <SatelliteInfo>
        <ApplyToInfo>
          <ApplyTo Type="arch" Value="wow64" />
          <ApplyTo Type="language" Value="en-US" />
        </ApplyToInfo>
      </SatelliteInfo>
      <Payload>
        <PayloadItem PayloadHash="ed7YMMbo8yra+vAKSrkRTgHRlUcIIHSjAB622/wQX3Q=" PayloadSize="19871" Path="FeaturesOnDemand\en-us\baseless\Microsoft-Windows-SNMP-Client-Package~31bf3856ad364e35~wow64~en-us~.cab" PayloadType="ExpressCab" />
        <PayloadItem PayloadHash="QVLVaBIO2EQpFV9Eq0VqHAdY97Xli+f2rAsliTDA3jo=" PayloadSize="97271" Path="FeaturesOnDemand\en-us\baseless\Microsoft-Windows-SNMP-Client-Package~31bf3856ad364e35~wow64~en-us~.psf" PayloadType="ExpressPSF" />
      </Payload>
    </Package>
    <Package ID="Microsoft-Windows-StorageManagement-FoD-Package~31bf3856ad364e35~AMD64~en-us~" InstalledSize="1598791" Version="10.0.17763.1">
      <SatelliteInfo>
        <ApplyToInfo>
          <ApplyTo Type="language" Value="en-US" />
        </ApplyToInfo>
      </SatelliteInfo>
      <Payload>
        <PayloadItem PayloadHash="gTsmZY/rcLbPe4s89yAcy8wgMdNx5kPiUs0wizJIUxg=" PayloadSize="21037" Path="FeaturesOnDemand\en-us\baseless\Microsoft-Windows-StorageManagement-FoD-Package~31bf3856ad364e35~AMD64~en-us~.cab" PayloadType="ExpressCab" />
        <PayloadItem PayloadHash="6IPRhQ/KQ4jl0oVrDougI3Z3He3sSvXOlXa9OC57bMo=" PayloadSize="204734" Path="FeaturesOnDemand\en-us\baseless\Microsoft-Windows-StorageManagement-FoD-Package~31bf3856ad364e35~AMD64~en-us~.psf" PayloadType="ExpressPSF" />
      </Payload>
    </Package>
    <Package ID="Microsoft-Windows-StorageManagement-FoD-Package~31bf3856ad364e35~wow64~en-us~" InstalledSize="1107211" Version="10.0.17763.1">
      <SatelliteInfo>
        <ApplyToInfo>
          <ApplyTo Type="arch" Value="wow64" />
          <ApplyTo Type="language" Value="en-US" />
        </ApplyToInfo>
      </SatelliteInfo>
      <Payload>
        <PayloadItem PayloadHash="thORRaaYNJeXz10FB7iDVwebt3owtoRiV2ZkMNibpWA=" PayloadSize="20267" Path="FeaturesOnDemand\en-us\baseless\Microsoft-Windows-StorageManagement-FoD-Package~31bf3856ad364e35~wow64~en-us~.cab" PayloadType="ExpressCab" />
        <PayloadItem PayloadHash="242qXSfWgUOb0qtC5arupu35YGiLqNZuffrOVoLZM2k=" PayloadSize="137489" Path="FeaturesOnDemand\en-us\baseless\Microsoft-Windows-StorageManagement-FoD-Package~31bf3856ad364e35~wow64~en-us~.psf" PayloadType="ExpressPSF" />
      </Payload>
    </Package>
    <Package ID="Microsoft-Windows-StorageMigrationService-Management-Tools-FOD-Package~31bf3856ad364e35~AMD64~en-us~" InstalledSize="54387" Version="10.0.17763.1">
      <SatelliteInfo>
        <ApplyToInfo>
          <ApplyTo Type="language" Value="en-US" />
        </ApplyToInfo>
      </SatelliteInfo>
      <Payload>
        <PayloadItem PayloadHash="aLyExlKPOPrdI/cyiRqhkOu7PcThCteXZfdWUS/M2EI=" PayloadSize="18741" Path="FeaturesOnDemand\en-us\baseless\Microsoft-Windows-StorageMigrationService-Management-Tools-FOD-Package~31bf3856ad364e35~AMD64~en-us~.cab" PayloadType="ExpressCab" />
        <PayloadItem PayloadHash="GRD7NKJ7g3YY0/c2qVVMIfxk1pw2pkwVqbG78Ep0ra4=" PayloadSize="72186" Path="FeaturesOnDemand\en-us\baseless\Microsoft-Windows-StorageMigrationService-Management-Tools-FOD-Package~31bf3856ad364e35~AMD64~en-us~.psf" PayloadType="ExpressPSF" />
      </Payload>
    </Package>
    <Package ID="Microsoft-Windows-StorageReplica-Tools-FoD-Package~31bf3856ad364e35~AMD64~en-us~" InstalledSize="394689" Version="10.0.17763.1">
      <SatelliteInfo>
        <ApplyToInfo>
          <ApplyTo Type="language" Value="en-US" />
        </ApplyToInfo>
      </SatelliteInfo>
      <Payload>
        <PayloadItem PayloadHash="jNwH1dBQEchtqOifQsGqkNMVtetmW/9Lommzz815R2A=" PayloadSize="19303" Path="FeaturesOnDemand\en-us\baseless\Microsoft-Windows-StorageReplica-Tools-FoD-Package~31bf3856ad364e35~AMD64~en-us~.cab" PayloadType="ExpressCab" />
        <PayloadItem PayloadHash="55ij2AYNs3OAUhDG7IP1/MfHcswwix+47rgp2pdztd8=" PayloadSize="115531" Path="FeaturesOnDemand\en-us\baseless\Microsoft-Windows-StorageReplica-Tools-FoD-Package~31bf3856ad364e35~AMD64~en-us~.psf" PayloadType="ExpressPSF" />
      </Payload>
    </Package>
    <Package ID="Microsoft-Windows-SystemInsights-Management-Tools-FOD-Package~31bf3856ad364e35~AMD64~en-us~" InstalledSize="39916" Version="10.0.17763.1">
      <SatelliteInfo>
        <ApplyToInfo>
          <ApplyTo Type="language" Value="en-US" />
        </ApplyToInfo>
      </SatelliteInfo>
      <Payload>
        <PayloadItem PayloadHash="jMtrqIlmMMdNLQwXRLM1DigMVe+dVTaNW6L3d/PtQ9k=" PayloadSize="18733" Path="FeaturesOnDemand\en-us\baseless\Microsoft-Windows-SystemInsights-Management-Tools-FOD-Package~31bf3856ad364e35~AMD64~en-us~.cab" PayloadType="ExpressCab" />
        <PayloadItem PayloadHash="DJVu91tLifHOEqmJiOV2bp7zuOSdKzlJg8E5nclQ8Rk=" PayloadSize="69859" Path="FeaturesOnDemand\en-us\baseless\Microsoft-Windows-SystemInsights-Management-Tools-FOD-Package~31bf3856ad364e35~AMD64~en-us~.psf" PayloadType="ExpressPSF" />
      </Payload>
    </Package>
    <Package ID="Microsoft-Windows-VolumeActivation-Tools-FoD-Package~31bf3856ad364e35~AMD64~en-us~" InstalledSize="223163" Version="10.0.17763.1">
      <SatelliteInfo>
        <ApplyToInfo>
          <ApplyTo Type="language" Value="en-US" />
        </ApplyToInfo>
      </SatelliteInfo>
      <Payload>
        <PayloadItem PayloadHash="Kh65qEtjXWJIRo8hsmqtyux71/ngijYdNZlbLGloRZM=" PayloadSize="18803" Path="FeaturesOnDemand\en-us\baseless\Microsoft-Windows-VolumeActivation-Tools-FoD-Package~31bf3856ad364e35~AMD64~en-us~.cab" PayloadType="ExpressCab" />
        <PayloadItem PayloadHash="Gea/+PetBxA8oK12D+mUkz27zWMz+509Z979zHqwQgU=" PayloadSize="180310" Path="FeaturesOnDemand\en-us\baseless\Microsoft-Windows-VolumeActivation-Tools-FoD-Package~31bf3856ad364e35~AMD64~en-us~.psf" PayloadType="ExpressPSF" />
      </Payload>
    </Package>
    <Package ID="Microsoft-Windows-WMI-SNMP-Provider-Client-Package~31bf3856ad364e35~AMD64~en-us~" InstalledSize="53226" Version="10.0.17763.1">
      <SatelliteInfo>
        <ApplyToInfo>
          <ApplyTo Type="language" Value="en-US" />
        </ApplyToInfo>
      </SatelliteInfo>
      <Payload>
        <PayloadItem PayloadHash="zJ5JEHJjvdCdbQMmOTHfnVOJhgfAQdzRRlML/BMhK1E=" PayloadSize="19257" Path="FeaturesOnDemand\en-us\baseless\Microsoft-Windows-WMI-SNMP-Provider-Client-Package~31bf3856ad364e35~AMD64~en-us~.cab" PayloadType="ExpressCab" />
        <PayloadItem PayloadHash="z3jDBXixGOPjMNuO7Eb1xL4Q+m91UEHFLCI7JRPgFDg=" PayloadSize="73357" Path="FeaturesOnDemand\en-us\baseless\Microsoft-Windows-WMI-SNMP-Provider-Client-Package~31bf3856ad364e35~AMD64~en-us~.psf" PayloadType="ExpressPSF" />
      </Payload>
    </Package>
    <Package ID="Microsoft-Windows-WMI-SNMP-Provider-Client-Package~31bf3856ad364e35~wow64~en-us~" InstalledSize="53723" Version="10.0.17763.1">
      <SatelliteInfo>
        <ApplyToInfo>
          <ApplyTo Type="arch" Value="wow64" />
          <ApplyTo Type="language" Value="en-US" />
        </ApplyToInfo>
      </SatelliteInfo>
      <Payload>
        <PayloadItem PayloadHash="FxQlC0cOP3rTrPFj6qkt0wWWQS6FozPeAzFSn9U4hrQ=" PayloadSize="19217" Path="FeaturesOnDemand\en-us\baseless\Microsoft-Windows-WMI-SNMP-Provider-Client-Package~31bf3856ad364e35~wow64~en-us~.cab" PayloadType="ExpressCab" />
        <PayloadItem PayloadHash="9FoSCaD1rKx/JPf5G8MKuxhBJAGfkyPv7IZICAMWJJA=" PayloadSize="73709" Path="FeaturesOnDemand\en-us\baseless\Microsoft-Windows-WMI-SNMP-Provider-Client-Package~31bf3856ad364e35~wow64~en-us~.psf" PayloadType="ExpressPSF" />
      </Payload>
    </Package>
    <Package ID="Microsoft-Windows-WSUS-Tools-FoD-Package~31bf3856ad364e35~AMD64~en-us~" InstalledSize="2921252" Version="10.0.17763.1">
      <SatelliteInfo>
        <ApplyToInfo>
          <ApplyTo Type="language" Value="en-US" />
        </ApplyToInfo>
      </SatelliteInfo>
      <Payload>
        <PayloadItem PayloadHash="ZICrmUG1nkTvxLjOjDoPU9l1adWBQs1s2wCUfSp/OkE=" PayloadSize="19425" Path="FeaturesOnDemand\en-us\baseless\Microsoft-Windows-WSUS-Tools-FoD-Package~31bf3856ad364e35~AMD64~en-us~.cab" PayloadType="ExpressCab" />
        <PayloadItem PayloadHash="TpSEcIo/+3K/27y1qGGDXyaH37LgBlMb8OauQF7wbf0=" PayloadSize="393372" Path="FeaturesOnDemand\en-us\baseless\Microsoft-Windows-WSUS-Tools-FoD-Package~31bf3856ad364e35~AMD64~en-us~.psf" PayloadType="ExpressPSF" />
      </Payload>
    </Package>
  </Packages>
</CompDB>