<?xml version="1.0" encoding="utf-8"?>
<CompDB xmlns:xsi="http://www.w3.org/2001/XMLSchema-instance" xmlns:xsd="http://www.w3.org/2001/XMLSchema" CreatedDate="2018-11-15T21:32:20.8209806Z" Revision="1" SchemaVersion="1.2" Product="Desktop" BuildID="80154b57-1148-3590-c1b9-d2ce93ee1fac" BuildInfo="rs5_release.17763.1.180914-1434" OSVersion="10.0.17763.1" BuildArch="amd64" ReleaseType="Production" Type="Baseless" xmlns="http://schemas.microsoft.com/embedded/2004/10/ImageUpdate">
  <Tags Type="Language">
    <Tag Name="Language" Value="fr-FR" />
    <Tag Name="UpdateType" Value="Baseless" />
  </Tags>
  <Features>
    <Feature Type="LanguagePack" FeatureID="Language.UI.Server~fr-fr" FMID="MSDL" Group="Microsoft">
      <Packages>
        <Package ID="Microsoft-Windows-Server-LanguagePack-Package_fr-fr~31bf3856ad364e35~amd64~fr-fr~" PackageType="FeaturePackage" />
      </Packages>
    </Feature>
    <Feature Type="OnDemandFeature" FeatureID="Microsoft.Onecore.StorageManagement~~1.0" FMID="MSDN" Group="Microsoft">
      <Packages>
        <Package ID="Microsoft-OneCore-StorageManagement-FoD-Package~31bf3856ad364e35~AMD64~fr-fr~" PackageType="SatellitePackage" />
        <Package ID="Microsoft-OneCore-StorageManagement-FoD-Package~31bf3856ad364e35~wow64~fr-fr~" PackageType="SatellitePackage" />
      </Packages>
    </Feature>
    <Feature Type="OnDemandFeature" FeatureID="Rsat.ActiveDirectory.DS-LDS.Tools~~1.0" FMID="MSDN" Group="Microsoft">
      <Dependencies>
        <Feature FeatureID="Rsat.ServerManager.Tools~~1.0" />
      </Dependencies>
      <Packages>
        <Package ID="Microsoft-Windows-ActiveDirectory-DS-LDS-Tools-FoD-Package~31bf3856ad364e35~AMD64~fr-fr~" PackageType="SatellitePackage" />
        <Package ID="Microsoft-Windows-ActiveDirectory-DS-LDS-Tools-FoD-Package~31bf3856ad364e35~wow64~fr-fr~" PackageType="SatellitePackage" />
      </Packages>
    </Feature>
    <Feature Type="OnDemandFeature" FeatureID="Rsat.BitLocker.Recovery.Tools~~1.0" FMID="MSDN" Group="Microsoft">
      <Dependencies>
        <Feature FeatureID="Rsat.ActiveDirectory.DS-LDS.Tools~~1.0" />
      </Dependencies>
      <Packages>
        <Package ID="Microsoft-Windows-BitLocker-Recovery-Tools-FoD-Package~31bf3856ad364e35~AMD64~fr-fr~" PackageType="SatellitePackage" />
      </Packages>
    </Feature>
    <Feature Type="OnDemandFeature" FeatureID="Rsat.CertificateServices.Tools~~1.0" FMID="MSDN" Group="Microsoft">
      <Packages>
        <Package ID="Microsoft-Windows-CertificateServices-Tools-FoD-Package~31bf3856ad364e35~AMD64~fr-fr~" PackageType="SatellitePackage" />
      </Packages>
    </Feature>
    <Feature Type="OnDemandFeature" FeatureID="Rsat.DHCP.Tools~~1.0" FMID="MSDN" Group="Microsoft">
      <Packages>
        <Package ID="Microsoft-Windows-DHCP-Tools-FoD-Package~31bf3856ad364e35~AMD64~fr-fr~" PackageType="SatellitePackage" />
        <Package ID="Microsoft-Windows-DHCP-Tools-FoD-Package~31bf3856ad364e35~wow64~fr-fr~" PackageType="SatellitePackage" />
      </Packages>
    </Feature>
    <Feature Type="OnDemandFeature" FeatureID="Rsat.Dns.Tools~~1.0" FMID="MSDN" Group="Microsoft">
      <Packages>
        <Package ID="Microsoft-Windows-DNS-Tools-FoD-Package~31bf3856ad364e35~AMD64~fr-fr~" PackageType="SatellitePackage" />
        <Package ID="Microsoft-Windows-DNS-Tools-FoD-Package~31bf3856ad364e35~wow64~fr-fr~" PackageType="SatellitePackage" />
      </Packages>
    </Feature>
    <Feature Type="OnDemandFeature" FeatureID="Rsat.FailoverCluster.Management.Tools~~1.0" FMID="MSDN" Group="Microsoft">
      <Dependencies>
        <Feature FeatureID="Rsat.FileServices.Tools~~1.0" />
      </Dependencies>
      <Packages>
        <Package ID="Microsoft-Windows-FailoverCluster-Management-Tools-FOD-Package~31bf3856ad364e35~AMD64~fr-fr~" PackageType="SatellitePackage" />
        <Package ID="Microsoft-Windows-FailoverCluster-Management-Tools-FOD-Package~31bf3856ad364e35~wow64~fr-fr~" PackageType="SatellitePackage" />
      </Packages>
    </Feature>
    <Feature Type="OnDemandFeature" FeatureID="Rsat.FileServices.Tools~~1.0" FMID="MSDN" Group="Microsoft">
      <Dependencies>
        <Feature FeatureID="Rsat.ServerManager.Tools~~1.0" />
      </Dependencies>
      <Packages>
        <Package ID="Microsoft-Windows-FileServices-Tools-FoD-Package~31bf3856ad364e35~AMD64~fr-fr~" PackageType="SatellitePackage" />
        <Package ID="Microsoft-Windows-FileServices-Tools-FoD-Package~31bf3856ad364e35~wow64~fr-fr~" PackageType="SatellitePackage" />
      </Packages>
    </Feature>
    <Feature Type="OnDemandFeature" FeatureID="Rsat.GroupPolicy.Management.Tools~~1.0" FMID="MSDN" Group="Microsoft">
      <Packages>
        <Package ID="Microsoft-Windows-GroupPolicy-Management-Tools-FoD-Package~31bf3856ad364e35~AMD64~fr-fr~" PackageType="SatellitePackage" />
        <Package ID="Microsoft-Windows-GroupPolicy-Management-Tools-FoD-Package~31bf3856ad364e35~wow64~fr-fr~" PackageType="SatellitePackage" />
      </Packages>
    </Feature>
    <Feature Type="OnDemandFeature" FeatureID="Rsat.IPAM.Client.Tools~~1.0" FMID="MSDN" Group="Microsoft">
      <Dependencies>
        <Feature FeatureID="Rsat.ServerManager.Tools~~1.0" />
      </Dependencies>
      <Packages>
        <Package ID="Microsoft-Windows-IPAM-Client-FoD-Package~31bf3856ad364e35~AMD64~fr-fr~" PackageType="SatellitePackage" />
        <Package ID="Microsoft-Windows-IPAM-Client-FoD-Package~31bf3856ad364e35~wow64~fr-fr~" PackageType="SatellitePackage" />
      </Packages>
    </Feature>
    <Feature Type="OnDemandFeature" FeatureID="Rsat.NetworkController.Tools~~1.0" FMID="MSDN" Group="Microsoft">
      <Packages>
        <Package ID="Microsoft-Windows-NetworkController-Tools-FoD-Package~31bf3856ad364e35~AMD64~fr-fr~" PackageType="SatellitePackage" />
      </Packages>
    </Feature>
    <Feature Type="OnDemandFeature" FeatureID="Rsat.NetworkLoadBalancing.Tools~~1.0" FMID="MSDN" Group="Microsoft">
      <Packages>
        <Package ID="Microsoft-Windows-NetworkLoadBalancing-Tools-FoD-Package~31bf3856ad364e35~AMD64~fr-fr~" PackageType="SatellitePackage" />
      </Packages>
    </Feature>
    <Feature Type="OnDemandFeature" FeatureID="RasCMAK.Client~~1.0" FMID="MSDN" Group="Microsoft">
      <Packages>
        <Package ID="Microsoft-Windows-RasCMAK-Client-Package~31bf3856ad364e35~AMD64~fr-fr~" PackageType="SatellitePackage" />
        <Package ID="Microsoft-Windows-RasCMAK-Client-Package~31bf3856ad364e35~wow64~fr-fr~" PackageType="SatellitePackage" />
      </Packages>
    </Feature>
    <Feature Type="OnDemandFeature" FeatureID="RIP.Listener~~1.0" FMID="MSDN" Group="Microsoft">
      <Packages>
        <Package ID="Microsoft-Windows-RasRip-Package~31bf3856ad364e35~AMD64~fr-fr~" PackageType="SatellitePackage" />
      </Packages>
    </Feature>
    <Feature Type="OnDemandFeature" FeatureID="Rsat.RemoteAccess.Management.Tools~~1.0" FMID="MSDN" Group="Microsoft">
      <Dependencies>
        <Feature FeatureID="Rsat.GroupPolicy.Management.Tools~~1.0" />
        <Feature FeatureID="Rsat.ServerManager.Tools~~1.0" />
      </Dependencies>
      <Packages>
        <Package ID="Microsoft-Windows-RemoteAccess-Management-Tools-FoD-Package~31bf3856ad364e35~AMD64~fr-fr~" PackageType="SatellitePackage" />
        <Package ID="Microsoft-Windows-RemoteAccess-Management-Tools-FoD-Package~31bf3856ad364e35~wow64~fr-fr~" PackageType="SatellitePackage" />
      </Packages>
    </Feature>
    <Feature Type="OnDemandFeature" FeatureID="Rsat.RemoteDesktop.Services.Tools~~1.0" FMID="MSDN" Group="Microsoft">
      <Packages>
        <Package ID="Microsoft-Windows-RemoteDesktop-Services-Tools-FoD-Package~31bf3856ad364e35~AMD64~fr-fr~" PackageType="SatellitePackage" />
      </Packages>
    </Feature>
    <Feature Type="OnDemandFeature" FeatureID="ServerCore.AppCompatibility~~1.0" FMID="MSDN" Group="Microsoft">
      <Packages>
        <Package ID="Microsoft-Windows-Server-AppCompat-FoD-Package~31bf3856ad364e35~AMD64~fr-fr~" PackageType="SatellitePackage" />
      </Packages>
    </Feature>
    <Feature Type="OnDemandFeature" FeatureID="Rsat.ServerManager.Tools~~1.0" FMID="MSDN" Group="Microsoft">
      <Packages>
        <Package ID="Microsoft-Windows-ServerManager-Tools-FoD-Package~31bf3856ad364e35~AMD64~fr-fr~" PackageType="SatellitePackage" />
        <Package ID="Microsoft-Windows-ServerManager-Tools-FoD-Package~31bf3856ad364e35~wow64~fr-fr~" PackageType="SatellitePackage" />
      </Packages>
    </Feature>
    <Feature Type="OnDemandFeature" FeatureID="Rsat.Shielded.VM.Tools~~1.0" FMID="MSDN" Group="Microsoft">
      <Dependencies>
        <Feature FeatureID="Rsat.ServerManager.Tools~~1.0" />
      </Dependencies>
      <Packages>
        <Package ID="Microsoft-Windows-Shielded-VM-Tools-FoD-Package~31bf3856ad364e35~AMD64~fr-fr~" PackageType="SatellitePackage" />
      </Packages>
    </Feature>
    <Feature Type="OnDemandFeature" FeatureID="SNMP.Client~~1.0" FMID="MSDN" Group="Microsoft">
      <Packages>
        <Package ID="Microsoft-Windows-SNMP-Client-Package~31bf3856ad364e35~AMD64~fr-fr~" PackageType="SatellitePackage" />
        <Package ID="Microsoft-Windows-SNMP-Client-Package~31bf3856ad364e35~wow64~fr-fr~" PackageType="SatellitePackage" />
      </Packages>
    </Feature>
    <Feature Type="OnDemandFeature" FeatureID="Microsoft.Windows.StorageManagement~~1.0" FMID="MSDN" Group="Microsoft">
      <Packages>
        <Package ID="Microsoft-Windows-StorageManagement-FoD-Package~31bf3856ad364e35~AMD64~fr-fr~" PackageType="SatellitePackage" />
        <Package ID="Microsoft-Windows-StorageManagement-FoD-Package~31bf3856ad364e35~wow64~fr-fr~" PackageType="SatellitePackage" />
      </Packages>
    </Feature>
    <Feature Type="OnDemandFeature" FeatureID="Rsat.StorageMigrationService.Management.Tools~~1.0" FMID="MSDN" Group="Microsoft">
      <Packages>
        <Package ID="Microsoft-Windows-StorageMigrationService-Management-Tools-FOD-Package~31bf3856ad364e35~AMD64~fr-fr~" PackageType="SatellitePackage" />
      </Packages>
    </Feature>
    <Feature Type="OnDemandFeature" FeatureID="Rsat.StorageReplica.Tools~~1.0" FMID="MSDN" Group="Microsoft">
      <Packages>
        <Package ID="Microsoft-Windows-StorageReplica-Tools-FoD-Package~31bf3856ad364e35~AMD64~fr-fr~" PackageType="SatellitePackage" />
      </Packages>
    </Feature>
    <Feature Type="OnDemandFeature" FeatureID="Rsat.SystemInsights.Management.Tools~~1.0" FMID="MSDN" Group="Microsoft">
      <Packages>
        <Package ID="Microsoft-Windows-SystemInsights-Management-Tools-FOD-Package~31bf3856ad364e35~AMD64~fr-fr~" PackageType="SatellitePackage" />
      </Packages>
    </Feature>
    <Feature Type="OnDemandFeature" FeatureID="Rsat.VolumeActivation.Tools~~1.0" FMID="MSDN" Group="Microsoft">
      <Packages>
        <Package ID="Microsoft-Windows-VolumeActivation-Tools-FoD-Package~31bf3856ad364e35~AMD64~fr-fr~" PackageType="SatellitePackage" />
      </Packages>
    </Feature>
    <Feature Type="OnDemandFeature" FeatureID="WMI-SNMP-Provider.Client~~1.0" FMID="MSDN" Group="Microsoft">
      <Dependencies>
        <Feature FeatureID="SNMP.Client~~1.0" />
      </Dependencies>
      <Packages>
        <Package ID="Microsoft-Windows-WMI-SNMP-Provider-Client-Package~31bf3856ad364e35~AMD64~fr-fr~" PackageType="SatellitePackage" />
        <Package ID="Microsoft-Windows-WMI-SNMP-Provider-Client-Package~31bf3856ad364e35~wow64~fr-fr~" PackageType="SatellitePackage" />
      </Packages>
    </Feature>
    <Feature Type="OnDemandFeature" FeatureID="Rsat.WSUS.Tools~~1.0" FMID="MSDN" Group="Microsoft">
      <Packages>
        <Package ID="Microsoft-Windows-WSUS-Tools-FoD-Package~31bf3856ad364e35~AMD64~fr-fr~" PackageType="SatellitePackage" />
      </Packages>
    </Feature>
  </Features>
  <Packages>
    <Package ID="Microsoft-Windows-Server-LanguagePack-Package_fr-fr~31bf3856ad364e35~amd64~fr-fr~" InstalledSize="1185300397" Version="10.0.17763.1">
      <SatelliteInfo>
        <DeclareInfo>
          <Declare Type="language" Value="fr-FR" />
        </DeclareInfo>
      </SatelliteInfo>
      <Payload>
        <PayloadItem PayloadHash="6a7NBMOIOFRH+PFdycl+bMcr1LFLIdQ6gmvn7fNcAhQ=" PayloadSize="1669071" Path="UUP\Desktop\editionpackages\Server\fr-fr\baseless\Microsoft-Windows-Server-LanguagePack-Package_fr-fr~31bf3856ad364e35~amd64~fr-fr~.cab" PayloadType="ExpressCab" />
        <PayloadItem PayloadHash="lASaL4TmZuZu9XahCxFrbZ6d82c+Mz8iWSkaltY4XHA=" PayloadSize="79283691" Path="UUP\Desktop\editionpackages\Server\fr-fr\baseless\Microsoft-Windows-Server-LanguagePack-Package_fr-fr~31bf3856ad364e35~amd64~fr-fr~.psf" PayloadType="ExpressPSF" />
      </Payload>
    </Package>
    <Package ID="Microsoft-OneCore-StorageManagement-FoD-Package~31bf3856ad364e35~AMD64~fr-fr~" InstalledSize="1971728" Version="10.0.17763.1">
      <SatelliteInfo>
        <ApplyToInfo>
          <ApplyTo Type="language" Value="fr-FR" />
        </ApplyToInfo>
      </SatelliteInfo>
      <Payload>
        <PayloadItem PayloadHash="KTGXgeG/0rLhIszHhK6k7oDJeMrlHElHf24ZHZFEIh4=" PayloadSize="20809" Path="FeaturesOnDemand\fr-fr\baseless\Microsoft-OneCore-StorageManagement-FoD-Package~31bf3856ad364e35~AMD64~fr-fr~.cab" PayloadType="ExpressCab" />
        <PayloadItem PayloadHash="E1I2HV0W/mMT9bKmsfVP84Ag+FLeqWrNiiBFTnve/2w=" PayloadSize="208698" Path="FeaturesOnDemand\fr-fr\baseless\Microsoft-OneCore-StorageManagement-FoD-Package~31bf3856ad364e35~AMD64~fr-fr~.psf" PayloadType="ExpressPSF" />
      </Payload>
    </Package>
    <Package ID="Microsoft-OneCore-StorageManagement-FoD-Package~31bf3856ad364e35~wow64~fr-fr~" InstalledSize="1079717" Version="10.0.17763.1">
      <SatelliteInfo>
        <ApplyToInfo>
          <ApplyTo Type="arch" Value="wow64" />
          <ApplyTo Type="language" Value="fr-FR" />
        </ApplyToInfo>
      </SatelliteInfo>
      <Payload>
        <PayloadItem PayloadHash="pTfTXRC2iKVtQnOeDC0w4XHoM5NgetvViIkFfE6aiak=" PayloadSize="18783" Path="FeaturesOnDemand\fr-fr\baseless\Microsoft-OneCore-StorageManagement-FoD-Package~31bf3856ad364e35~wow64~fr-fr~.cab" PayloadType="ExpressCab" />
        <PayloadItem PayloadHash="08T+9E6W8hjvxqPsZQIuG+IWoKdnDo+L7uW/KLtYTkU=" PayloadSize="117116" Path="FeaturesOnDemand\fr-fr\baseless\Microsoft-OneCore-StorageManagement-FoD-Package~31bf3856ad364e35~wow64~fr-fr~.psf" PayloadType="ExpressPSF" />
      </Payload>
    </Package>
    <Package ID="Microsoft-Windows-ActiveDirectory-DS-LDS-Tools-FoD-Package~31bf3856ad364e35~AMD64~fr-fr~" InstalledSize="6244635" Version="10.0.17763.1">
      <SatelliteInfo>
        <ApplyToInfo>
          <ApplyTo Type="language" Value="fr-FR" />
        </ApplyToInfo>
      </SatelliteInfo>
      <Payload>
        <PayloadItem PayloadHash="ePg5lmqTk7UqtL3jE9bb/RYyEgWVarjCYjJy4+eqYp8=" PayloadSize="27915" Path="FeaturesOnDemand\fr-fr\baseless\Microsoft-Windows-ActiveDirectory-DS-LDS-Tools-FoD-Package~31bf3856ad364e35~AMD64~fr-fr~.cab" PayloadType="ExpressCab" />
        <PayloadItem PayloadHash="G91l2LB0joJ4a3y+kn/qMfwKoiPUXmetIuxoJbKs+Tc=" PayloadSize="1002918" Path="FeaturesOnDemand\fr-fr\baseless\Microsoft-Windows-ActiveDirectory-DS-LDS-Tools-FoD-Package~31bf3856ad364e35~AMD64~fr-fr~.psf" PayloadType="ExpressPSF" />
      </Payload>
    </Package>
    <Package ID="Microsoft-Windows-ActiveDirectory-DS-LDS-Tools-FoD-Package~31bf3856ad364e35~wow64~fr-fr~" InstalledSize="827009" Version="10.0.17763.1">
      <SatelliteInfo>
        <ApplyToInfo>
          <ApplyTo Type="arch" Value="wow64" />
          <ApplyTo Type="language" Value="fr-FR" />
        </ApplyToInfo>
      </SatelliteInfo>
      <Payload>
        <PayloadItem PayloadHash="/23IAg9lF3UNHdvcSA+8pDfyUUg+zK9mcTbA5u/d00Y=" PayloadSize="20067" Path="FeaturesOnDemand\fr-fr\baseless\Microsoft-Windows-ActiveDirectory-DS-LDS-Tools-FoD-Package~31bf3856ad364e35~wow64~fr-fr~.cab" PayloadType="ExpressCab" />
        <PayloadItem PayloadHash="kqN4yWq6B08fM0VHpj/umoagIsNMXYECcBmUg0/Agd8=" PayloadSize="165683" Path="FeaturesOnDemand\fr-fr\baseless\Microsoft-Windows-ActiveDirectory-DS-LDS-Tools-FoD-Package~31bf3856ad364e35~wow64~fr-fr~.psf" PayloadType="ExpressPSF" />
      </Payload>
    </Package>
    <Package ID="Microsoft-Windows-BitLocker-Recovery-Tools-FoD-Package~31bf3856ad364e35~AMD64~fr-fr~" InstalledSize="35689" Version="10.0.17763.1">
      <SatelliteInfo>
        <ApplyToInfo>
          <ApplyTo Type="language" Value="fr-FR" />
        </ApplyToInfo>
      </SatelliteInfo>
      <Payload>
        <PayloadItem PayloadHash="skiQu4IeQiuiTYBNdAt5ZRKdbuyQkLZuWJwaX7wfoWA=" PayloadSize="18965" Path="FeaturesOnDemand\fr-fr\baseless\Microsoft-Windows-BitLocker-Recovery-Tools-FoD-Package~31bf3856ad364e35~AMD64~fr-fr~.cab" PayloadType="ExpressCab" />
        <PayloadItem PayloadHash="0WqHc9NIhE9qm8tqsh39qGvXrS+mUS3djLLu4pUOfH8=" PayloadSize="67910" Path="FeaturesOnDemand\fr-fr\baseless\Microsoft-Windows-BitLocker-Recovery-Tools-FoD-Package~31bf3856ad364e35~AMD64~fr-fr~.psf" PayloadType="ExpressPSF" />
      </Payload>
    </Package>
    <Package ID="Microsoft-Windows-CertificateServices-Tools-FoD-Package~31bf3856ad364e35~AMD64~fr-fr~" InstalledSize="1070991" Version="10.0.17763.1">
      <SatelliteInfo>
        <ApplyToInfo>
          <ApplyTo Type="language" Value="fr-FR" />
        </ApplyToInfo>
      </SatelliteInfo>
      <Payload>
        <PayloadItem PayloadHash="UiKiO+tVLy5oj3ympUbV3HNfKGxU/RGt7Yz/s2sL3Xg=" PayloadSize="20967" Path="FeaturesOnDemand\fr-fr\baseless\Microsoft-Windows-CertificateServices-Tools-FoD-Package~31bf3856ad364e35~AMD64~fr-fr~.cab" PayloadType="ExpressCab" />
        <PayloadItem PayloadHash="oVegDLpPWKeES8pQ4lbmvygVu0w1DNVTknkKRgaYEi8=" PayloadSize="210603" Path="FeaturesOnDemand\fr-fr\baseless\Microsoft-Windows-CertificateServices-Tools-FoD-Package~31bf3856ad364e35~AMD64~fr-fr~.psf" PayloadType="ExpressPSF" />
      </Payload>
    </Package>
    <Package ID="Microsoft-Windows-DHCP-Tools-FoD-Package~31bf3856ad364e35~AMD64~fr-fr~" InstalledSize="1912433" Version="10.0.17763.1">
      <SatelliteInfo>
        <ApplyToInfo>
          <ApplyTo Type="language" Value="fr-FR" />
        </ApplyToInfo>
      </SatelliteInfo>
      <Payload>
        <PayloadItem PayloadHash="kQFDwMYG4bHTPImevxQ1JTming6GR0Ns3kI5n2lVh78=" PayloadSize="19537" Path="FeaturesOnDemand\fr-fr\baseless\Microsoft-Windows-DHCP-Tools-FoD-Package~31bf3856ad364e35~AMD64~fr-fr~.cab" PayloadType="ExpressCab" />
        <PayloadItem PayloadHash="pp8aij9s4hykGjVvPNhdg6zHwnnrBXoJWcgqwyNU4KM=" PayloadSize="220583" Path="FeaturesOnDemand\fr-fr\baseless\Microsoft-Windows-DHCP-Tools-FoD-Package~31bf3856ad364e35~AMD64~fr-fr~.psf" PayloadType="ExpressPSF" />
      </Payload>
    </Package>
    <Package ID="Microsoft-Windows-DHCP-Tools-FoD-Package~31bf3856ad364e35~wow64~fr-fr~" InstalledSize="523742" Version="10.0.17763.1">
      <SatelliteInfo>
        <ApplyToInfo>
          <ApplyTo Type="arch" Value="wow64" />
          <ApplyTo Type="language" Value="fr-FR" />
        </ApplyToInfo>
      </SatelliteInfo>
      <Payload>
        <PayloadItem PayloadHash="2kfc9oHgO5ZJBbVPuM8vBXAzC3jdxByJCDkNbfDO2Qc=" PayloadSize="18801" Path="FeaturesOnDemand\fr-fr\baseless\Microsoft-Windows-DHCP-Tools-FoD-Package~31bf3856ad364e35~wow64~fr-fr~.cab" PayloadType="ExpressCab" />
        <PayloadItem PayloadHash="58HKiww0bbPqGUUc26jrh72SU0qYi42b/zFF+6Mr/RU=" PayloadSize="102902" Path="FeaturesOnDemand\fr-fr\baseless\Microsoft-Windows-DHCP-Tools-FoD-Package~31bf3856ad364e35~wow64~fr-fr~.psf" PayloadType="ExpressPSF" />
      </Payload>
    </Package>
    <Package ID="Microsoft-Windows-DNS-Tools-FoD-Package~31bf3856ad364e35~AMD64~fr-fr~" InstalledSize="2047772" Version="10.0.17763.1">
      <SatelliteInfo>
        <ApplyToInfo>
          <ApplyTo Type="language" Value="fr-FR" />
        </ApplyToInfo>
      </SatelliteInfo>
      <Payload>
        <PayloadItem PayloadHash="BxjSNPAb3FhSxZ6q+t2YXvz0xBeM2bXNJtXOwM1ywm8=" PayloadSize="19999" Path="FeaturesOnDemand\fr-fr\baseless\Microsoft-Windows-DNS-Tools-FoD-Package~31bf3856ad364e35~AMD64~fr-fr~.cab" PayloadType="ExpressCab" />
        <PayloadItem PayloadHash="WHlfqAK40X/3u/6KUEH/yGImACZncC/Ae83SU8Grf8c=" PayloadSize="256154" Path="FeaturesOnDemand\fr-fr\baseless\Microsoft-Windows-DNS-Tools-FoD-Package~31bf3856ad364e35~AMD64~fr-fr~.psf" PayloadType="ExpressPSF" />
      </Payload>
    </Package>
    <Package ID="Microsoft-Windows-DNS-Tools-FoD-Package~31bf3856ad364e35~wow64~fr-fr~" InstalledSize="13653" Version="10.0.17763.1">
      <SatelliteInfo>
        <ApplyToInfo>
          <ApplyTo Type="arch" Value="wow64" />
          <ApplyTo Type="language" Value="fr-FR" />
        </ApplyToInfo>
      </SatelliteInfo>
      <Payload>
        <PayloadItem PayloadHash="CHay9AdcsO9llUPjbysAHx7r+EWSt5iT5Plxz/nf+cU=" PayloadSize="18409" Path="FeaturesOnDemand\fr-fr\baseless\Microsoft-Windows-DNS-Tools-FoD-Package~31bf3856ad364e35~wow64~fr-fr~.cab" PayloadType="ExpressCab" />
        <PayloadItem PayloadHash="DyzDAxCMQ5dAInuoPy+OV3hjA0YIfqtSHqZQD9IWLec=" PayloadSize="58863" Path="FeaturesOnDemand\fr-fr\baseless\Microsoft-Windows-DNS-Tools-FoD-Package~31bf3856ad364e35~wow64~fr-fr~.psf" PayloadType="ExpressPSF" />
      </Payload>
    </Package>
    <Package ID="Microsoft-Windows-FailoverCluster-Management-Tools-FOD-Package~31bf3856ad364e35~AMD64~fr-fr~" InstalledSize="9130633" Version="10.0.17763.1">
      <SatelliteInfo>
        <ApplyToInfo>
          <ApplyTo Type="language" Value="fr-FR" />
        </ApplyToInfo>
      </SatelliteInfo>
      <Payload>
        <PayloadItem PayloadHash="8lMo4zWnlAE2fFyoaRlP2na1FMhJuwAK5fNMdYby+hE=" PayloadSize="27101" Path="FeaturesOnDemand\fr-fr\baseless\Microsoft-Windows-FailoverCluster-Management-Tools-FOD-Package~31bf3856ad364e35~AMD64~fr-fr~.cab" PayloadType="ExpressCab" />
        <PayloadItem PayloadHash="TGvYXgTlKYhiLf7ECrWpjqd+ELVVtBjzczN37h3Efd8=" PayloadSize="2495174" Path="FeaturesOnDemand\fr-fr\baseless\Microsoft-Windows-FailoverCluster-Management-Tools-FOD-Package~31bf3856ad364e35~AMD64~fr-fr~.psf" PayloadType="ExpressPSF" />
      </Payload>
    </Package>
    <Package ID="Microsoft-Windows-FailoverCluster-Management-Tools-FOD-Package~31bf3856ad364e35~wow64~fr-fr~" InstalledSize="80161" Version="10.0.17763.1">
      <SatelliteInfo>
        <ApplyToInfo>
          <ApplyTo Type="arch" Value="wow64" />
          <ApplyTo Type="language" Value="fr-FR" />
        </ApplyToInfo>
      </SatelliteInfo>
      <Payload>
        <PayloadItem PayloadHash="8kUyHHq/tctGMoqstDe1eFj1/P+BwzINfKA83j6nXpw=" PayloadSize="19657" Path="FeaturesOnDemand\fr-fr\baseless\Microsoft-Windows-FailoverCluster-Management-Tools-FOD-Package~31bf3856ad364e35~wow64~fr-fr~.cab" PayloadType="ExpressCab" />
        <PayloadItem PayloadHash="g1Ckmip9zObsv5nGZ2IhezuH6Vy79v1svpfdM6eI1pI=" PayloadSize="88200" Path="FeaturesOnDemand\fr-fr\baseless\Microsoft-Windows-FailoverCluster-Management-Tools-FOD-Package~31bf3856ad364e35~wow64~fr-fr~.psf" PayloadType="ExpressPSF" />
      </Payload>
    </Package>
    <Package ID="Microsoft-Windows-FileServices-Tools-FoD-Package~31bf3856ad364e35~AMD64~fr-fr~" InstalledSize="4389028" Version="10.0.17763.1">
      <SatelliteInfo>
        <ApplyToInfo>
          <ApplyTo Type="language" Value="fr-FR" />
        </ApplyToInfo>
      </SatelliteInfo>
      <Payload>
        <PayloadItem PayloadHash="lX4zOaJ0W1sAuU8TCUO33XYm/mSEzNBZUq8pidoq1YI=" PayloadSize="24353" Path="FeaturesOnDemand\fr-fr\baseless\Microsoft-Windows-FileServices-Tools-FoD-Package~31bf3856ad364e35~AMD64~fr-fr~.cab" PayloadType="ExpressCab" />
        <PayloadItem PayloadHash="mH2hJVOHxHbZxWF0k50Hkrf2414oSs/hiE3bzOymWkk=" PayloadSize="654562" Path="FeaturesOnDemand\fr-fr\baseless\Microsoft-Windows-FileServices-Tools-FoD-Package~31bf3856ad364e35~AMD64~fr-fr~.psf" PayloadType="ExpressPSF" />
      </Payload>
    </Package>
    <Package ID="Microsoft-Windows-FileServices-Tools-FoD-Package~31bf3856ad364e35~wow64~fr-fr~" InstalledSize="191968" Version="10.0.17763.1">
      <SatelliteInfo>
        <ApplyToInfo>
          <ApplyTo Type="arch" Value="wow64" />
          <ApplyTo Type="language" Value="fr-FR" />
        </ApplyToInfo>
      </SatelliteInfo>
      <Payload>
        <PayloadItem PayloadHash="qsOvKU84+sGJY2rN6hrEPYC+Q2zm2TvBTCW7L2nft7c=" PayloadSize="19325" Path="FeaturesOnDemand\fr-fr\baseless\Microsoft-Windows-FileServices-Tools-FoD-Package~31bf3856ad364e35~wow64~fr-fr~.cab" PayloadType="ExpressCab" />
        <PayloadItem PayloadHash="Ap2sDnBTR6It+WOqvUxcrkH+SimGvY2m4XmdFnYzLvs=" PayloadSize="88605" Path="FeaturesOnDemand\fr-fr\baseless\Microsoft-Windows-FileServices-Tools-FoD-Package~31bf3856ad364e35~wow64~fr-fr~.psf" PayloadType="ExpressPSF" />
      </Payload>
    </Package>
    <Package ID="Microsoft-Windows-GroupPolicy-Management-Tools-FoD-Package~31bf3856ad364e35~AMD64~fr-fr~" InstalledSize="2426653" Version="10.0.17763.1">
      <SatelliteInfo>
        <ApplyToInfo>
          <ApplyTo Type="language" Value="fr-FR" />
        </ApplyToInfo>
      </SatelliteInfo>
      <Payload>
        <PayloadItem PayloadHash="JOhWJUzbbjM+AzEK7MENTTE3JwoHmF0Fk7io0Z6+9sY=" PayloadSize="22629" Path="FeaturesOnDemand\fr-fr\baseless\Microsoft-Windows-GroupPolicy-Management-Tools-FoD-Package~31bf3856ad364e35~AMD64~fr-fr~.cab" PayloadType="ExpressCab" />
        <PayloadItem PayloadHash="uta5FLSUZIlR6g8bh1EUB7yQbzwVgPU+6b+4p2pn9YI=" PayloadSize="368251" Path="FeaturesOnDemand\fr-fr\baseless\Microsoft-Windows-GroupPolicy-Management-Tools-FoD-Package~31bf3856ad364e35~AMD64~fr-fr~.psf" PayloadType="ExpressPSF" />
      </Payload>
    </Package>
    <Package ID="Microsoft-Windows-GroupPolicy-Management-Tools-FoD-Package~31bf3856ad364e35~wow64~fr-fr~" InstalledSize="337070" Version="10.0.17763.1">
      <SatelliteInfo>
        <ApplyToInfo>
          <ApplyTo Type="arch" Value="wow64" />
          <ApplyTo Type="language" Value="fr-FR" />
        </ApplyToInfo>
      </SatelliteInfo>
      <Payload>
        <PayloadItem PayloadHash="CnEnitb3Ss0rw2pLTwN7ETSDuebSrYk5zozqdz/1Ve8=" PayloadSize="19091" Path="FeaturesOnDemand\fr-fr\baseless\Microsoft-Windows-GroupPolicy-Management-Tools-FoD-Package~31bf3856ad364e35~wow64~fr-fr~.cab" PayloadType="ExpressCab" />
        <PayloadItem PayloadHash="oxA4PXal/6O7LYKndiq90bcxvE+nZ8G1HjhnkYgbpzg=" PayloadSize="102364" Path="FeaturesOnDemand\fr-fr\baseless\Microsoft-Windows-GroupPolicy-Management-Tools-FoD-Package~31bf3856ad364e35~wow64~fr-fr~.psf" PayloadType="ExpressPSF" />
      </Payload>
    </Package>
    <Package ID="Microsoft-Windows-IPAM-Client-FoD-Package~31bf3856ad364e35~AMD64~fr-fr~" InstalledSize="121006" Version="10.0.17763.1">
      <SatelliteInfo>
        <ApplyToInfo>
          <ApplyTo Type="language" Value="fr-FR" />
        </ApplyToInfo>
      </SatelliteInfo>
      <Payload>
        <PayloadItem PayloadHash="NlTkoNa1mFjdyCMYPprnZY1iV7mPO7U3l6jwuht7VQM=" PayloadSize="18781" Path="FeaturesOnDemand\fr-fr\baseless\Microsoft-Windows-IPAM-Client-FoD-Package~31bf3856ad364e35~AMD64~fr-fr~.cab" PayloadType="ExpressCab" />
        <PayloadItem PayloadHash="lumImGTH6X1CYOIp8wT98ZAKhD9MUVhgOcjQQX6cwHQ=" PayloadSize="72926" Path="FeaturesOnDemand\fr-fr\baseless\Microsoft-Windows-IPAM-Client-FoD-Package~31bf3856ad364e35~AMD64~fr-fr~.psf" PayloadType="ExpressPSF" />
      </Payload>
    </Package>
    <Package ID="Microsoft-Windows-IPAM-Client-FoD-Package~31bf3856ad364e35~wow64~fr-fr~" InstalledSize="28725" Version="10.0.17763.1">
      <SatelliteInfo>
        <ApplyToInfo>
          <ApplyTo Type="arch" Value="wow64" />
          <ApplyTo Type="language" Value="fr-FR" />
        </ApplyToInfo>
      </SatelliteInfo>
      <Payload>
        <PayloadItem PayloadHash="qMmRn1A2LHZ+KEFvkRXRf0NfsE7JkxpsVjNpx+ZbEPA=" PayloadSize="18333" Path="FeaturesOnDemand\fr-fr\baseless\Microsoft-Windows-IPAM-Client-FoD-Package~31bf3856ad364e35~wow64~fr-fr~.cab" PayloadType="ExpressCab" />
        <PayloadItem PayloadHash="7JqeivPIJGaO6IjKlmO0k2irezlBoF6XRGjYWjCEItk=" PayloadSize="61566" Path="FeaturesOnDemand\fr-fr\baseless\Microsoft-Windows-IPAM-Client-FoD-Package~31bf3856ad364e35~wow64~fr-fr~.psf" PayloadType="ExpressPSF" />
      </Payload>
    </Package>
    <Package ID="Microsoft-Windows-NetworkController-Tools-FoD-Package~31bf3856ad364e35~AMD64~fr-fr~" InstalledSize="74748" Version="10.0.17763.1">
      <SatelliteInfo>
        <ApplyToInfo>
          <ApplyTo Type="language" Value="fr-FR" />
        </ApplyToInfo>
      </SatelliteInfo>
      <Payload>
        <PayloadItem PayloadHash="lnfQ8ufJs1mJcw/9kqMoc7ijABxAfbV26GfGU7dh3f4=" PayloadSize="18833" Path="FeaturesOnDemand\fr-fr\baseless\Microsoft-Windows-NetworkController-Tools-FoD-Package~31bf3856ad364e35~AMD64~fr-fr~.cab" PayloadType="ExpressCab" />
        <PayloadItem PayloadHash="r4wkiI45tqw8QzXA1G0Q5NRR2PREDOO1Hg617XWyzmI=" PayloadSize="80781" Path="FeaturesOnDemand\fr-fr\baseless\Microsoft-Windows-NetworkController-Tools-FoD-Package~31bf3856ad364e35~AMD64~fr-fr~.psf" PayloadType="ExpressPSF" />
      </Payload>
    </Package>
    <Package ID="Microsoft-Windows-NetworkLoadBalancing-Tools-FoD-Package~31bf3856ad364e35~AMD64~fr-fr~" InstalledSize="252150" Version="10.0.17763.1">
      <SatelliteInfo>
        <ApplyToInfo>
          <ApplyTo Type="language" Value="fr-FR" />
        </ApplyToInfo>
      </SatelliteInfo>
      <Payload>
        <PayloadItem PayloadHash="Ow7l7PZbugGYIw4X/6+zP4q3UDowT65hz5MecqdDUJ8=" PayloadSize="19373" Path="FeaturesOnDemand\fr-fr\baseless\Microsoft-Windows-NetworkLoadBalancing-Tools-FoD-Package~31bf3856ad364e35~AMD64~fr-fr~.cab" PayloadType="ExpressCab" />
        <PayloadItem PayloadHash="XK6wUKFknieyu9SI8hDwxMz3u3kSpJVyBJhAOOYwt70=" PayloadSize="101764" Path="FeaturesOnDemand\fr-fr\baseless\Microsoft-Windows-NetworkLoadBalancing-Tools-FoD-Package~31bf3856ad364e35~AMD64~fr-fr~.psf" PayloadType="ExpressPSF" />
      </Payload>
    </Package>
    <Package ID="Microsoft-Windows-RasCMAK-Client-Package~31bf3856ad364e35~AMD64~fr-fr~" InstalledSize="241223" Version="10.0.17763.1">
      <SatelliteInfo>
        <ApplyToInfo>
          <ApplyTo Type="language" Value="fr-FR" />
        </ApplyToInfo>
      </SatelliteInfo>
      <Payload>
        <PayloadItem PayloadHash="ELKxh6hKwKWdFfEPfgkMlV/QcZDMC+98ElrErjwLO1A=" PayloadSize="19187" Path="FeaturesOnDemand\fr-fr\baseless\Microsoft-Windows-RasCMAK-Client-Package~31bf3856ad364e35~AMD64~fr-fr~.cab" PayloadType="ExpressCab" />
        <PayloadItem PayloadHash="J2INduiCkNPCL2MfGNu/sG57JKNK4hje/DYzsx3cJIs=" PayloadSize="126381" Path="FeaturesOnDemand\fr-fr\baseless\Microsoft-Windows-RasCMAK-Client-Package~31bf3856ad364e35~AMD64~fr-fr~.psf" PayloadType="ExpressPSF" />
      </Payload>
    </Package>
    <Package ID="Microsoft-Windows-RasCMAK-Client-Package~31bf3856ad364e35~wow64~fr-fr~" InstalledSize="503791" Version="10.0.17763.1">
      <SatelliteInfo>
        <ApplyToInfo>
          <ApplyTo Type="arch" Value="wow64" />
          <ApplyTo Type="language" Value="fr-FR" />
        </ApplyToInfo>
      </SatelliteInfo>
      <Payload>
        <PayloadItem PayloadHash="FTr5TmNANFAW9ee+nbLwU857b9hRos8baJJxaadmW0U=" PayloadSize="19325" Path="FeaturesOnDemand\fr-fr\baseless\Microsoft-Windows-RasCMAK-Client-Package~31bf3856ad364e35~wow64~fr-fr~.cab" PayloadType="ExpressCab" />
        <PayloadItem PayloadHash="L+OrlV2MrF7QJhU9b2STzoz76I2wE6mNtiPfvm9pc+8=" PayloadSize="403048" Path="FeaturesOnDemand\fr-fr\baseless\Microsoft-Windows-RasCMAK-Client-Package~31bf3856ad364e35~wow64~fr-fr~.psf" PayloadType="ExpressPSF" />
      </Payload>
    </Package>
    <Package ID="Microsoft-Windows-RasRip-Package~31bf3856ad364e35~AMD64~fr-fr~" InstalledSize="27543" Version="10.0.17763.1">
      <SatelliteInfo>
        <ApplyToInfo>
          <ApplyTo Type="language" Value="fr-FR" />
        </ApplyToInfo>
      </SatelliteInfo>
      <Payload>
        <PayloadItem PayloadHash="doK4Dg1IM/CUutIo+wgkZ/RRS/fbe1u9hkzBh/kuHYc=" PayloadSize="18729" Path="FeaturesOnDemand\fr-fr\baseless\Microsoft-Windows-RasRip-Package~31bf3856ad364e35~AMD64~fr-fr~.cab" PayloadType="ExpressCab" />
        <PayloadItem PayloadHash="93ZZB847878b0m1xTn0wedcFSJXpf1SENTdwNngPXHI=" PayloadSize="62030" Path="FeaturesOnDemand\fr-fr\baseless\Microsoft-Windows-RasRip-Package~31bf3856ad364e35~AMD64~fr-fr~.psf" PayloadType="ExpressPSF" />
      </Payload>
    </Package>
    <Package ID="Microsoft-Windows-RemoteAccess-Management-Tools-FoD-Package~31bf3856ad364e35~AMD64~fr-fr~" InstalledSize="18784191" Version="10.0.17763.1">
      <SatelliteInfo>
        <ApplyToInfo>
          <ApplyTo Type="language" Value="fr-FR" />
        </ApplyToInfo>
      </SatelliteInfo>
      <Payload>
        <PayloadItem PayloadHash="xRwezudKx+KFNY1uVTxdaUv2eEIyIaUoG2RfLw7nW40=" PayloadSize="21659" Path="FeaturesOnDemand\fr-fr\baseless\Microsoft-Windows-RemoteAccess-Management-Tools-FoD-Package~31bf3856ad364e35~AMD64~fr-fr~.cab" PayloadType="ExpressCab" />
        <PayloadItem PayloadHash="1qzEIpTx2z0l71Ndg0iO63LAN/KgQTMXTs2hsQ/xTps=" PayloadSize="3494546" Path="FeaturesOnDemand\fr-fr\baseless\Microsoft-Windows-RemoteAccess-Management-Tools-FoD-Package~31bf3856ad364e35~AMD64~fr-fr~.psf" PayloadType="ExpressPSF" />
      </Payload>
    </Package>
    <Package ID="Microsoft-Windows-RemoteAccess-Management-Tools-FoD-Package~31bf3856ad364e35~wow64~fr-fr~" InstalledSize="13730" Version="10.0.17763.1">
      <SatelliteInfo>
        <ApplyToInfo>
          <ApplyTo Type="arch" Value="wow64" />
          <ApplyTo Type="language" Value="fr-FR" />
        </ApplyToInfo>
      </SatelliteInfo>
      <Payload>
        <PayloadItem PayloadHash="CZ0uSDwha8iQiv+99BPAhLi6+U5GZaDm0gxTzhLfo8U=" PayloadSize="18595" Path="FeaturesOnDemand\fr-fr\baseless\Microsoft-Windows-RemoteAccess-Management-Tools-FoD-Package~31bf3856ad364e35~wow64~fr-fr~.cab" PayloadType="ExpressCab" />
        <PayloadItem PayloadHash="+tjawPyhZWv41n0avdVqmd3hf0maZ8uqhC3mlx+ZT10=" PayloadSize="59007" Path="FeaturesOnDemand\fr-fr\baseless\Microsoft-Windows-RemoteAccess-Management-Tools-FoD-Package~31bf3856ad364e35~wow64~fr-fr~.psf" PayloadType="ExpressPSF" />
      </Payload>
    </Package>
    <Package ID="Microsoft-Windows-RemoteDesktop-Services-Tools-FoD-Package~31bf3856ad364e35~AMD64~fr-fr~" InstalledSize="1569078" Version="10.0.17763.1">
      <SatelliteInfo>
        <ApplyToInfo>
          <ApplyTo Type="language" Value="fr-FR" />
        </ApplyToInfo>
      </SatelliteInfo>
      <Payload>
        <PayloadItem PayloadHash="fE0K+TL4TiNsA0J18M6ou2kcXgNj5b67bwRgQU0IYho=" PayloadSize="20701" Path="FeaturesOnDemand\fr-fr\baseless\Microsoft-Windows-RemoteDesktop-Services-Tools-FoD-Package~31bf3856ad364e35~AMD64~fr-fr~.cab" PayloadType="ExpressCab" />
        <PayloadItem PayloadHash="M8pgUK/mCXpfAEvcB1JI5OGUTvlWLeKbdwflcXGT8SE=" PayloadSize="308985" Path="FeaturesOnDemand\fr-fr\baseless\Microsoft-Windows-RemoteDesktop-Services-Tools-FoD-Package~31bf3856ad364e35~AMD64~fr-fr~.psf" PayloadType="ExpressPSF" />
      </Payload>
    </Package>
    <Package ID="Microsoft-Windows-Server-AppCompat-FoD-Package~31bf3856ad364e35~AMD64~fr-fr~" InstalledSize="29108677" Version="10.0.17763.1">
      <SatelliteInfo>
        <ApplyToInfo>
          <ApplyTo Type="language" Value="fr-FR" />
        </ApplyToInfo>
      </SatelliteInfo>
      <Payload>
        <PayloadItem PayloadHash="OIfhtyE74urqSacHftbl25WhgyQ13obH6pb0OGlNz88=" PayloadSize="95625" Path="FeaturesOnDemand\fr-fr\baseless\Microsoft-Windows-Server-AppCompat-FoD-Package~31bf3856ad364e35~AMD64~fr-fr~.cab" PayloadType="ExpressCab" />
        <PayloadItem PayloadHash="ATeQ8e0HZwpSOX42Eb5bxDAMtEtNMNROA9CTEbR+2pg=" PayloadSize="6934810" Path="FeaturesOnDemand\fr-fr\baseless\Microsoft-Windows-Server-AppCompat-FoD-Package~31bf3856ad364e35~AMD64~fr-fr~.psf" PayloadType="ExpressPSF" />
      </Payload>
    </Package>
    <Package ID="Microsoft-Windows-ServerManager-Tools-FoD-Package~31bf3856ad364e35~AMD64~fr-fr~" InstalledSize="12132487" Version="10.0.17763.1">
      <SatelliteInfo>
        <ApplyToInfo>
          <ApplyTo Type="language" Value="fr-FR" />
        </ApplyToInfo>
      </SatelliteInfo>
      <Payload>
        <PayloadItem PayloadHash="v2j5z6i/1Il/3yqFpqRn+M+plPHHC6KjFp2IzQ7DnHM=" PayloadSize="38379" Path="FeaturesOnDemand\fr-fr\baseless\Microsoft-Windows-ServerManager-Tools-FoD-Package~31bf3856ad364e35~AMD64~fr-fr~.cab" PayloadType="ExpressCab" />
        <PayloadItem PayloadHash="w2vG+Jmf8jgHzJOu4NoMohmnqpoTnFTCQqcu63VRWXc=" PayloadSize="2350812" Path="FeaturesOnDemand\fr-fr\baseless\Microsoft-Windows-ServerManager-Tools-FoD-Package~31bf3856ad364e35~AMD64~fr-fr~.psf" PayloadType="ExpressPSF" />
      </Payload>
    </Package>
    <Package ID="Microsoft-Windows-ServerManager-Tools-FoD-Package~31bf3856ad364e35~wow64~fr-fr~" InstalledSize="1242839" Version="10.0.17763.1">
      <SatelliteInfo>
        <ApplyToInfo>
          <ApplyTo Type="arch" Value="wow64" />
          <ApplyTo Type="language" Value="fr-FR" />
        </ApplyToInfo>
      </SatelliteInfo>
      <Payload>
        <PayloadItem PayloadHash="h+KG/lpTQVGmEvGWlxWSzEK/VNrzrB586pn4e7vrwqA=" PayloadSize="19681" Path="FeaturesOnDemand\fr-fr\baseless\Microsoft-Windows-ServerManager-Tools-FoD-Package~31bf3856ad364e35~wow64~fr-fr~.cab" PayloadType="ExpressCab" />
        <PayloadItem PayloadHash="r4MQYQekWxKRoj15KSMj5JNUSOiX42x88scgIG632aU=" PayloadSize="368807" Path="FeaturesOnDemand\fr-fr\baseless\Microsoft-Windows-ServerManager-Tools-FoD-Package~31bf3856ad364e35~wow64~fr-fr~.psf" PayloadType="ExpressPSF" />
      </Payload>
    </Package>
    <Package ID="Microsoft-Windows-Shielded-VM-Tools-FoD-Package~31bf3856ad364e35~AMD64~fr-fr~" InstalledSize="414792" Version="10.0.17763.1">
      <SatelliteInfo>
        <ApplyToInfo>
          <ApplyTo Type="language" Value="fr-FR" />
        </ApplyToInfo>
      </SatelliteInfo>
      <Payload>
        <PayloadItem PayloadHash="W8qyEXPjPkcIP4f1nvxvOm4xezHnINNNC2i24/k9usw=" PayloadSize="23643" Path="FeaturesOnDemand\fr-fr\baseless\Microsoft-Windows-Shielded-VM-Tools-FoD-Package~31bf3856ad364e35~AMD64~fr-fr~.cab" PayloadType="ExpressCab" />
        <PayloadItem PayloadHash="/xC95bf/6iAYmum+d4jdBVd63FtL+5CFafalNhmQPI8=" PayloadSize="186418" Path="FeaturesOnDemand\fr-fr\baseless\Microsoft-Windows-Shielded-VM-Tools-FoD-Package~31bf3856ad364e35~AMD64~fr-fr~.psf" PayloadType="ExpressPSF" />
      </Payload>
    </Package>
    <Package ID="Microsoft-Windows-SNMP-Client-Package~31bf3856ad364e35~AMD64~fr-fr~" InstalledSize="146597" Version="10.0.17763.1">
      <SatelliteInfo>
        <ApplyToInfo>
          <ApplyTo Type="language" Value="fr-FR" />
        </ApplyToInfo>
      </SatelliteInfo>
      <Payload>
        <PayloadItem PayloadHash="0jO3T9g8DYTlBFYWnHB4SIAhtvq8yBxBXZ2GjCcXK7w=" PayloadSize="20139" Path="FeaturesOnDemand\fr-fr\baseless\Microsoft-Windows-SNMP-Client-Package~31bf3856ad364e35~AMD64~fr-fr~.cab" PayloadType="ExpressCab" />
        <PayloadItem PayloadHash="Aqwnog9hni4gfUOnkFHXfYA8Fvu+NL/VU1UTB0rRsfk=" PayloadSize="102961" Path="FeaturesOnDemand\fr-fr\baseless\Microsoft-Windows-SNMP-Client-Package~31bf3856ad364e35~AMD64~fr-fr~.psf" PayloadType="ExpressPSF" />
      </Payload>
    </Package>
    <Package ID="Microsoft-Windows-SNMP-Client-Package~31bf3856ad364e35~wow64~fr-fr~" InstalledSize="146950" Version="10.0.17763.1">
      <SatelliteInfo>
        <ApplyToInfo>
          <ApplyTo Type="arch" Value="wow64" />
          <ApplyTo Type="language" Value="fr-FR" />
        </ApplyToInfo>
      </SatelliteInfo>
      <Payload>
        <PayloadItem PayloadHash="kicjAJj8SgWWOf/cmErxf1Xi7CdjLv1te+FqJTeLoLk=" PayloadSize="20129" Path="FeaturesOnDemand\fr-fr\baseless\Microsoft-Windows-SNMP-Client-Package~31bf3856ad364e35~wow64~fr-fr~.cab" PayloadType="ExpressCab" />
        <PayloadItem PayloadHash="52WeLzaUXzSTzieBa8rFvToXRCBP0DLLFzXImqAv0RU=" PayloadSize="103579" Path="FeaturesOnDemand\fr-fr\baseless\Microsoft-Windows-SNMP-Client-Package~31bf3856ad364e35~wow64~fr-fr~.psf" PayloadType="ExpressPSF" />
      </Payload>
    </Package>
    <Package ID="Microsoft-Windows-StorageManagement-FoD-Package~31bf3856ad364e35~AMD64~fr-fr~" InstalledSize="1622828" Version="10.0.17763.1">
      <SatelliteInfo>
        <ApplyToInfo>
          <ApplyTo Type="language" Value="fr-FR" />
        </ApplyToInfo>
      </SatelliteInfo>
      <Payload>
        <PayloadItem PayloadHash="Farm7/8v4mIe01NI12go+f/GL1c0EX7V/JBVn6DqyDM=" PayloadSize="21639" Path="FeaturesOnDemand\fr-fr\baseless\Microsoft-Windows-StorageManagement-FoD-Package~31bf3856ad364e35~AMD64~fr-fr~.cab" PayloadType="ExpressCab" />
        <PayloadItem PayloadHash="N6fdIt6Oabybfah9SbXTjpy/ENT8h02zZqXFphuPeOQ=" PayloadSize="211357" Path="FeaturesOnDemand\fr-fr\baseless\Microsoft-Windows-StorageManagement-FoD-Package~31bf3856ad364e35~AMD64~fr-fr~.psf" PayloadType="ExpressPSF" />
      </Payload>
    </Package>
    <Package ID="Microsoft-Windows-StorageManagement-FoD-Package~31bf3856ad364e35~wow64~fr-fr~" InstalledSize="1119984" Version="10.0.17763.1">
      <SatelliteInfo>
        <ApplyToInfo>
          <ApplyTo Type="arch" Value="wow64" />
          <ApplyTo Type="language" Value="fr-FR" />
        </ApplyToInfo>
      </SatelliteInfo>
      <Payload>
        <PayloadItem PayloadHash="FIH9733i0dCw7Y83cMfELb4nYGLhtiJaw5qCWbUQivI=" PayloadSize="20087" Path="FeaturesOnDemand\fr-fr\baseless\Microsoft-Windows-StorageManagement-FoD-Package~31bf3856ad364e35~wow64~fr-fr~.cab" PayloadType="ExpressCab" />
        <PayloadItem PayloadHash="2zD8VIMOrFtVqGACEZMaT0nfVwVFxGHP5uESpBTcWFw=" PayloadSize="140881" Path="FeaturesOnDemand\fr-fr\baseless\Microsoft-Windows-StorageManagement-FoD-Package~31bf3856ad364e35~wow64~fr-fr~.psf" PayloadType="ExpressPSF" />
      </Payload>
    </Package>
    <Package ID="Microsoft-Windows-StorageMigrationService-Management-Tools-FOD-Package~31bf3856ad364e35~AMD64~fr-fr~" InstalledSize="61176" Version="10.0.17763.1">
      <SatelliteInfo>
        <ApplyToInfo>
          <ApplyTo Type="language" Value="fr-FR" />
        </ApplyToInfo>
      </SatelliteInfo>
      <Payload>
        <PayloadItem PayloadHash="zyFTbZ7Gs2bn9SN/nJJO3ZX7rS2/HkZri7UUI6gT1qA=" PayloadSize="18985" Path="FeaturesOnDemand\fr-fr\baseless\Microsoft-Windows-StorageMigrationService-Management-Tools-FOD-Package~31bf3856ad364e35~AMD64~fr-fr~.cab" PayloadType="ExpressCab" />
        <PayloadItem PayloadHash="6JzwTORHnwSYNgazRRl2yi4PTd32bShZ1DYeGZ9yhG4=" PayloadSize="74271" Path="FeaturesOnDemand\fr-fr\baseless\Microsoft-Windows-StorageMigrationService-Management-Tools-FOD-Package~31bf3856ad364e35~AMD64~fr-fr~.psf" PayloadType="ExpressPSF" />
      </Payload>
    </Package>
    <Package ID="Microsoft-Windows-StorageReplica-Tools-FoD-Package~31bf3856ad364e35~AMD64~fr-fr~" InstalledSize="444330" Version="10.0.17763.1">
      <SatelliteInfo>
        <ApplyToInfo>
          <ApplyTo Type="language" Value="fr-FR" />
        </ApplyToInfo>
      </SatelliteInfo>
      <Payload>
        <PayloadItem PayloadHash="beJfsQ4IVCdeczrF96FBjHN2sOF7VSl0Rv+fR3/GP+I=" PayloadSize="19171" Path="FeaturesOnDemand\fr-fr\baseless\Microsoft-Windows-StorageReplica-Tools-FoD-Package~31bf3856ad364e35~AMD64~fr-fr~.cab" PayloadType="ExpressCab" />
        <PayloadItem PayloadHash="Y8pdUGqc3oSF7L10G8Bh/NeLSJWp4dEo8QeCOA3Tgqg=" PayloadSize="120571" Path="FeaturesOnDemand\fr-fr\baseless\Microsoft-Windows-StorageReplica-Tools-FoD-Package~31bf3856ad364e35~AMD64~fr-fr~.psf" PayloadType="ExpressPSF" />
      </Payload>
    </Package>
    <Package ID="Microsoft-Windows-SystemInsights-Management-Tools-FOD-Package~31bf3856ad364e35~AMD64~fr-fr~" InstalledSize="44506" Version="10.0.17763.1">
      <SatelliteInfo>
        <ApplyToInfo>
          <ApplyTo Type="language" Value="fr-FR" />
        </ApplyToInfo>
      </SatelliteInfo>
      <Payload>
        <PayloadItem PayloadHash="QLKlJ/a60vhe7ztD1jQb3nVOoieFVk3TiwqNjd3c+9M=" PayloadSize="18963" Path="FeaturesOnDemand\fr-fr\baseless\Microsoft-Windows-SystemInsights-Management-Tools-FOD-Package~31bf3856ad364e35~AMD64~fr-fr~.cab" PayloadType="ExpressCab" />
        <PayloadItem PayloadHash="IfLzLp+INSFZoPiZmjUdEpQUQxd+fZV67oo21F56D1Y=" PayloadSize="71085" Path="FeaturesOnDemand\fr-fr\baseless\Microsoft-Windows-SystemInsights-Management-Tools-FOD-Package~31bf3856ad364e35~AMD64~fr-fr~.psf" PayloadType="ExpressPSF" />
      </Payload>
    </Package>
    <Package ID="Microsoft-Windows-VolumeActivation-Tools-FoD-Package~31bf3856ad364e35~AMD64~fr-fr~" InstalledSize="228697" Version="10.0.17763.1">
      <SatelliteInfo>
        <ApplyToInfo>
          <ApplyTo Type="language" Value="fr-FR" />
        </ApplyToInfo>
      </SatelliteInfo>
      <Payload>
        <PayloadItem PayloadHash="qzcZ2iLgytSuPftlh2q6dQrlixIPh997FdnJ7rlIgd0=" PayloadSize="18467" Path="FeaturesOnDemand\fr-fr\baseless\Microsoft-Windows-VolumeActivation-Tools-FoD-Package~31bf3856ad364e35~AMD64~fr-fr~.cab" PayloadType="ExpressCab" />
        <PayloadItem PayloadHash="O8clov7n/M+G689pkHnjgwZUPRa2hlxWhrzwPbXuMeE=" PayloadSize="181268" Path="FeaturesOnDemand\fr-fr\baseless\Microsoft-Windows-VolumeActivation-Tools-FoD-Package~31bf3856ad364e35~AMD64~fr-fr~.psf" PayloadType="ExpressPSF" />
      </Payload>
    </Package>
    <Package ID="Microsoft-Windows-WMI-SNMP-Provider-Client-Package~31bf3856ad364e35~AMD64~fr-fr~" InstalledSize="57179" Version="10.0.17763.1">
      <SatelliteInfo>
        <ApplyToInfo>
          <ApplyTo Type="language" Value="fr-FR" />
        </ApplyToInfo>
      </SatelliteInfo>
      <Payload>
        <PayloadItem PayloadHash="XOXCvYw7a1zKb1E3eN7aU7Of7vf3wgecLCfIXR7xTw4=" PayloadSize="19115" Path="FeaturesOnDemand\fr-fr\baseless\Microsoft-Windows-WMI-SNMP-Provider-Client-Package~31bf3856ad364e35~AMD64~fr-fr~.cab" PayloadType="ExpressCab" />
        <PayloadItem PayloadHash="7h2n/kL/e2BiTFKajr6qx2Lde/O2cDHWTmC12G3PqVY=" PayloadSize="73987" Path="FeaturesOnDemand\fr-fr\baseless\Microsoft-Windows-WMI-SNMP-Provider-Client-Package~31bf3856ad364e35~AMD64~fr-fr~.psf" PayloadType="ExpressPSF" />
      </Payload>
    </Package>
    <Package ID="Microsoft-Windows-WMI-SNMP-Provider-Client-Package~31bf3856ad364e35~wow64~fr-fr~" InstalledSize="57275" Version="10.0.17763.1">
      <SatelliteInfo>
        <ApplyToInfo>
          <ApplyTo Type="arch" Value="wow64" />
          <ApplyTo Type="language" Value="fr-FR" />
        </ApplyToInfo>
      </SatelliteInfo>
      <Payload>
        <PayloadItem PayloadHash="JB/X8r65Ou/nftavPGZ62UiwEUNfNPY2avSlLk5vT+8=" PayloadSize="18893" Path="FeaturesOnDemand\fr-fr\baseless\Microsoft-Windows-WMI-SNMP-Provider-Client-Package~31bf3856ad364e35~wow64~fr-fr~.cab" PayloadType="ExpressCab" />
        <PayloadItem PayloadHash="OnO1+sRdiC0dqrMDWjtNOGKkDmiLuIF1CLrflatqsuY=" PayloadSize="74237" Path="FeaturesOnDemand\fr-fr\baseless\Microsoft-Windows-WMI-SNMP-Provider-Client-Package~31bf3856ad364e35~wow64~fr-fr~.psf" PayloadType="ExpressPSF" />
      </Payload>
    </Package>
    <Package ID="Microsoft-Windows-WSUS-Tools-FoD-Package~31bf3856ad364e35~AMD64~fr-fr~" InstalledSize="2945905" Version="10.0.17763.1">
      <SatelliteInfo>
        <ApplyToInfo>
          <ApplyTo Type="language" Value="fr-FR" />
        </ApplyToInfo>
      </SatelliteInfo>
      <Payload>
        <PayloadItem PayloadHash="1fFDzx5D9ZOaJyLoDYxJQiY4U/+cXY7VL60dXs/9caU=" PayloadSize="19945" Path="FeaturesOnDemand\fr-fr\baseless\Microsoft-Windows-WSUS-Tools-FoD-Package~31bf3856ad364e35~AMD64~fr-fr~.cab" PayloadType="ExpressCab" />
        <PayloadItem PayloadHash="WdHu3LC0RLqxPpehgZ6rlxr6C+lwNzm6WXZ07jCLIxQ=" PayloadSize="388588" Path="FeaturesOnDemand\fr-fr\baseless\Microsoft-Windows-WSUS-Tools-FoD-Package~31bf3856ad364e35~AMD64~fr-fr~.psf" PayloadType="ExpressPSF" />
      </Payload>
    </Package>
  </Packages>
</CompDB>