<?xml version="1.0" encoding="utf-8"?>
<CompDB xmlns:xsi="http://www.w3.org/2001/XMLSchema-instance" xmlns:xsd="http://www.w3.org/2001/XMLSchema" CreatedDate="2018-11-15T21:15:17.9016644Z" Revision="1" SchemaVersion="1.2" Product="Desktop" BuildID="80154b57-1148-3590-c1b9-d2ce93ee1fac" BuildInfo="rs5_release.17763.1.180914-1434" OSVersion="10.0.17763.1" BuildArch="amd64" ReleaseType="Production" Type="Baseless" xmlns="http://schemas.microsoft.com/embedded/2004/10/ImageUpdate">
  <Tags Type="Language">
    <Tag Name="Language" Value="fi-FI" />
    <Tag Name="UpdateType" Value="Baseless" />
  </Tags>
  <Features>
    <Feature Type="LanguagePack" FeatureID="Language.UI.Server~fi-fi" FMID="MSDL" Group="Microsoft">
      <Packages>
        <Package ID="Microsoft-Windows-Server-LanguagePack-Package_fi-fi~31bf3856ad364e35~amd64~fi-fi~" PackageType="FeaturePackage" />
      </Packages>
    </Feature>
    <Feature Type="OnDemandFeature" FeatureID="Microsoft.Onecore.StorageManagement~~1.0" FMID="MSDN" Group="Microsoft">
      <Packages>
        <Package ID="Microsoft-OneCore-StorageManagement-FoD-Package~31bf3856ad364e35~AMD64~fi-fi~" PackageType="SatellitePackage" />
        <Package ID="Microsoft-OneCore-StorageManagement-FoD-Package~31bf3856ad364e35~wow64~fi-fi~" PackageType="SatellitePackage" />
      </Packages>
    </Feature>
    <Feature Type="OnDemandFeature" FeatureID="Rsat.ActiveDirectory.DS-LDS.Tools~~1.0" FMID="MSDN" Group="Microsoft">
      <Dependencies>
        <Feature FeatureID="Rsat.ServerManager.Tools~~1.0" />
      </Dependencies>
      <Packages>
        <Package ID="Microsoft-Windows-ActiveDirectory-DS-LDS-Tools-FoD-Package~31bf3856ad364e35~AMD64~fi-fi~" PackageType="SatellitePackage" />
        <Package ID="Microsoft-Windows-ActiveDirectory-DS-LDS-Tools-FoD-Package~31bf3856ad364e35~wow64~fi-fi~" PackageType="SatellitePackage" />
      </Packages>
    </Feature>
    <Feature Type="OnDemandFeature" FeatureID="Rsat.BitLocker.Recovery.Tools~~1.0" FMID="MSDN" Group="Microsoft">
      <Dependencies>
        <Feature FeatureID="Rsat.ActiveDirectory.DS-LDS.Tools~~1.0" />
      </Dependencies>
      <Packages>
        <Package ID="Microsoft-Windows-BitLocker-Recovery-Tools-FoD-Package~31bf3856ad364e35~AMD64~fi-fi~" PackageType="SatellitePackage" />
      </Packages>
    </Feature>
    <Feature Type="OnDemandFeature" FeatureID="Rsat.CertificateServices.Tools~~1.0" FMID="MSDN" Group="Microsoft">
      <Packages>
        <Package ID="Microsoft-Windows-CertificateServices-Tools-FoD-Package~31bf3856ad364e35~AMD64~fi-fi~" PackageType="SatellitePackage" />
      </Packages>
    </Feature>
    <Feature Type="OnDemandFeature" FeatureID="Rsat.DHCP.Tools~~1.0" FMID="MSDN" Group="Microsoft">
      <Packages>
        <Package ID="Microsoft-Windows-DHCP-Tools-FoD-Package~31bf3856ad364e35~AMD64~fi-fi~" PackageType="SatellitePackage" />
        <Package ID="Microsoft-Windows-DHCP-Tools-FoD-Package~31bf3856ad364e35~wow64~fi-fi~" PackageType="SatellitePackage" />
      </Packages>
    </Feature>
    <Feature Type="OnDemandFeature" FeatureID="Rsat.Dns.Tools~~1.0" FMID="MSDN" Group="Microsoft">
      <Packages>
        <Package ID="Microsoft-Windows-DNS-Tools-FoD-Package~31bf3856ad364e35~AMD64~fi-fi~" PackageType="SatellitePackage" />
        <Package ID="Microsoft-Windows-DNS-Tools-FoD-Package~31bf3856ad364e35~wow64~fi-fi~" PackageType="SatellitePackage" />
      </Packages>
    </Feature>
    <Feature Type="OnDemandFeature" FeatureID="Rsat.FailoverCluster.Management.Tools~~1.0" FMID="MSDN" Group="Microsoft">
      <Dependencies>
        <Feature FeatureID="Rsat.FileServices.Tools~~1.0" />
      </Dependencies>
      <Packages>
        <Package ID="Microsoft-Windows-FailoverCluster-Management-Tools-FOD-Package~31bf3856ad364e35~AMD64~fi-fi~" PackageType="SatellitePackage" />
        <Package ID="Microsoft-Windows-FailoverCluster-Management-Tools-FOD-Package~31bf3856ad364e35~wow64~fi-fi~" PackageType="SatellitePackage" />
      </Packages>
    </Feature>
    <Feature Type="OnDemandFeature" FeatureID="Rsat.FileServices.Tools~~1.0" FMID="MSDN" Group="Microsoft">
      <Dependencies>
        <Feature FeatureID="Rsat.ServerManager.Tools~~1.0" />
      </Dependencies>
      <Packages>
        <Package ID="Microsoft-Windows-FileServices-Tools-FoD-Package~31bf3856ad364e35~AMD64~fi-fi~" PackageType="SatellitePackage" />
        <Package ID="Microsoft-Windows-FileServices-Tools-FoD-Package~31bf3856ad364e35~wow64~fi-fi~" PackageType="SatellitePackage" />
      </Packages>
    </Feature>
    <Feature Type="OnDemandFeature" FeatureID="Rsat.GroupPolicy.Management.Tools~~1.0" FMID="MSDN" Group="Microsoft">
      <Packages>
        <Package ID="Microsoft-Windows-GroupPolicy-Management-Tools-FoD-Package~31bf3856ad364e35~AMD64~fi-fi~" PackageType="SatellitePackage" />
        <Package ID="Microsoft-Windows-GroupPolicy-Management-Tools-FoD-Package~31bf3856ad364e35~wow64~fi-fi~" PackageType="SatellitePackage" />
      </Packages>
    </Feature>
    <Feature Type="OnDemandFeature" FeatureID="Rsat.IPAM.Client.Tools~~1.0" FMID="MSDN" Group="Microsoft">
      <Dependencies>
        <Feature FeatureID="Rsat.ServerManager.Tools~~1.0" />
      </Dependencies>
      <Packages>
        <Package ID="Microsoft-Windows-IPAM-Client-FoD-Package~31bf3856ad364e35~AMD64~fi-fi~" PackageType="SatellitePackage" />
        <Package ID="Microsoft-Windows-IPAM-Client-FoD-Package~31bf3856ad364e35~wow64~fi-fi~" PackageType="SatellitePackage" />
      </Packages>
    </Feature>
    <Feature Type="OnDemandFeature" FeatureID="Rsat.NetworkController.Tools~~1.0" FMID="MSDN" Group="Microsoft">
      <Packages>
        <Package ID="Microsoft-Windows-NetworkController-Tools-FoD-Package~31bf3856ad364e35~AMD64~fi-fi~" PackageType="SatellitePackage" />
      </Packages>
    </Feature>
    <Feature Type="OnDemandFeature" FeatureID="Rsat.NetworkLoadBalancing.Tools~~1.0" FMID="MSDN" Group="Microsoft">
      <Packages>
        <Package ID="Microsoft-Windows-NetworkLoadBalancing-Tools-FoD-Package~31bf3856ad364e35~AMD64~fi-fi~" PackageType="SatellitePackage" />
      </Packages>
    </Feature>
    <Feature Type="OnDemandFeature" FeatureID="RasCMAK.Client~~1.0" FMID="MSDN" Group="Microsoft">
      <Packages>
        <Package ID="Microsoft-Windows-RasCMAK-Client-Package~31bf3856ad364e35~AMD64~fi-fi~" PackageType="SatellitePackage" />
        <Package ID="Microsoft-Windows-RasCMAK-Client-Package~31bf3856ad364e35~wow64~fi-fi~" PackageType="SatellitePackage" />
      </Packages>
    </Feature>
    <Feature Type="OnDemandFeature" FeatureID="RIP.Listener~~1.0" FMID="MSDN" Group="Microsoft">
      <Packages>
        <Package ID="Microsoft-Windows-RasRip-Package~31bf3856ad364e35~AMD64~fi-fi~" PackageType="SatellitePackage" />
      </Packages>
    </Feature>
    <Feature Type="OnDemandFeature" FeatureID="Rsat.RemoteAccess.Management.Tools~~1.0" FMID="MSDN" Group="Microsoft">
      <Dependencies>
        <Feature FeatureID="Rsat.GroupPolicy.Management.Tools~~1.0" />
        <Feature FeatureID="Rsat.ServerManager.Tools~~1.0" />
      </Dependencies>
      <Packages>
        <Package ID="Microsoft-Windows-RemoteAccess-Management-Tools-FoD-Package~31bf3856ad364e35~AMD64~fi-fi~" PackageType="SatellitePackage" />
        <Package ID="Microsoft-Windows-RemoteAccess-Management-Tools-FoD-Package~31bf3856ad364e35~wow64~fi-fi~" PackageType="SatellitePackage" />
      </Packages>
    </Feature>
    <Feature Type="OnDemandFeature" FeatureID="Rsat.RemoteDesktop.Services.Tools~~1.0" FMID="MSDN" Group="Microsoft">
      <Packages>
        <Package ID="Microsoft-Windows-RemoteDesktop-Services-Tools-FoD-Package~31bf3856ad364e35~AMD64~fi-fi~" PackageType="SatellitePackage" />
      </Packages>
    </Feature>
    <Feature Type="OnDemandFeature" FeatureID="ServerCore.AppCompatibility~~1.0" FMID="MSDN" Group="Microsoft">
      <Packages>
        <Package ID="Microsoft-Windows-Server-AppCompat-FoD-Package~31bf3856ad364e35~AMD64~fi-fi~" PackageType="SatellitePackage" />
      </Packages>
    </Feature>
    <Feature Type="OnDemandFeature" FeatureID="Rsat.ServerManager.Tools~~1.0" FMID="MSDN" Group="Microsoft">
      <Packages>
        <Package ID="Microsoft-Windows-ServerManager-Tools-FoD-Package~31bf3856ad364e35~AMD64~fi-fi~" PackageType="SatellitePackage" />
        <Package ID="Microsoft-Windows-ServerManager-Tools-FoD-Package~31bf3856ad364e35~wow64~fi-fi~" PackageType="SatellitePackage" />
      </Packages>
    </Feature>
    <Feature Type="OnDemandFeature" FeatureID="Rsat.Shielded.VM.Tools~~1.0" FMID="MSDN" Group="Microsoft">
      <Dependencies>
        <Feature FeatureID="Rsat.ServerManager.Tools~~1.0" />
      </Dependencies>
      <Packages>
        <Package ID="Microsoft-Windows-Shielded-VM-Tools-FoD-Package~31bf3856ad364e35~AMD64~fi-fi~" PackageType="SatellitePackage" />
      </Packages>
    </Feature>
    <Feature Type="OnDemandFeature" FeatureID="SNMP.Client~~1.0" FMID="MSDN" Group="Microsoft">
      <Packages>
        <Package ID="Microsoft-Windows-SNMP-Client-Package~31bf3856ad364e35~AMD64~fi-fi~" PackageType="SatellitePackage" />
        <Package ID="Microsoft-Windows-SNMP-Client-Package~31bf3856ad364e35~wow64~fi-fi~" PackageType="SatellitePackage" />
      </Packages>
    </Feature>
    <Feature Type="OnDemandFeature" FeatureID="Microsoft.Windows.StorageManagement~~1.0" FMID="MSDN" Group="Microsoft">
      <Packages>
        <Package ID="Microsoft-Windows-StorageManagement-FoD-Package~31bf3856ad364e35~AMD64~fi-fi~" PackageType="SatellitePackage" />
        <Package ID="Microsoft-Windows-StorageManagement-FoD-Package~31bf3856ad364e35~wow64~fi-fi~" PackageType="SatellitePackage" />
      </Packages>
    </Feature>
    <Feature Type="OnDemandFeature" FeatureID="Rsat.StorageMigrationService.Management.Tools~~1.0" FMID="MSDN" Group="Microsoft">
      <Packages>
        <Package ID="Microsoft-Windows-StorageMigrationService-Management-Tools-FOD-Package~31bf3856ad364e35~AMD64~fi-fi~" PackageType="SatellitePackage" />
      </Packages>
    </Feature>
    <Feature Type="OnDemandFeature" FeatureID="Rsat.StorageReplica.Tools~~1.0" FMID="MSDN" Group="Microsoft">
      <Packages>
        <Package ID="Microsoft-Windows-StorageReplica-Tools-FoD-Package~31bf3856ad364e35~AMD64~fi-fi~" PackageType="SatellitePackage" />
      </Packages>
    </Feature>
    <Feature Type="OnDemandFeature" FeatureID="Rsat.SystemInsights.Management.Tools~~1.0" FMID="MSDN" Group="Microsoft">
      <Packages>
        <Package ID="Microsoft-Windows-SystemInsights-Management-Tools-FOD-Package~31bf3856ad364e35~AMD64~fi-fi~" PackageType="SatellitePackage" />
      </Packages>
    </Feature>
    <Feature Type="OnDemandFeature" FeatureID="Rsat.VolumeActivation.Tools~~1.0" FMID="MSDN" Group="Microsoft">
      <Packages>
        <Package ID="Microsoft-Windows-VolumeActivation-Tools-FoD-Package~31bf3856ad364e35~AMD64~fi-fi~" PackageType="SatellitePackage" />
      </Packages>
    </Feature>
    <Feature Type="OnDemandFeature" FeatureID="WMI-SNMP-Provider.Client~~1.0" FMID="MSDN" Group="Microsoft">
      <Dependencies>
        <Feature FeatureID="SNMP.Client~~1.0" />
      </Dependencies>
      <Packages>
        <Package ID="Microsoft-Windows-WMI-SNMP-Provider-Client-Package~31bf3856ad364e35~AMD64~fi-fi~" PackageType="SatellitePackage" />
        <Package ID="Microsoft-Windows-WMI-SNMP-Provider-Client-Package~31bf3856ad364e35~wow64~fi-fi~" PackageType="SatellitePackage" />
      </Packages>
    </Feature>
    <Feature Type="OnDemandFeature" FeatureID="Rsat.WSUS.Tools~~1.0" FMID="MSDN" Group="Microsoft">
      <Packages>
        <Package ID="Microsoft-Windows-WSUS-Tools-FoD-Package~31bf3856ad364e35~AMD64~fi-fi~" PackageType="SatellitePackage" />
      </Packages>
    </Feature>
  </Features>
  <Packages>
    <Package ID="Microsoft-Windows-Server-LanguagePack-Package_fi-fi~31bf3856ad364e35~amd64~fi-fi~" InstalledSize="1111483654" Version="10.0.17763.1">
      <SatelliteInfo>
        <DeclareInfo>
          <Declare Type="language" Value="fi-FI" />
        </DeclareInfo>
      </SatelliteInfo>
      <Payload>
        <PayloadItem PayloadHash="Luei4wWEKeaPsfNJrg/+3a+6kWCL6rb0WTjWHqe1WXU=" PayloadSize="1670527" Path="UUP\Desktop\editionpackages\Server\fi-fi\baseless\Microsoft-Windows-Server-LanguagePack-Package_fi-fi~31bf3856ad364e35~amd64~fi-fi~.cab" PayloadType="ExpressCab" />
        <PayloadItem PayloadHash="9Kw8I7pUjyCh5JQsexiDl/4SCKY6ymCskuLHNj+SSFs=" PayloadSize="78125035" Path="UUP\Desktop\editionpackages\Server\fi-fi\baseless\Microsoft-Windows-Server-LanguagePack-Package_fi-fi~31bf3856ad364e35~amd64~fi-fi~.psf" PayloadType="ExpressPSF" />
      </Payload>
    </Package>
    <Package ID="Microsoft-OneCore-StorageManagement-FoD-Package~31bf3856ad364e35~AMD64~fi-fi~" InstalledSize="1962489" Version="10.0.17763.1">
      <SatelliteInfo>
        <ApplyToInfo>
          <ApplyTo Type="language" Value="fi-FI" />
        </ApplyToInfo>
      </SatelliteInfo>
      <Payload>
        <PayloadItem PayloadHash="GlvyKi1QcH4EGcLmDM/3dN/2uJaTBqso/h4WxrNptpA=" PayloadSize="21003" Path="FeaturesOnDemand\fi-fi\baseless\Microsoft-OneCore-StorageManagement-FoD-Package~31bf3856ad364e35~AMD64~fi-fi~.cab" PayloadType="ExpressCab" />
        <PayloadItem PayloadHash="TFliJ3qiwVE9AzZlyZ/VX6ScBd2Zdz1lato1D/wLOXw=" PayloadSize="207548" Path="FeaturesOnDemand\fi-fi\baseless\Microsoft-OneCore-StorageManagement-FoD-Package~31bf3856ad364e35~AMD64~fi-fi~.psf" PayloadType="ExpressPSF" />
      </Payload>
    </Package>
    <Package ID="Microsoft-OneCore-StorageManagement-FoD-Package~31bf3856ad364e35~wow64~fi-fi~" InstalledSize="1079712" Version="10.0.17763.1">
      <SatelliteInfo>
        <ApplyToInfo>
          <ApplyTo Type="arch" Value="wow64" />
          <ApplyTo Type="language" Value="fi-FI" />
        </ApplyToInfo>
      </SatelliteInfo>
      <Payload>
        <PayloadItem PayloadHash="v/4lUWlYmrZMCcIcTft8BRr5HwxuIYnjp3ZXRZrGNj0=" PayloadSize="19173" Path="FeaturesOnDemand\fi-fi\baseless\Microsoft-OneCore-StorageManagement-FoD-Package~31bf3856ad364e35~wow64~fi-fi~.cab" PayloadType="ExpressCab" />
        <PayloadItem PayloadHash="4S5NqPlLjrVaob7ch1AsR+V9vB7IxU43Ug7HlWyibWw=" PayloadSize="117537" Path="FeaturesOnDemand\fi-fi\baseless\Microsoft-OneCore-StorageManagement-FoD-Package~31bf3856ad364e35~wow64~fi-fi~.psf" PayloadType="ExpressPSF" />
      </Payload>
    </Package>
    <Package ID="Microsoft-Windows-ActiveDirectory-DS-LDS-Tools-FoD-Package~31bf3856ad364e35~AMD64~fi-fi~" InstalledSize="5756463" Version="10.0.17763.1">
      <SatelliteInfo>
        <ApplyToInfo>
          <ApplyTo Type="language" Value="fi-FI" />
        </ApplyToInfo>
      </SatelliteInfo>
      <Payload>
        <PayloadItem PayloadHash="momPr5ghymuaXjUB3awRc82qu3dBqTiJ+O4S+dUJw0k=" PayloadSize="28153" Path="FeaturesOnDemand\fi-fi\baseless\Microsoft-Windows-ActiveDirectory-DS-LDS-Tools-FoD-Package~31bf3856ad364e35~AMD64~fi-fi~.cab" PayloadType="ExpressCab" />
        <PayloadItem PayloadHash="p4QLeLt1UKbcWPibqfz+HIgfQd9ceNPDjQ6Cp9sDeVo=" PayloadSize="961795" Path="FeaturesOnDemand\fi-fi\baseless\Microsoft-Windows-ActiveDirectory-DS-LDS-Tools-FoD-Package~31bf3856ad364e35~AMD64~fi-fi~.psf" PayloadType="ExpressPSF" />
      </Payload>
    </Package>
    <Package ID="Microsoft-Windows-ActiveDirectory-DS-LDS-Tools-FoD-Package~31bf3856ad364e35~wow64~fi-fi~" InstalledSize="809283" Version="10.0.17763.1">
      <SatelliteInfo>
        <ApplyToInfo>
          <ApplyTo Type="arch" Value="wow64" />
          <ApplyTo Type="language" Value="fi-FI" />
        </ApplyToInfo>
      </SatelliteInfo>
      <Payload>
        <PayloadItem PayloadHash="HNDZmOKqfkAMezdvs5TFbWBjB/UbEH9GS1kk964e6tY=" PayloadSize="19881" Path="FeaturesOnDemand\fi-fi\baseless\Microsoft-Windows-ActiveDirectory-DS-LDS-Tools-FoD-Package~31bf3856ad364e35~wow64~fi-fi~.cab" PayloadType="ExpressCab" />
        <PayloadItem PayloadHash="IDRZCm6rn9A1+9Te5uX5kCCTbzdcXYw8UmiBn5SL7eo=" PayloadSize="164020" Path="FeaturesOnDemand\fi-fi\baseless\Microsoft-Windows-ActiveDirectory-DS-LDS-Tools-FoD-Package~31bf3856ad364e35~wow64~fi-fi~.psf" PayloadType="ExpressPSF" />
      </Payload>
    </Package>
    <Package ID="Microsoft-Windows-BitLocker-Recovery-Tools-FoD-Package~31bf3856ad364e35~AMD64~fi-fi~" InstalledSize="33322" Version="10.0.17763.1">
      <SatelliteInfo>
        <ApplyToInfo>
          <ApplyTo Type="language" Value="fi-FI" />
        </ApplyToInfo>
      </SatelliteInfo>
      <Payload>
        <PayloadItem PayloadHash="0Udu7pR9tGvcMNPafelrPGl8LmhjMKvpYjjH7A+zOlY=" PayloadSize="18987" Path="FeaturesOnDemand\fi-fi\baseless\Microsoft-Windows-BitLocker-Recovery-Tools-FoD-Package~31bf3856ad364e35~AMD64~fi-fi~.cab" PayloadType="ExpressCab" />
        <PayloadItem PayloadHash="jev/25H/tK/YfcNShO+TMzaDe7OEoz6Jbatgj3OGahg=" PayloadSize="68089" Path="FeaturesOnDemand\fi-fi\baseless\Microsoft-Windows-BitLocker-Recovery-Tools-FoD-Package~31bf3856ad364e35~AMD64~fi-fi~.psf" PayloadType="ExpressPSF" />
      </Payload>
    </Package>
    <Package ID="Microsoft-Windows-CertificateServices-Tools-FoD-Package~31bf3856ad364e35~AMD64~fi-fi~" InstalledSize="1015292" Version="10.0.17763.1">
      <SatelliteInfo>
        <ApplyToInfo>
          <ApplyTo Type="language" Value="fi-FI" />
        </ApplyToInfo>
      </SatelliteInfo>
      <Payload>
        <PayloadItem PayloadHash="NIzkbQQp4Kk4RpmqBnuikbs4HYxYDQtTthRLgaojaX8=" PayloadSize="20795" Path="FeaturesOnDemand\fi-fi\baseless\Microsoft-Windows-CertificateServices-Tools-FoD-Package~31bf3856ad364e35~AMD64~fi-fi~.cab" PayloadType="ExpressCab" />
        <PayloadItem PayloadHash="335cn3tXtzLpSb5WjqJbdyBLD9QAueEV+DB62WwiCrM=" PayloadSize="205645" Path="FeaturesOnDemand\fi-fi\baseless\Microsoft-Windows-CertificateServices-Tools-FoD-Package~31bf3856ad364e35~AMD64~fi-fi~.psf" PayloadType="ExpressPSF" />
      </Payload>
    </Package>
    <Package ID="Microsoft-Windows-DHCP-Tools-FoD-Package~31bf3856ad364e35~AMD64~fi-fi~" InstalledSize="1789600" Version="10.0.17763.1">
      <SatelliteInfo>
        <ApplyToInfo>
          <ApplyTo Type="language" Value="fi-FI" />
        </ApplyToInfo>
      </SatelliteInfo>
      <Payload>
        <PayloadItem PayloadHash="XgH3SevfMV7Yw/0A5RppfenSea7QsrHuRB8u6DljS5E=" PayloadSize="19973" Path="FeaturesOnDemand\fi-fi\baseless\Microsoft-Windows-DHCP-Tools-FoD-Package~31bf3856ad364e35~AMD64~fi-fi~.cab" PayloadType="ExpressCab" />
        <PayloadItem PayloadHash="6NbSTtQ2GH7tf+48mAw4XKrqTyI6k1vm+1FpKki2xd8=" PayloadSize="208493" Path="FeaturesOnDemand\fi-fi\baseless\Microsoft-Windows-DHCP-Tools-FoD-Package~31bf3856ad364e35~AMD64~fi-fi~.psf" PayloadType="ExpressPSF" />
      </Payload>
    </Package>
    <Package ID="Microsoft-Windows-DHCP-Tools-FoD-Package~31bf3856ad364e35~wow64~fi-fi~" InstalledSize="464530" Version="10.0.17763.1">
      <SatelliteInfo>
        <ApplyToInfo>
          <ApplyTo Type="arch" Value="wow64" />
          <ApplyTo Type="language" Value="fi-FI" />
        </ApplyToInfo>
      </SatelliteInfo>
      <Payload>
        <PayloadItem PayloadHash="UjGw/CmOMH7LnTKWResssHBu5MMuiqnUvkJif13Cjzw=" PayloadSize="19011" Path="FeaturesOnDemand\fi-fi\baseless\Microsoft-Windows-DHCP-Tools-FoD-Package~31bf3856ad364e35~wow64~fi-fi~.cab" PayloadType="ExpressCab" />
        <PayloadItem PayloadHash="vqS598qkIGcYNrmKddbENSWMe5xFGoA1FTgsKf+aG34=" PayloadSize="96756" Path="FeaturesOnDemand\fi-fi\baseless\Microsoft-Windows-DHCP-Tools-FoD-Package~31bf3856ad364e35~wow64~fi-fi~.psf" PayloadType="ExpressPSF" />
      </Payload>
    </Package>
    <Package ID="Microsoft-Windows-DNS-Tools-FoD-Package~31bf3856ad364e35~AMD64~fi-fi~" InstalledSize="1891615" Version="10.0.17763.1">
      <SatelliteInfo>
        <ApplyToInfo>
          <ApplyTo Type="language" Value="fi-FI" />
        </ApplyToInfo>
      </SatelliteInfo>
      <Payload>
        <PayloadItem PayloadHash="gnzTA9KEpt70gDXsFpcUTiDmehDudFY0vXMrHfexSYU=" PayloadSize="20459" Path="FeaturesOnDemand\fi-fi\baseless\Microsoft-Windows-DNS-Tools-FoD-Package~31bf3856ad364e35~AMD64~fi-fi~.cab" PayloadType="ExpressCab" />
        <PayloadItem PayloadHash="CJTncw6SDa8pUdFq5t0NW+N7DpQIwd0a/tuDQqopbEU=" PayloadSize="243931" Path="FeaturesOnDemand\fi-fi\baseless\Microsoft-Windows-DNS-Tools-FoD-Package~31bf3856ad364e35~AMD64~fi-fi~.psf" PayloadType="ExpressPSF" />
      </Payload>
    </Package>
    <Package ID="Microsoft-Windows-DNS-Tools-FoD-Package~31bf3856ad364e35~wow64~fi-fi~" InstalledSize="13440" Version="10.0.17763.1">
      <SatelliteInfo>
        <ApplyToInfo>
          <ApplyTo Type="arch" Value="wow64" />
          <ApplyTo Type="language" Value="fi-FI" />
        </ApplyToInfo>
      </SatelliteInfo>
      <Payload>
        <PayloadItem PayloadHash="6nfLTWRIh/OV+LVXNyOHKdxSByd2MzGf3fJ29mecZ1Y=" PayloadSize="18597" Path="FeaturesOnDemand\fi-fi\baseless\Microsoft-Windows-DNS-Tools-FoD-Package~31bf3856ad364e35~wow64~fi-fi~.cab" PayloadType="ExpressCab" />
        <PayloadItem PayloadHash="ftO/onY9BXSTUaIzwAcTOtyNN1PUT17V2eYA8IlhzgY=" PayloadSize="58981" Path="FeaturesOnDemand\fi-fi\baseless\Microsoft-Windows-DNS-Tools-FoD-Package~31bf3856ad364e35~wow64~fi-fi~.psf" PayloadType="ExpressPSF" />
      </Payload>
    </Package>
    <Package ID="Microsoft-Windows-FailoverCluster-Management-Tools-FOD-Package~31bf3856ad364e35~AMD64~fi-fi~" InstalledSize="8934602" Version="10.0.17763.1">
      <SatelliteInfo>
        <ApplyToInfo>
          <ApplyTo Type="language" Value="fi-FI" />
        </ApplyToInfo>
      </SatelliteInfo>
      <Payload>
        <PayloadItem PayloadHash="59/WOYwdIu1jfDxSPKS4bptAg/aFIrhDw3vQ+lHFNZg=" PayloadSize="27073" Path="FeaturesOnDemand\fi-fi\baseless\Microsoft-Windows-FailoverCluster-Management-Tools-FOD-Package~31bf3856ad364e35~AMD64~fi-fi~.cab" PayloadType="ExpressCab" />
        <PayloadItem PayloadHash="QnPaVjl55/m61nC970xZk1g+/XlBHe3gCIMCtk4Ud9M=" PayloadSize="2464454" Path="FeaturesOnDemand\fi-fi\baseless\Microsoft-Windows-FailoverCluster-Management-Tools-FOD-Package~31bf3856ad364e35~AMD64~fi-fi~.psf" PayloadType="ExpressPSF" />
      </Payload>
    </Package>
    <Package ID="Microsoft-Windows-FailoverCluster-Management-Tools-FOD-Package~31bf3856ad364e35~wow64~fi-fi~" InstalledSize="76109" Version="10.0.17763.1">
      <SatelliteInfo>
        <ApplyToInfo>
          <ApplyTo Type="arch" Value="wow64" />
          <ApplyTo Type="language" Value="fi-FI" />
        </ApplyToInfo>
      </SatelliteInfo>
      <Payload>
        <PayloadItem PayloadHash="t4B1IdOYJty1SVDhVKFIQV/vdrURn41j9oztOzXTDKI=" PayloadSize="19631" Path="FeaturesOnDemand\fi-fi\baseless\Microsoft-Windows-FailoverCluster-Management-Tools-FOD-Package~31bf3856ad364e35~wow64~fi-fi~.cab" PayloadType="ExpressCab" />
        <PayloadItem PayloadHash="fJTSJt0vFsTHHvNrGdSn1heJab/yeuk32Q6og3P56zs=" PayloadSize="87356" Path="FeaturesOnDemand\fi-fi\baseless\Microsoft-Windows-FailoverCluster-Management-Tools-FOD-Package~31bf3856ad364e35~wow64~fi-fi~.psf" PayloadType="ExpressPSF" />
      </Payload>
    </Package>
    <Package ID="Microsoft-Windows-FileServices-Tools-FoD-Package~31bf3856ad364e35~AMD64~fi-fi~" InstalledSize="4153736" Version="10.0.17763.1">
      <SatelliteInfo>
        <ApplyToInfo>
          <ApplyTo Type="language" Value="fi-FI" />
        </ApplyToInfo>
      </SatelliteInfo>
      <Payload>
        <PayloadItem PayloadHash="W8CjFG08Et8hTEhA3Yqsvcd7wYmzkxdRUsXNnAmeqqE=" PayloadSize="23983" Path="FeaturesOnDemand\fi-fi\baseless\Microsoft-Windows-FileServices-Tools-FoD-Package~31bf3856ad364e35~AMD64~fi-fi~.cab" PayloadType="ExpressCab" />
        <PayloadItem PayloadHash="E/dEHdj4IpijQvNAgZXpQ+teGJKLk9jWGQ3JagTj0XA=" PayloadSize="621560" Path="FeaturesOnDemand\fi-fi\baseless\Microsoft-Windows-FileServices-Tools-FoD-Package~31bf3856ad364e35~AMD64~fi-fi~.psf" PayloadType="ExpressPSF" />
      </Payload>
    </Package>
    <Package ID="Microsoft-Windows-FileServices-Tools-FoD-Package~31bf3856ad364e35~wow64~fi-fi~" InstalledSize="177397" Version="10.0.17763.1">
      <SatelliteInfo>
        <ApplyToInfo>
          <ApplyTo Type="arch" Value="wow64" />
          <ApplyTo Type="language" Value="fi-FI" />
        </ApplyToInfo>
      </SatelliteInfo>
      <Payload>
        <PayloadItem PayloadHash="SXPiauVqzHjrH7bdtTd2FNSNB7k7jaAmrR22oYJzOhA=" PayloadSize="18947" Path="FeaturesOnDemand\fi-fi\baseless\Microsoft-Windows-FileServices-Tools-FoD-Package~31bf3856ad364e35~wow64~fi-fi~.cab" PayloadType="ExpressCab" />
        <PayloadItem PayloadHash="CVzIDrb4AQfl6J3EI43UimZ4efRemq5B/NP5i/RtJ7Y=" PayloadSize="86659" Path="FeaturesOnDemand\fi-fi\baseless\Microsoft-Windows-FileServices-Tools-FoD-Package~31bf3856ad364e35~wow64~fi-fi~.psf" PayloadType="ExpressPSF" />
      </Payload>
    </Package>
    <Package ID="Microsoft-Windows-GroupPolicy-Management-Tools-FoD-Package~31bf3856ad364e35~AMD64~fi-fi~" InstalledSize="2283498" Version="10.0.17763.1">
      <SatelliteInfo>
        <ApplyToInfo>
          <ApplyTo Type="language" Value="fi-FI" />
        </ApplyToInfo>
      </SatelliteInfo>
      <Payload>
        <PayloadItem PayloadHash="HZzN8NHlZEVsf8Tsb9eo4aqBauHm6vDDBkjIZBuUKwE=" PayloadSize="23005" Path="FeaturesOnDemand\fi-fi\baseless\Microsoft-Windows-GroupPolicy-Management-Tools-FoD-Package~31bf3856ad364e35~AMD64~fi-fi~.cab" PayloadType="ExpressCab" />
        <PayloadItem PayloadHash="tiz0mHYp8QyzPgAnPxAwmBV4EAD7Xcee4KiCoaB9fQc=" PayloadSize="352650" Path="FeaturesOnDemand\fi-fi\baseless\Microsoft-Windows-GroupPolicy-Management-Tools-FoD-Package~31bf3856ad364e35~AMD64~fi-fi~.psf" PayloadType="ExpressPSF" />
      </Payload>
    </Package>
    <Package ID="Microsoft-Windows-GroupPolicy-Management-Tools-FoD-Package~31bf3856ad364e35~wow64~fi-fi~" InstalledSize="310048" Version="10.0.17763.1">
      <SatelliteInfo>
        <ApplyToInfo>
          <ApplyTo Type="arch" Value="wow64" />
          <ApplyTo Type="language" Value="fi-FI" />
        </ApplyToInfo>
      </SatelliteInfo>
      <Payload>
        <PayloadItem PayloadHash="9+OekXT6scTrBARg2ngEOk8GsFAswLSUHWskjwaw53w=" PayloadSize="19123" Path="FeaturesOnDemand\fi-fi\baseless\Microsoft-Windows-GroupPolicy-Management-Tools-FoD-Package~31bf3856ad364e35~wow64~fi-fi~.cab" PayloadType="ExpressCab" />
        <PayloadItem PayloadHash="i1U5GOOC0kLkUvKs5zOs3MWKEimHWdG4AQhlY7GkXyM=" PayloadSize="100258" Path="FeaturesOnDemand\fi-fi\baseless\Microsoft-Windows-GroupPolicy-Management-Tools-FoD-Package~31bf3856ad364e35~wow64~fi-fi~.psf" PayloadType="ExpressPSF" />
      </Payload>
    </Package>
    <Package ID="Microsoft-Windows-IPAM-Client-FoD-Package~31bf3856ad364e35~AMD64~fi-fi~" InstalledSize="103712" Version="10.0.17763.1">
      <SatelliteInfo>
        <ApplyToInfo>
          <ApplyTo Type="language" Value="fi-FI" />
        </ApplyToInfo>
      </SatelliteInfo>
      <Payload>
        <PayloadItem PayloadHash="aUqO1Zz3yAtDVxyEceZk0XJjEHwt+l+H3DF2U/KjTmM=" PayloadSize="18971" Path="FeaturesOnDemand\fi-fi\baseless\Microsoft-Windows-IPAM-Client-FoD-Package~31bf3856ad364e35~AMD64~fi-fi~.cab" PayloadType="ExpressCab" />
        <PayloadItem PayloadHash="cU79YEaRH7LFCGNA43EMLsjBrIU7Rum7EL6URrMe0sM=" PayloadSize="71743" Path="FeaturesOnDemand\fi-fi\baseless\Microsoft-Windows-IPAM-Client-FoD-Package~31bf3856ad364e35~AMD64~fi-fi~.psf" PayloadType="ExpressPSF" />
      </Payload>
    </Package>
    <Package ID="Microsoft-Windows-IPAM-Client-FoD-Package~31bf3856ad364e35~wow64~fi-fi~" InstalledSize="26385" Version="10.0.17763.1">
      <SatelliteInfo>
        <ApplyToInfo>
          <ApplyTo Type="arch" Value="wow64" />
          <ApplyTo Type="language" Value="fi-FI" />
        </ApplyToInfo>
      </SatelliteInfo>
      <Payload>
        <PayloadItem PayloadHash="9f1Vwlr2RlkCjx/M+woEWHUd6Ydgkiw9XfZTp9UvLCY=" PayloadSize="18779" Path="FeaturesOnDemand\fi-fi\baseless\Microsoft-Windows-IPAM-Client-FoD-Package~31bf3856ad364e35~wow64~fi-fi~.cab" PayloadType="ExpressCab" />
        <PayloadItem PayloadHash="Bg4nEpUAuS2Ruqr9ozHXAye5vaTkR85bVruCWf/JEso=" PayloadSize="61713" Path="FeaturesOnDemand\fi-fi\baseless\Microsoft-Windows-IPAM-Client-FoD-Package~31bf3856ad364e35~wow64~fi-fi~.psf" PayloadType="ExpressPSF" />
      </Payload>
    </Package>
    <Package ID="Microsoft-Windows-NetworkController-Tools-FoD-Package~31bf3856ad364e35~AMD64~fi-fi~" InstalledSize="69906" Version="10.0.17763.1">
      <SatelliteInfo>
        <ApplyToInfo>
          <ApplyTo Type="language" Value="fi-FI" />
        </ApplyToInfo>
      </SatelliteInfo>
      <Payload>
        <PayloadItem PayloadHash="RTZpwLZC/89A16k7SKv+UPS03YyW0fBrsjqFh2/qdTE=" PayloadSize="19037" Path="FeaturesOnDemand\fi-fi\baseless\Microsoft-Windows-NetworkController-Tools-FoD-Package~31bf3856ad364e35~AMD64~fi-fi~.cab" PayloadType="ExpressCab" />
        <PayloadItem PayloadHash="hfAbi7UmlgwPPTfEvd0zhLc1nuaeQnTs7ciRQ57xfbw=" PayloadSize="79585" Path="FeaturesOnDemand\fi-fi\baseless\Microsoft-Windows-NetworkController-Tools-FoD-Package~31bf3856ad364e35~AMD64~fi-fi~.psf" PayloadType="ExpressPSF" />
      </Payload>
    </Package>
    <Package ID="Microsoft-Windows-NetworkLoadBalancing-Tools-FoD-Package~31bf3856ad364e35~AMD64~fi-fi~" InstalledSize="222370" Version="10.0.17763.1">
      <SatelliteInfo>
        <ApplyToInfo>
          <ApplyTo Type="language" Value="fi-FI" />
        </ApplyToInfo>
      </SatelliteInfo>
      <Payload>
        <PayloadItem PayloadHash="JajUfnic2OBRg34At+XPc14aMnMuKhK+wwiIhptErBQ=" PayloadSize="19369" Path="FeaturesOnDemand\fi-fi\baseless\Microsoft-Windows-NetworkLoadBalancing-Tools-FoD-Package~31bf3856ad364e35~AMD64~fi-fi~.cab" PayloadType="ExpressCab" />
        <PayloadItem PayloadHash="KqoHx++KU7V3zXgU6uqDMM/GB1sWQzqJ+X8e7TYL/90=" PayloadSize="97950" Path="FeaturesOnDemand\fi-fi\baseless\Microsoft-Windows-NetworkLoadBalancing-Tools-FoD-Package~31bf3856ad364e35~AMD64~fi-fi~.psf" PayloadType="ExpressPSF" />
      </Payload>
    </Package>
    <Package ID="Microsoft-Windows-RasCMAK-Client-Package~31bf3856ad364e35~AMD64~fi-fi~" InstalledSize="222998" Version="10.0.17763.1">
      <SatelliteInfo>
        <ApplyToInfo>
          <ApplyTo Type="language" Value="fi-FI" />
        </ApplyToInfo>
      </SatelliteInfo>
      <Payload>
        <PayloadItem PayloadHash="dsOMIndB4sycJjjMy326AENVtFLwmM9FyWu4HbyMoQY=" PayloadSize="19183" Path="FeaturesOnDemand\fi-fi\baseless\Microsoft-Windows-RasCMAK-Client-Package~31bf3856ad364e35~AMD64~fi-fi~.cab" PayloadType="ExpressCab" />
        <PayloadItem PayloadHash="qShMeaa+Vp2scLcKYWmDJ6uGA76UWG+95i5p1Kh+QDM=" PayloadSize="124772" Path="FeaturesOnDemand\fi-fi\baseless\Microsoft-Windows-RasCMAK-Client-Package~31bf3856ad364e35~AMD64~fi-fi~.psf" PayloadType="ExpressPSF" />
      </Payload>
    </Package>
    <Package ID="Microsoft-Windows-RasCMAK-Client-Package~31bf3856ad364e35~wow64~fi-fi~" InstalledSize="398762" Version="10.0.17763.1">
      <SatelliteInfo>
        <ApplyToInfo>
          <ApplyTo Type="arch" Value="wow64" />
          <ApplyTo Type="language" Value="fi-FI" />
        </ApplyToInfo>
      </SatelliteInfo>
      <Payload>
        <PayloadItem PayloadHash="fI6jKt7OmWyKsxX9nVnvAxAq/Ds8/3gGfYiPCvtGl7I=" PayloadSize="19293" Path="FeaturesOnDemand\fi-fi\baseless\Microsoft-Windows-RasCMAK-Client-Package~31bf3856ad364e35~wow64~fi-fi~.cab" PayloadType="ExpressCab" />
        <PayloadItem PayloadHash="X/rOatNMCQrrCiBWsIwFbXlJ5l8UVV4EKGlNBYjxJJk=" PayloadSize="326585" Path="FeaturesOnDemand\fi-fi\baseless\Microsoft-Windows-RasCMAK-Client-Package~31bf3856ad364e35~wow64~fi-fi~.psf" PayloadType="ExpressPSF" />
      </Payload>
    </Package>
    <Package ID="Microsoft-Windows-RasRip-Package~31bf3856ad364e35~AMD64~fi-fi~" InstalledSize="27739" Version="10.0.17763.1">
      <SatelliteInfo>
        <ApplyToInfo>
          <ApplyTo Type="language" Value="fi-FI" />
        </ApplyToInfo>
      </SatelliteInfo>
      <Payload>
        <PayloadItem PayloadHash="0XVK5GaIYL2sGKdX6Jh6Re/C+slF8jRz3oXWxCc1//g=" PayloadSize="18737" Path="FeaturesOnDemand\fi-fi\baseless\Microsoft-Windows-RasRip-Package~31bf3856ad364e35~AMD64~fi-fi~.cab" PayloadType="ExpressCab" />
        <PayloadItem PayloadHash="OriXfiMYwoGcHjGpJ3GrWe95NLPr46m7AVKjrSJvfTY=" PayloadSize="62141" Path="FeaturesOnDemand\fi-fi\baseless\Microsoft-Windows-RasRip-Package~31bf3856ad364e35~AMD64~fi-fi~.psf" PayloadType="ExpressPSF" />
      </Payload>
    </Package>
    <Package ID="Microsoft-Windows-RemoteAccess-Management-Tools-FoD-Package~31bf3856ad364e35~AMD64~fi-fi~" InstalledSize="18532558" Version="10.0.17763.1">
      <SatelliteInfo>
        <ApplyToInfo>
          <ApplyTo Type="language" Value="fi-FI" />
        </ApplyToInfo>
      </SatelliteInfo>
      <Payload>
        <PayloadItem PayloadHash="OM0RCEzRKS1PEArLyR3kF1vN9z47UHhfJfnvNY7Xgqc=" PayloadSize="21689" Path="FeaturesOnDemand\fi-fi\baseless\Microsoft-Windows-RemoteAccess-Management-Tools-FoD-Package~31bf3856ad364e35~AMD64~fi-fi~.cab" PayloadType="ExpressCab" />
        <PayloadItem PayloadHash="oODCl4YHibU3mjWEySRjyaqrzTidW6noQPsj1jrA6Bk=" PayloadSize="3401077" Path="FeaturesOnDemand\fi-fi\baseless\Microsoft-Windows-RemoteAccess-Management-Tools-FoD-Package~31bf3856ad364e35~AMD64~fi-fi~.psf" PayloadType="ExpressPSF" />
      </Payload>
    </Package>
    <Package ID="Microsoft-Windows-RemoteAccess-Management-Tools-FoD-Package~31bf3856ad364e35~wow64~fi-fi~" InstalledSize="13732" Version="10.0.17763.1">
      <SatelliteInfo>
        <ApplyToInfo>
          <ApplyTo Type="arch" Value="wow64" />
          <ApplyTo Type="language" Value="fi-FI" />
        </ApplyToInfo>
      </SatelliteInfo>
      <Payload>
        <PayloadItem PayloadHash="/PlK03+NkB8x0uUQoFGVuFwNuumrZEJri/SGf98B0wQ=" PayloadSize="18591" Path="FeaturesOnDemand\fi-fi\baseless\Microsoft-Windows-RemoteAccess-Management-Tools-FoD-Package~31bf3856ad364e35~wow64~fi-fi~.cab" PayloadType="ExpressCab" />
        <PayloadItem PayloadHash="nwaAepFYjJWLdX8qJDGnPqx1Z93NqGG02l+ornIMMWA=" PayloadSize="58808" Path="FeaturesOnDemand\fi-fi\baseless\Microsoft-Windows-RemoteAccess-Management-Tools-FoD-Package~31bf3856ad364e35~wow64~fi-fi~.psf" PayloadType="ExpressPSF" />
      </Payload>
    </Package>
    <Package ID="Microsoft-Windows-RemoteDesktop-Services-Tools-FoD-Package~31bf3856ad364e35~AMD64~fi-fi~" InstalledSize="1514022" Version="10.0.17763.1">
      <SatelliteInfo>
        <ApplyToInfo>
          <ApplyTo Type="language" Value="fi-FI" />
        </ApplyToInfo>
      </SatelliteInfo>
      <Payload>
        <PayloadItem PayloadHash="OtDHZaBGTCThBODAmz1NWE85nvVjv/aqhGFs9cfg1w0=" PayloadSize="20547" Path="FeaturesOnDemand\fi-fi\baseless\Microsoft-Windows-RemoteDesktop-Services-Tools-FoD-Package~31bf3856ad364e35~AMD64~fi-fi~.cab" PayloadType="ExpressCab" />
        <PayloadItem PayloadHash="lbHGkTooC5+1UfgCn+2hPcaqZxarYRBBklVLAAAcp/I=" PayloadSize="303606" Path="FeaturesOnDemand\fi-fi\baseless\Microsoft-Windows-RemoteDesktop-Services-Tools-FoD-Package~31bf3856ad364e35~AMD64~fi-fi~.psf" PayloadType="ExpressPSF" />
      </Payload>
    </Package>
    <Package ID="Microsoft-Windows-Server-AppCompat-FoD-Package~31bf3856ad364e35~AMD64~fi-fi~" InstalledSize="28163085" Version="10.0.17763.1">
      <SatelliteInfo>
        <ApplyToInfo>
          <ApplyTo Type="language" Value="fi-FI" />
        </ApplyToInfo>
      </SatelliteInfo>
      <Payload>
        <PayloadItem PayloadHash="u0XxaJZG7PyVWJSKfEwJ0ol1UAiskdHvGWBGPjEYXno=" PayloadSize="95899" Path="FeaturesOnDemand\fi-fi\baseless\Microsoft-Windows-Server-AppCompat-FoD-Package~31bf3856ad364e35~AMD64~fi-fi~.cab" PayloadType="ExpressCab" />
        <PayloadItem PayloadHash="1WANH1LNdaZTu3bAsUPNJ/jnDRDtvY7siXkbdHaLk78=" PayloadSize="6847864" Path="FeaturesOnDemand\fi-fi\baseless\Microsoft-Windows-Server-AppCompat-FoD-Package~31bf3856ad364e35~AMD64~fi-fi~.psf" PayloadType="ExpressPSF" />
      </Payload>
    </Package>
    <Package ID="Microsoft-Windows-ServerManager-Tools-FoD-Package~31bf3856ad364e35~AMD64~fi-fi~" InstalledSize="11803840" Version="10.0.17763.1">
      <SatelliteInfo>
        <ApplyToInfo>
          <ApplyTo Type="language" Value="fi-FI" />
        </ApplyToInfo>
      </SatelliteInfo>
      <Payload>
        <PayloadItem PayloadHash="VnyTrxou8oFepgNwNV5KvGcBRc0dHq9SK95N1F7uSy0=" PayloadSize="38563" Path="FeaturesOnDemand\fi-fi\baseless\Microsoft-Windows-ServerManager-Tools-FoD-Package~31bf3856ad364e35~AMD64~fi-fi~.cab" PayloadType="ExpressCab" />
        <PayloadItem PayloadHash="dZ3LETt/By0WECpHn4FZ2J5PD8MczotMKl5KAIPoUyc=" PayloadSize="2311176" Path="FeaturesOnDemand\fi-fi\baseless\Microsoft-Windows-ServerManager-Tools-FoD-Package~31bf3856ad364e35~AMD64~fi-fi~.psf" PayloadType="ExpressPSF" />
      </Payload>
    </Package>
    <Package ID="Microsoft-Windows-ServerManager-Tools-FoD-Package~31bf3856ad364e35~wow64~fi-fi~" InstalledSize="1200009" Version="10.0.17763.1">
      <SatelliteInfo>
        <ApplyToInfo>
          <ApplyTo Type="arch" Value="wow64" />
          <ApplyTo Type="language" Value="fi-FI" />
        </ApplyToInfo>
      </SatelliteInfo>
      <Payload>
        <PayloadItem PayloadHash="FAN1iUyK5xcbwGrImmanNEomuBpBZs2hIv4CUMZWipM=" PayloadSize="19699" Path="FeaturesOnDemand\fi-fi\baseless\Microsoft-Windows-ServerManager-Tools-FoD-Package~31bf3856ad364e35~wow64~fi-fi~.cab" PayloadType="ExpressCab" />
        <PayloadItem PayloadHash="3bEqfwoaJeCXUlg1t3Zu9Tve7dx3wl+eM2vD/ar4bJg=" PayloadSize="364906" Path="FeaturesOnDemand\fi-fi\baseless\Microsoft-Windows-ServerManager-Tools-FoD-Package~31bf3856ad364e35~wow64~fi-fi~.psf" PayloadType="ExpressPSF" />
      </Payload>
    </Package>
    <Package ID="Microsoft-Windows-Shielded-VM-Tools-FoD-Package~31bf3856ad364e35~AMD64~fi-fi~" InstalledSize="394027" Version="10.0.17763.1">
      <SatelliteInfo>
        <ApplyToInfo>
          <ApplyTo Type="language" Value="fi-FI" />
        </ApplyToInfo>
      </SatelliteInfo>
      <Payload>
        <PayloadItem PayloadHash="VLUZtxcE6o2CPrq4RiWZ4U3OpMUO1IsvzcMNqUZlUV8=" PayloadSize="23453" Path="FeaturesOnDemand\fi-fi\baseless\Microsoft-Windows-Shielded-VM-Tools-FoD-Package~31bf3856ad364e35~AMD64~fi-fi~.cab" PayloadType="ExpressCab" />
        <PayloadItem PayloadHash="cp2AGISHBGQsUTwSebu3R9Lc6v7u05dqiBDRlZ4kqRs=" PayloadSize="181906" Path="FeaturesOnDemand\fi-fi\baseless\Microsoft-Windows-Shielded-VM-Tools-FoD-Package~31bf3856ad364e35~AMD64~fi-fi~.psf" PayloadType="ExpressPSF" />
      </Payload>
    </Package>
    <Package ID="Microsoft-Windows-SNMP-Client-Package~31bf3856ad364e35~AMD64~fi-fi~" InstalledSize="133935" Version="10.0.17763.1">
      <SatelliteInfo>
        <ApplyToInfo>
          <ApplyTo Type="language" Value="fi-FI" />
        </ApplyToInfo>
      </SatelliteInfo>
      <Payload>
        <PayloadItem PayloadHash="M/R2WvFUPaSTAsZ/7b/iYzX28meSh7kmZR86jRuid6s=" PayloadSize="20543" Path="FeaturesOnDemand\fi-fi\baseless\Microsoft-Windows-SNMP-Client-Package~31bf3856ad364e35~AMD64~fi-fi~.cab" PayloadType="ExpressCab" />
        <PayloadItem PayloadHash="pNyavU424+7FAB5OVHT4LcXLY6URhgBkZdefGaWtakE=" PayloadSize="102274" Path="FeaturesOnDemand\fi-fi\baseless\Microsoft-Windows-SNMP-Client-Package~31bf3856ad364e35~AMD64~fi-fi~.psf" PayloadType="ExpressPSF" />
      </Payload>
    </Package>
    <Package ID="Microsoft-Windows-SNMP-Client-Package~31bf3856ad364e35~wow64~fi-fi~" InstalledSize="134485" Version="10.0.17763.1">
      <SatelliteInfo>
        <ApplyToInfo>
          <ApplyTo Type="arch" Value="wow64" />
          <ApplyTo Type="language" Value="fi-FI" />
        </ApplyToInfo>
      </SatelliteInfo>
      <Payload>
        <PayloadItem PayloadHash="wnUf8wGSBwQZdc0sBUjD0zVXcqv/TaaS9Pk4VIHsDqk=" PayloadSize="20359" Path="FeaturesOnDemand\fi-fi\baseless\Microsoft-Windows-SNMP-Client-Package~31bf3856ad364e35~wow64~fi-fi~.cab" PayloadType="ExpressCab" />
        <PayloadItem PayloadHash="MhnM/MFWXIQfZvsCkZALdsgojAYvOPg35/fV3p8CkRQ=" PayloadSize="102210" Path="FeaturesOnDemand\fi-fi\baseless\Microsoft-Windows-SNMP-Client-Package~31bf3856ad364e35~wow64~fi-fi~.psf" PayloadType="ExpressPSF" />
      </Payload>
    </Package>
    <Package ID="Microsoft-Windows-StorageManagement-FoD-Package~31bf3856ad364e35~AMD64~fi-fi~" InstalledSize="1619664" Version="10.0.17763.1">
      <SatelliteInfo>
        <ApplyToInfo>
          <ApplyTo Type="language" Value="fi-FI" />
        </ApplyToInfo>
      </SatelliteInfo>
      <Payload>
        <PayloadItem PayloadHash="+O4YBIMOynql18LV2x/pgN4T+Ku+1RsbCWawvixfIgg=" PayloadSize="21415" Path="FeaturesOnDemand\fi-fi\baseless\Microsoft-Windows-StorageManagement-FoD-Package~31bf3856ad364e35~AMD64~fi-fi~.cab" PayloadType="ExpressCab" />
        <PayloadItem PayloadHash="bPWcvYxsxkwGWvHUTcCQj1IM+AaoPUlrwnX5dlbMQ+8=" PayloadSize="210614" Path="FeaturesOnDemand\fi-fi\baseless\Microsoft-Windows-StorageManagement-FoD-Package~31bf3856ad364e35~AMD64~fi-fi~.psf" PayloadType="ExpressPSF" />
      </Payload>
    </Package>
    <Package ID="Microsoft-Windows-StorageManagement-FoD-Package~31bf3856ad364e35~wow64~fi-fi~" InstalledSize="1119790" Version="10.0.17763.1">
      <SatelliteInfo>
        <ApplyToInfo>
          <ApplyTo Type="arch" Value="wow64" />
          <ApplyTo Type="language" Value="fi-FI" />
        </ApplyToInfo>
      </SatelliteInfo>
      <Payload>
        <PayloadItem PayloadHash="UqAl/MMkDxUz1FI8w7P9FhbI3e/2p7M8mcKmiuTSlRU=" PayloadSize="20437" Path="FeaturesOnDemand\fi-fi\baseless\Microsoft-Windows-StorageManagement-FoD-Package~31bf3856ad364e35~wow64~fi-fi~.cab" PayloadType="ExpressCab" />
        <PayloadItem PayloadHash="PLP5B5wSGlNP5dedqf9/PWryTZoNV6L3W2gfFWefdvI=" PayloadSize="140750" Path="FeaturesOnDemand\fi-fi\baseless\Microsoft-Windows-StorageManagement-FoD-Package~31bf3856ad364e35~wow64~fi-fi~.psf" PayloadType="ExpressPSF" />
      </Payload>
    </Package>
    <Package ID="Microsoft-Windows-StorageMigrationService-Management-Tools-FOD-Package~31bf3856ad364e35~AMD64~fi-fi~" InstalledSize="56755" Version="10.0.17763.1">
      <SatelliteInfo>
        <ApplyToInfo>
          <ApplyTo Type="language" Value="fi-FI" />
        </ApplyToInfo>
      </SatelliteInfo>
      <Payload>
        <PayloadItem PayloadHash="tkjICvOG8asDH5lYOWPns8w/AAEjecJaBJlYdwqTVo8=" PayloadSize="19013" Path="FeaturesOnDemand\fi-fi\baseless\Microsoft-Windows-StorageMigrationService-Management-Tools-FOD-Package~31bf3856ad364e35~AMD64~fi-fi~.cab" PayloadType="ExpressCab" />
        <PayloadItem PayloadHash="RmJLOl2kJpbLgB30Js3vDzLcHxruWhoDykv07f2LHMM=" PayloadSize="73485" Path="FeaturesOnDemand\fi-fi\baseless\Microsoft-Windows-StorageMigrationService-Management-Tools-FOD-Package~31bf3856ad364e35~AMD64~fi-fi~.psf" PayloadType="ExpressPSF" />
      </Payload>
    </Package>
    <Package ID="Microsoft-Windows-StorageReplica-Tools-FoD-Package~31bf3856ad364e35~AMD64~fi-fi~" InstalledSize="401658" Version="10.0.17763.1">
      <SatelliteInfo>
        <ApplyToInfo>
          <ApplyTo Type="language" Value="fi-FI" />
        </ApplyToInfo>
      </SatelliteInfo>
      <Payload>
        <PayloadItem PayloadHash="yl1Jgvp3DoAqpTnnDaxHLBJafWSOY58dz+qgQLR6EBU=" PayloadSize="19391" Path="FeaturesOnDemand\fi-fi\baseless\Microsoft-Windows-StorageReplica-Tools-FoD-Package~31bf3856ad364e35~AMD64~fi-fi~.cab" PayloadType="ExpressCab" />
        <PayloadItem PayloadHash="ah45awQqdyXxzNOVcY7CNMS6ntbm1HvfUt0AoWoCDns=" PayloadSize="117286" Path="FeaturesOnDemand\fi-fi\baseless\Microsoft-Windows-StorageReplica-Tools-FoD-Package~31bf3856ad364e35~AMD64~fi-fi~.psf" PayloadType="ExpressPSF" />
      </Payload>
    </Package>
    <Package ID="Microsoft-Windows-SystemInsights-Management-Tools-FOD-Package~31bf3856ad364e35~AMD64~fi-fi~" InstalledSize="41444" Version="10.0.17763.1">
      <SatelliteInfo>
        <ApplyToInfo>
          <ApplyTo Type="language" Value="fi-FI" />
        </ApplyToInfo>
      </SatelliteInfo>
      <Payload>
        <PayloadItem PayloadHash="l1KDhw1PVsQ6UUVoZCfCGBev7J7Y9P71L78U1PGJkZw=" PayloadSize="18581" Path="FeaturesOnDemand\fi-fi\baseless\Microsoft-Windows-SystemInsights-Management-Tools-FOD-Package~31bf3856ad364e35~AMD64~fi-fi~.cab" PayloadType="ExpressCab" />
        <PayloadItem PayloadHash="TW2xsxUANk1ZezLb0qwf+A49x+ke1GXBhCg7tGrspZg=" PayloadSize="70230" Path="FeaturesOnDemand\fi-fi\baseless\Microsoft-Windows-SystemInsights-Management-Tools-FOD-Package~31bf3856ad364e35~AMD64~fi-fi~.psf" PayloadType="ExpressPSF" />
      </Payload>
    </Package>
    <Package ID="Microsoft-Windows-VolumeActivation-Tools-FoD-Package~31bf3856ad364e35~AMD64~fi-fi~" InstalledSize="224938" Version="10.0.17763.1">
      <SatelliteInfo>
        <ApplyToInfo>
          <ApplyTo Type="language" Value="fi-FI" />
        </ApplyToInfo>
      </SatelliteInfo>
      <Payload>
        <PayloadItem PayloadHash="D4DxkZVAYMMxJ4/Hl4M9k4NUM8v6GPVmYcXCuYkM0R8=" PayloadSize="18873" Path="FeaturesOnDemand\fi-fi\baseless\Microsoft-Windows-VolumeActivation-Tools-FoD-Package~31bf3856ad364e35~AMD64~fi-fi~.cab" PayloadType="ExpressCab" />
        <PayloadItem PayloadHash="LQHqpEPEBli8t4wQPKec3o37ODC9xRou8/FxizV43sQ=" PayloadSize="180945" Path="FeaturesOnDemand\fi-fi\baseless\Microsoft-Windows-VolumeActivation-Tools-FoD-Package~31bf3856ad364e35~AMD64~fi-fi~.psf" PayloadType="ExpressPSF" />
      </Payload>
    </Package>
    <Package ID="Microsoft-Windows-WMI-SNMP-Provider-Client-Package~31bf3856ad364e35~AMD64~fi-fi~" InstalledSize="57180" Version="10.0.17763.1">
      <SatelliteInfo>
        <ApplyToInfo>
          <ApplyTo Type="language" Value="fi-FI" />
        </ApplyToInfo>
      </SatelliteInfo>
      <Payload>
        <PayloadItem PayloadHash="l+7aXL2tD6dXXPYBFMGRAT18Cbej3fR495LQUuC7SHI=" PayloadSize="19127" Path="FeaturesOnDemand\fi-fi\baseless\Microsoft-Windows-WMI-SNMP-Provider-Client-Package~31bf3856ad364e35~AMD64~fi-fi~.cab" PayloadType="ExpressCab" />
        <PayloadItem PayloadHash="WTt0DOu2oBx5p3SdCqK0HPXz5uHyV5Na74wyITIhQvo=" PayloadSize="74179" Path="FeaturesOnDemand\fi-fi\baseless\Microsoft-Windows-WMI-SNMP-Provider-Client-Package~31bf3856ad364e35~AMD64~fi-fi~.psf" PayloadType="ExpressPSF" />
      </Payload>
    </Package>
    <Package ID="Microsoft-Windows-WMI-SNMP-Provider-Client-Package~31bf3856ad364e35~wow64~fi-fi~" InstalledSize="57474" Version="10.0.17763.1">
      <SatelliteInfo>
        <ApplyToInfo>
          <ApplyTo Type="arch" Value="wow64" />
          <ApplyTo Type="language" Value="fi-FI" />
        </ApplyToInfo>
      </SatelliteInfo>
      <Payload>
        <PayloadItem PayloadHash="vBwlbE/erRDFFhkCe3TYfDO/cBA9F3cU5Uq5iM/L/14=" PayloadSize="19275" Path="FeaturesOnDemand\fi-fi\baseless\Microsoft-Windows-WMI-SNMP-Provider-Client-Package~31bf3856ad364e35~wow64~fi-fi~.cab" PayloadType="ExpressCab" />
        <PayloadItem PayloadHash="xvcfk9V4Vkm9yqS3Z0iSf5CnMuNJbxKdSMaWLw5vekw=" PayloadSize="73990" Path="FeaturesOnDemand\fi-fi\baseless\Microsoft-Windows-WMI-SNMP-Provider-Client-Package~31bf3856ad364e35~wow64~fi-fi~.psf" PayloadType="ExpressPSF" />
      </Payload>
    </Package>
    <Package ID="Microsoft-Windows-WSUS-Tools-FoD-Package~31bf3856ad364e35~AMD64~fi-fi~" InstalledSize="2929151" Version="10.0.17763.1">
      <SatelliteInfo>
        <ApplyToInfo>
          <ApplyTo Type="language" Value="fi-FI" />
        </ApplyToInfo>
      </SatelliteInfo>
      <Payload>
        <PayloadItem PayloadHash="ctyftV1Gfff1Q4JkFOM0pT3QewpZaMxI381X9QVmDKE=" PayloadSize="19933" Path="FeaturesOnDemand\fi-fi\baseless\Microsoft-Windows-WSUS-Tools-FoD-Package~31bf3856ad364e35~AMD64~fi-fi~.cab" PayloadType="ExpressCab" />
        <PayloadItem PayloadHash="Xn9r3M+Bhx1p2E5zeK/a843y+6uzkr/EwpwHg6CeRek=" PayloadSize="395254" Path="FeaturesOnDemand\fi-fi\baseless\Microsoft-Windows-WSUS-Tools-FoD-Package~31bf3856ad364e35~AMD64~fi-fi~.psf" PayloadType="ExpressPSF" />
      </Payload>
    </Package>
  </Packages>
</CompDB>