<?xml version="1.0" encoding="utf-8"?>
<CompDB xmlns:xsi="http://www.w3.org/2001/XMLSchema-instance" xmlns:xsd="http://www.w3.org/2001/XMLSchema" CreatedDate="2018-11-15T20:58:41.9000755Z" Revision="1" SchemaVersion="1.2" Product="Desktop" BuildID="80154b57-1148-3590-c1b9-d2ce93ee1fac" BuildInfo="rs5_release.17763.1.180914-1434" OSVersion="10.0.17763.1" BuildArch="amd64" ReleaseType="Production" Type="Baseless" xmlns="http://schemas.microsoft.com/embedded/2004/10/ImageUpdate">
  <Tags Type="Language">
    <Tag Name="Language" Value="es-MX" />
    <Tag Name="UpdateType" Value="Baseless" />
  </Tags>
  <Features>
    <Feature Type="LanguagePack" FeatureID="Language.UI.Server~es-mx" FMID="MSDL" Group="Microsoft">
      <Packages>
        <Package ID="Microsoft-Windows-Server-LanguagePack-Package_es-mx~31bf3856ad364e35~amd64~es-mx~" PackageType="FeaturePackage" />
      </Packages>
    </Feature>
    <Feature Type="OnDemandFeature" FeatureID="Microsoft.Onecore.StorageManagement~~1.0" FMID="MSDN" Group="Microsoft">
      <Packages>
        <Package ID="Microsoft-OneCore-StorageManagement-FoD-Package~31bf3856ad364e35~AMD64~es-mx~" PackageType="SatellitePackage" />
        <Package ID="Microsoft-OneCore-StorageManagement-FoD-Package~31bf3856ad364e35~wow64~es-mx~" PackageType="SatellitePackage" />
      </Packages>
    </Feature>
    <Feature Type="OnDemandFeature" FeatureID="Rsat.ActiveDirectory.DS-LDS.Tools~~1.0" FMID="MSDN" Group="Microsoft">
      <Dependencies>
        <Feature FeatureID="Rsat.ServerManager.Tools~~1.0" />
      </Dependencies>
      <Packages>
        <Package ID="Microsoft-Windows-ActiveDirectory-DS-LDS-Tools-FoD-Package~31bf3856ad364e35~AMD64~es-mx~" PackageType="SatellitePackage" />
        <Package ID="Microsoft-Windows-ActiveDirectory-DS-LDS-Tools-FoD-Package~31bf3856ad364e35~wow64~es-mx~" PackageType="SatellitePackage" />
      </Packages>
    </Feature>
    <Feature Type="OnDemandFeature" FeatureID="Rsat.BitLocker.Recovery.Tools~~1.0" FMID="MSDN" Group="Microsoft">
      <Dependencies>
        <Feature FeatureID="Rsat.ActiveDirectory.DS-LDS.Tools~~1.0" />
      </Dependencies>
      <Packages>
        <Package ID="Microsoft-Windows-BitLocker-Recovery-Tools-FoD-Package~31bf3856ad364e35~AMD64~es-mx~" PackageType="SatellitePackage" />
      </Packages>
    </Feature>
    <Feature Type="OnDemandFeature" FeatureID="Rsat.CertificateServices.Tools~~1.0" FMID="MSDN" Group="Microsoft">
      <Packages>
        <Package ID="Microsoft-Windows-CertificateServices-Tools-FoD-Package~31bf3856ad364e35~AMD64~es-mx~" PackageType="SatellitePackage" />
      </Packages>
    </Feature>
    <Feature Type="OnDemandFeature" FeatureID="Rsat.DHCP.Tools~~1.0" FMID="MSDN" Group="Microsoft">
      <Packages>
        <Package ID="Microsoft-Windows-DHCP-Tools-FoD-Package~31bf3856ad364e35~AMD64~es-mx~" PackageType="SatellitePackage" />
        <Package ID="Microsoft-Windows-DHCP-Tools-FoD-Package~31bf3856ad364e35~wow64~es-mx~" PackageType="SatellitePackage" />
      </Packages>
    </Feature>
    <Feature Type="OnDemandFeature" FeatureID="Rsat.Dns.Tools~~1.0" FMID="MSDN" Group="Microsoft">
      <Packages>
        <Package ID="Microsoft-Windows-DNS-Tools-FoD-Package~31bf3856ad364e35~AMD64~es-mx~" PackageType="SatellitePackage" />
        <Package ID="Microsoft-Windows-DNS-Tools-FoD-Package~31bf3856ad364e35~wow64~es-mx~" PackageType="SatellitePackage" />
      </Packages>
    </Feature>
    <Feature Type="OnDemandFeature" FeatureID="Rsat.FailoverCluster.Management.Tools~~1.0" FMID="MSDN" Group="Microsoft">
      <Dependencies>
        <Feature FeatureID="Rsat.FileServices.Tools~~1.0" />
      </Dependencies>
      <Packages>
        <Package ID="Microsoft-Windows-FailoverCluster-Management-Tools-FOD-Package~31bf3856ad364e35~AMD64~es-mx~" PackageType="SatellitePackage" />
        <Package ID="Microsoft-Windows-FailoverCluster-Management-Tools-FOD-Package~31bf3856ad364e35~wow64~es-mx~" PackageType="SatellitePackage" />
      </Packages>
    </Feature>
    <Feature Type="OnDemandFeature" FeatureID="Rsat.FileServices.Tools~~1.0" FMID="MSDN" Group="Microsoft">
      <Dependencies>
        <Feature FeatureID="Rsat.ServerManager.Tools~~1.0" />
      </Dependencies>
      <Packages>
        <Package ID="Microsoft-Windows-FileServices-Tools-FoD-Package~31bf3856ad364e35~AMD64~es-mx~" PackageType="SatellitePackage" />
        <Package ID="Microsoft-Windows-FileServices-Tools-FoD-Package~31bf3856ad364e35~wow64~es-mx~" PackageType="SatellitePackage" />
      </Packages>
    </Feature>
    <Feature Type="OnDemandFeature" FeatureID="Rsat.GroupPolicy.Management.Tools~~1.0" FMID="MSDN" Group="Microsoft">
      <Packages>
        <Package ID="Microsoft-Windows-GroupPolicy-Management-Tools-FoD-Package~31bf3856ad364e35~AMD64~es-mx~" PackageType="SatellitePackage" />
        <Package ID="Microsoft-Windows-GroupPolicy-Management-Tools-FoD-Package~31bf3856ad364e35~wow64~es-mx~" PackageType="SatellitePackage" />
      </Packages>
    </Feature>
    <Feature Type="OnDemandFeature" FeatureID="Rsat.IPAM.Client.Tools~~1.0" FMID="MSDN" Group="Microsoft">
      <Dependencies>
        <Feature FeatureID="Rsat.ServerManager.Tools~~1.0" />
      </Dependencies>
      <Packages>
        <Package ID="Microsoft-Windows-IPAM-Client-FoD-Package~31bf3856ad364e35~AMD64~es-mx~" PackageType="SatellitePackage" />
        <Package ID="Microsoft-Windows-IPAM-Client-FoD-Package~31bf3856ad364e35~wow64~es-mx~" PackageType="SatellitePackage" />
      </Packages>
    </Feature>
    <Feature Type="OnDemandFeature" FeatureID="Rsat.NetworkController.Tools~~1.0" FMID="MSDN" Group="Microsoft">
      <Packages>
        <Package ID="Microsoft-Windows-NetworkController-Tools-FoD-Package~31bf3856ad364e35~AMD64~es-mx~" PackageType="SatellitePackage" />
      </Packages>
    </Feature>
    <Feature Type="OnDemandFeature" FeatureID="Rsat.NetworkLoadBalancing.Tools~~1.0" FMID="MSDN" Group="Microsoft">
      <Packages>
        <Package ID="Microsoft-Windows-NetworkLoadBalancing-Tools-FoD-Package~31bf3856ad364e35~AMD64~es-mx~" PackageType="SatellitePackage" />
      </Packages>
    </Feature>
    <Feature Type="OnDemandFeature" FeatureID="RasCMAK.Client~~1.0" FMID="MSDN" Group="Microsoft">
      <Packages>
        <Package ID="Microsoft-Windows-RasCMAK-Client-Package~31bf3856ad364e35~AMD64~es-mx~" PackageType="SatellitePackage" />
        <Package ID="Microsoft-Windows-RasCMAK-Client-Package~31bf3856ad364e35~wow64~es-mx~" PackageType="SatellitePackage" />
      </Packages>
    </Feature>
    <Feature Type="OnDemandFeature" FeatureID="RIP.Listener~~1.0" FMID="MSDN" Group="Microsoft">
      <Packages>
        <Package ID="Microsoft-Windows-RasRip-Package~31bf3856ad364e35~AMD64~es-mx~" PackageType="SatellitePackage" />
      </Packages>
    </Feature>
    <Feature Type="OnDemandFeature" FeatureID="Rsat.RemoteAccess.Management.Tools~~1.0" FMID="MSDN" Group="Microsoft">
      <Dependencies>
        <Feature FeatureID="Rsat.GroupPolicy.Management.Tools~~1.0" />
        <Feature FeatureID="Rsat.ServerManager.Tools~~1.0" />
      </Dependencies>
      <Packages>
        <Package ID="Microsoft-Windows-RemoteAccess-Management-Tools-FoD-Package~31bf3856ad364e35~AMD64~es-mx~" PackageType="SatellitePackage" />
        <Package ID="Microsoft-Windows-RemoteAccess-Management-Tools-FoD-Package~31bf3856ad364e35~wow64~es-mx~" PackageType="SatellitePackage" />
      </Packages>
    </Feature>
    <Feature Type="OnDemandFeature" FeatureID="Rsat.RemoteDesktop.Services.Tools~~1.0" FMID="MSDN" Group="Microsoft">
      <Packages>
        <Package ID="Microsoft-Windows-RemoteDesktop-Services-Tools-FoD-Package~31bf3856ad364e35~AMD64~es-mx~" PackageType="SatellitePackage" />
      </Packages>
    </Feature>
    <Feature Type="OnDemandFeature" FeatureID="ServerCore.AppCompatibility~~1.0" FMID="MSDN" Group="Microsoft">
      <Packages>
        <Package ID="Microsoft-Windows-Server-AppCompat-FoD-Package~31bf3856ad364e35~AMD64~es-mx~" PackageType="SatellitePackage" />
      </Packages>
    </Feature>
    <Feature Type="OnDemandFeature" FeatureID="Rsat.ServerManager.Tools~~1.0" FMID="MSDN" Group="Microsoft">
      <Packages>
        <Package ID="Microsoft-Windows-ServerManager-Tools-FoD-Package~31bf3856ad364e35~AMD64~es-mx~" PackageType="SatellitePackage" />
        <Package ID="Microsoft-Windows-ServerManager-Tools-FoD-Package~31bf3856ad364e35~wow64~es-mx~" PackageType="SatellitePackage" />
      </Packages>
    </Feature>
    <Feature Type="OnDemandFeature" FeatureID="Rsat.Shielded.VM.Tools~~1.0" FMID="MSDN" Group="Microsoft">
      <Dependencies>
        <Feature FeatureID="Rsat.ServerManager.Tools~~1.0" />
      </Dependencies>
      <Packages>
        <Package ID="Microsoft-Windows-Shielded-VM-Tools-FoD-Package~31bf3856ad364e35~AMD64~es-mx~" PackageType="SatellitePackage" />
      </Packages>
    </Feature>
    <Feature Type="OnDemandFeature" FeatureID="SNMP.Client~~1.0" FMID="MSDN" Group="Microsoft">
      <Packages>
        <Package ID="Microsoft-Windows-SNMP-Client-Package~31bf3856ad364e35~AMD64~es-mx~" PackageType="SatellitePackage" />
        <Package ID="Microsoft-Windows-SNMP-Client-Package~31bf3856ad364e35~wow64~es-mx~" PackageType="SatellitePackage" />
      </Packages>
    </Feature>
    <Feature Type="OnDemandFeature" FeatureID="Microsoft.Windows.StorageManagement~~1.0" FMID="MSDN" Group="Microsoft">
      <Packages>
        <Package ID="Microsoft-Windows-StorageManagement-FoD-Package~31bf3856ad364e35~AMD64~es-mx~" PackageType="SatellitePackage" />
        <Package ID="Microsoft-Windows-StorageManagement-FoD-Package~31bf3856ad364e35~wow64~es-mx~" PackageType="SatellitePackage" />
      </Packages>
    </Feature>
    <Feature Type="OnDemandFeature" FeatureID="Rsat.StorageMigrationService.Management.Tools~~1.0" FMID="MSDN" Group="Microsoft">
      <Packages>
        <Package ID="Microsoft-Windows-StorageMigrationService-Management-Tools-FOD-Package~31bf3856ad364e35~AMD64~es-mx~" PackageType="SatellitePackage" />
      </Packages>
    </Feature>
    <Feature Type="OnDemandFeature" FeatureID="Rsat.StorageReplica.Tools~~1.0" FMID="MSDN" Group="Microsoft">
      <Packages>
        <Package ID="Microsoft-Windows-StorageReplica-Tools-FoD-Package~31bf3856ad364e35~AMD64~es-mx~" PackageType="SatellitePackage" />
      </Packages>
    </Feature>
    <Feature Type="OnDemandFeature" FeatureID="Rsat.SystemInsights.Management.Tools~~1.0" FMID="MSDN" Group="Microsoft">
      <Packages>
        <Package ID="Microsoft-Windows-SystemInsights-Management-Tools-FOD-Package~31bf3856ad364e35~AMD64~es-mx~" PackageType="SatellitePackage" />
      </Packages>
    </Feature>
    <Feature Type="OnDemandFeature" FeatureID="Rsat.VolumeActivation.Tools~~1.0" FMID="MSDN" Group="Microsoft">
      <Packages>
        <Package ID="Microsoft-Windows-VolumeActivation-Tools-FoD-Package~31bf3856ad364e35~AMD64~es-mx~" PackageType="SatellitePackage" />
      </Packages>
    </Feature>
    <Feature Type="OnDemandFeature" FeatureID="WMI-SNMP-Provider.Client~~1.0" FMID="MSDN" Group="Microsoft">
      <Dependencies>
        <Feature FeatureID="SNMP.Client~~1.0" />
      </Dependencies>
      <Packages>
        <Package ID="Microsoft-Windows-WMI-SNMP-Provider-Client-Package~31bf3856ad364e35~AMD64~es-mx~" PackageType="SatellitePackage" />
        <Package ID="Microsoft-Windows-WMI-SNMP-Provider-Client-Package~31bf3856ad364e35~wow64~es-mx~" PackageType="SatellitePackage" />
      </Packages>
    </Feature>
    <Feature Type="OnDemandFeature" FeatureID="Rsat.WSUS.Tools~~1.0" FMID="MSDN" Group="Microsoft">
      <Packages>
        <Package ID="Microsoft-Windows-WSUS-Tools-FoD-Package~31bf3856ad364e35~AMD64~es-mx~" PackageType="SatellitePackage" />
      </Packages>
    </Feature>
  </Features>
  <Packages>
    <Package ID="Microsoft-Windows-Server-LanguagePack-Package_es-mx~31bf3856ad364e35~amd64~es-mx~" InstalledSize="1168119270" Version="10.0.17763.1">
      <SatelliteInfo>
        <DeclareInfo>
          <Declare Type="language" Value="es-MX" />
        </DeclareInfo>
      </SatelliteInfo>
      <Payload>
        <PayloadItem PayloadHash="TOtb8M5FZhNAuqQVKT5+gDCQ0t9BqMLhuxqxHenBDPA=" PayloadSize="1673257" Path="UUP\Desktop\editionpackages\Server\es-mx\baseless\Microsoft-Windows-Server-LanguagePack-Package_es-mx~31bf3856ad364e35~amd64~es-mx~.cab" PayloadType="ExpressCab" />
        <PayloadItem PayloadHash="Ko7g7cWumrzVOXDtGG2v0fyGWhLadmhzehWFFu+VF/8=" PayloadSize="78890701" Path="UUP\Desktop\editionpackages\Server\es-mx\baseless\Microsoft-Windows-Server-LanguagePack-Package_es-mx~31bf3856ad364e35~amd64~es-mx~.psf" PayloadType="ExpressPSF" />
      </Payload>
    </Package>
    <Package ID="Microsoft-OneCore-StorageManagement-FoD-Package~31bf3856ad364e35~AMD64~es-mx~" InstalledSize="1961292" Version="10.0.17763.1">
      <SatelliteInfo>
        <ApplyToInfo>
          <ApplyTo Type="language" Value="es-MX" />
        </ApplyToInfo>
      </SatelliteInfo>
      <Payload>
        <PayloadItem PayloadHash="4uiffJftQrK01zujWxHCxNsKZOuejc7YEHNnPtU3ng0=" PayloadSize="20975" Path="FeaturesOnDemand\es-mx\baseless\Microsoft-OneCore-StorageManagement-FoD-Package~31bf3856ad364e35~AMD64~es-mx~.cab" PayloadType="ExpressCab" />
        <PayloadItem PayloadHash="r9oCUbwEmJAhb2V9K1HsSpJtJqXqId/2XYabV9zAxO4=" PayloadSize="207354" Path="FeaturesOnDemand\es-mx\baseless\Microsoft-OneCore-StorageManagement-FoD-Package~31bf3856ad364e35~AMD64~es-mx~.psf" PayloadType="ExpressPSF" />
      </Payload>
    </Package>
    <Package ID="Microsoft-OneCore-StorageManagement-FoD-Package~31bf3856ad364e35~wow64~es-mx~" InstalledSize="1079707" Version="10.0.17763.1">
      <SatelliteInfo>
        <ApplyToInfo>
          <ApplyTo Type="arch" Value="wow64" />
          <ApplyTo Type="language" Value="es-MX" />
        </ApplyToInfo>
      </SatelliteInfo>
      <Payload>
        <PayloadItem PayloadHash="gm2yaZcdXnfcwWtNUYUj/35ywnD3480fKO1CRBYA3Rw=" PayloadSize="18991" Path="FeaturesOnDemand\es-mx\baseless\Microsoft-OneCore-StorageManagement-FoD-Package~31bf3856ad364e35~wow64~es-mx~.cab" PayloadType="ExpressCab" />
        <PayloadItem PayloadHash="ZQ8q9F0BZGK2qPRmNoLrf2Os6oXd6gp6E7aLTK7gjzs=" PayloadSize="117003" Path="FeaturesOnDemand\es-mx\baseless\Microsoft-OneCore-StorageManagement-FoD-Package~31bf3856ad364e35~wow64~es-mx~.psf" PayloadType="ExpressPSF" />
      </Payload>
    </Package>
    <Package ID="Microsoft-Windows-ActiveDirectory-DS-LDS-Tools-FoD-Package~31bf3856ad364e35~AMD64~es-mx~" InstalledSize="6131916" Version="10.0.17763.1">
      <SatelliteInfo>
        <ApplyToInfo>
          <ApplyTo Type="language" Value="es-MX" />
        </ApplyToInfo>
      </SatelliteInfo>
      <Payload>
        <PayloadItem PayloadHash="QYUPjjnD2M4m4yiNcXE5iMa7dwrd0p+Y4Mw5D+kK+sY=" PayloadSize="27879" Path="FeaturesOnDemand\es-mx\baseless\Microsoft-Windows-ActiveDirectory-DS-LDS-Tools-FoD-Package~31bf3856ad364e35~AMD64~es-mx~.cab" PayloadType="ExpressCab" />
        <PayloadItem PayloadHash="Q1YM7vJgJPJc92wOchk2wIFfQafeEjig8291q5XaPHE=" PayloadSize="983924" Path="FeaturesOnDemand\es-mx\baseless\Microsoft-Windows-ActiveDirectory-DS-LDS-Tools-FoD-Package~31bf3856ad364e35~AMD64~es-mx~.psf" PayloadType="ExpressPSF" />
      </Payload>
    </Package>
    <Package ID="Microsoft-Windows-ActiveDirectory-DS-LDS-Tools-FoD-Package~31bf3856ad364e35~wow64~es-mx~" InstalledSize="819629" Version="10.0.17763.1">
      <SatelliteInfo>
        <ApplyToInfo>
          <ApplyTo Type="arch" Value="wow64" />
          <ApplyTo Type="language" Value="es-MX" />
        </ApplyToInfo>
      </SatelliteInfo>
      <Payload>
        <PayloadItem PayloadHash="O0hWt7wA2oNduoXu0Dgr/kn1/Ic4ZHyeeVr1q9P6C3E=" PayloadSize="20081" Path="FeaturesOnDemand\es-mx\baseless\Microsoft-Windows-ActiveDirectory-DS-LDS-Tools-FoD-Package~31bf3856ad364e35~wow64~es-mx~.cab" PayloadType="ExpressCab" />
        <PayloadItem PayloadHash="L6JgntsWb7DBa3xtPn3VXa5u6nl4gfjUsiZmQWA79EE=" PayloadSize="164203" Path="FeaturesOnDemand\es-mx\baseless\Microsoft-Windows-ActiveDirectory-DS-LDS-Tools-FoD-Package~31bf3856ad364e35~wow64~es-mx~.psf" PayloadType="ExpressPSF" />
      </Payload>
    </Package>
    <Package ID="Microsoft-Windows-BitLocker-Recovery-Tools-FoD-Package~31bf3856ad364e35~AMD64~es-mx~" InstalledSize="34762" Version="10.0.17763.1">
      <SatelliteInfo>
        <ApplyToInfo>
          <ApplyTo Type="language" Value="es-MX" />
        </ApplyToInfo>
      </SatelliteInfo>
      <Payload>
        <PayloadItem PayloadHash="pzHZVBvcMI8oxE9e/yWJ7Ez+/LZTte71+GAwE4mYo34=" PayloadSize="18783" Path="FeaturesOnDemand\es-mx\baseless\Microsoft-Windows-BitLocker-Recovery-Tools-FoD-Package~31bf3856ad364e35~AMD64~es-mx~.cab" PayloadType="ExpressCab" />
        <PayloadItem PayloadHash="l72oyxCyM14jFnhe2j5CoWPANj74wGpwzo6HC999iq8=" PayloadSize="67801" Path="FeaturesOnDemand\es-mx\baseless\Microsoft-Windows-BitLocker-Recovery-Tools-FoD-Package~31bf3856ad364e35~AMD64~es-mx~.psf" PayloadType="ExpressPSF" />
      </Payload>
    </Package>
    <Package ID="Microsoft-Windows-CertificateServices-Tools-FoD-Package~31bf3856ad364e35~AMD64~es-mx~" InstalledSize="1055165" Version="10.0.17763.1">
      <SatelliteInfo>
        <ApplyToInfo>
          <ApplyTo Type="language" Value="es-MX" />
        </ApplyToInfo>
      </SatelliteInfo>
      <Payload>
        <PayloadItem PayloadHash="lmvM86mPsScbtPYIxbT+3Hzmd9lUGH59CmtS0CV0olw=" PayloadSize="20787" Path="FeaturesOnDemand\es-mx\baseless\Microsoft-Windows-CertificateServices-Tools-FoD-Package~31bf3856ad364e35~AMD64~es-mx~.cab" PayloadType="ExpressCab" />
        <PayloadItem PayloadHash="cq0MKpS2LCgMtpGIx3c/hrxVSPxik8beLkgJV7luLvE=" PayloadSize="209045" Path="FeaturesOnDemand\es-mx\baseless\Microsoft-Windows-CertificateServices-Tools-FoD-Package~31bf3856ad364e35~AMD64~es-mx~.psf" PayloadType="ExpressPSF" />
      </Payload>
    </Package>
    <Package ID="Microsoft-Windows-DHCP-Tools-FoD-Package~31bf3856ad364e35~AMD64~es-mx~" InstalledSize="1880520" Version="10.0.17763.1">
      <SatelliteInfo>
        <ApplyToInfo>
          <ApplyTo Type="language" Value="es-MX" />
        </ApplyToInfo>
      </SatelliteInfo>
      <Payload>
        <PayloadItem PayloadHash="jhkDUKErUCnYXtl1Y/XaUKWnI8nmkYM/Czt7OWZSZMA=" PayloadSize="19561" Path="FeaturesOnDemand\es-mx\baseless\Microsoft-Windows-DHCP-Tools-FoD-Package~31bf3856ad364e35~AMD64~es-mx~.cab" PayloadType="ExpressCab" />
        <PayloadItem PayloadHash="a07CnYEVGB7mqYGsB1F2ICsxGiPpA38yk1EdFjigQZk=" PayloadSize="215516" Path="FeaturesOnDemand\es-mx\baseless\Microsoft-Windows-DHCP-Tools-FoD-Package~31bf3856ad364e35~AMD64~es-mx~.psf" PayloadType="ExpressPSF" />
      </Payload>
    </Package>
    <Package ID="Microsoft-Windows-DHCP-Tools-FoD-Package~31bf3856ad364e35~wow64~es-mx~" InstalledSize="511737" Version="10.0.17763.1">
      <SatelliteInfo>
        <ApplyToInfo>
          <ApplyTo Type="arch" Value="wow64" />
          <ApplyTo Type="language" Value="es-MX" />
        </ApplyToInfo>
      </SatelliteInfo>
      <Payload>
        <PayloadItem PayloadHash="kCUm+d/J1wmnpuIh0VUK6Fwutn4pHM4gzJ92N1oUDx4=" PayloadSize="18579" Path="FeaturesOnDemand\es-mx\baseless\Microsoft-Windows-DHCP-Tools-FoD-Package~31bf3856ad364e35~wow64~es-mx~.cab" PayloadType="ExpressCab" />
        <PayloadItem PayloadHash="IqkzmcKWHvhOkRCIT1f19EGbEi+On3cLVjpc5Cu4hw8=" PayloadSize="101411" Path="FeaturesOnDemand\es-mx\baseless\Microsoft-Windows-DHCP-Tools-FoD-Package~31bf3856ad364e35~wow64~es-mx~.psf" PayloadType="ExpressPSF" />
      </Payload>
    </Package>
    <Package ID="Microsoft-Windows-DNS-Tools-FoD-Package~31bf3856ad364e35~AMD64~es-mx~" InstalledSize="1967155" Version="10.0.17763.1">
      <SatelliteInfo>
        <ApplyToInfo>
          <ApplyTo Type="language" Value="es-MX" />
        </ApplyToInfo>
      </SatelliteInfo>
      <Payload>
        <PayloadItem PayloadHash="fBGNzNrI/eH7fTPBMUkgy4afKFyk1tR2nWRAWsGMkL4=" PayloadSize="20231" Path="FeaturesOnDemand\es-mx\baseless\Microsoft-Windows-DNS-Tools-FoD-Package~31bf3856ad364e35~AMD64~es-mx~.cab" PayloadType="ExpressCab" />
        <PayloadItem PayloadHash="ogKpfQd2uah1tHL5ZLhxOIRyGVsYJbilbmChcLYnpMI=" PayloadSize="250622" Path="FeaturesOnDemand\es-mx\baseless\Microsoft-Windows-DNS-Tools-FoD-Package~31bf3856ad364e35~AMD64~es-mx~.psf" PayloadType="ExpressPSF" />
      </Payload>
    </Package>
    <Package ID="Microsoft-Windows-DNS-Tools-FoD-Package~31bf3856ad364e35~wow64~es-mx~" InstalledSize="13446" Version="10.0.17763.1">
      <SatelliteInfo>
        <ApplyToInfo>
          <ApplyTo Type="arch" Value="wow64" />
          <ApplyTo Type="language" Value="es-MX" />
        </ApplyToInfo>
      </SatelliteInfo>
      <Payload>
        <PayloadItem PayloadHash="cbZNAygxrFFf4S6nr3Yuc+dX4p+y8xHJzFNn14XmHc4=" PayloadSize="18615" Path="FeaturesOnDemand\es-mx\baseless\Microsoft-Windows-DNS-Tools-FoD-Package~31bf3856ad364e35~wow64~es-mx~.cab" PayloadType="ExpressCab" />
        <PayloadItem PayloadHash="F11WnZJ2LZitsPKZGbSLCw8HIVxp7L7bhSA7BXjheqk=" PayloadSize="58853" Path="FeaturesOnDemand\es-mx\baseless\Microsoft-Windows-DNS-Tools-FoD-Package~31bf3856ad364e35~wow64~es-mx~.psf" PayloadType="ExpressPSF" />
      </Payload>
    </Package>
    <Package ID="Microsoft-Windows-FailoverCluster-Management-Tools-FOD-Package~31bf3856ad364e35~AMD64~es-mx~" InstalledSize="9069646" Version="10.0.17763.1">
      <SatelliteInfo>
        <ApplyToInfo>
          <ApplyTo Type="language" Value="es-MX" />
        </ApplyToInfo>
      </SatelliteInfo>
      <Payload>
        <PayloadItem PayloadHash="qHUoit8ejhBjJfphUpDIyWZLfeMXS2KerVNgcjUCaVo=" PayloadSize="27061" Path="FeaturesOnDemand\es-mx\baseless\Microsoft-Windows-FailoverCluster-Management-Tools-FOD-Package~31bf3856ad364e35~AMD64~es-mx~.cab" PayloadType="ExpressCab" />
        <PayloadItem PayloadHash="7jP1DhCbLVbrNozGk2TuiR+dbz46lXmoo1Khq+n11uE=" PayloadSize="2483974" Path="FeaturesOnDemand\es-mx\baseless\Microsoft-Windows-FailoverCluster-Management-Tools-FOD-Package~31bf3856ad364e35~AMD64~es-mx~.psf" PayloadType="ExpressPSF" />
      </Payload>
    </Package>
    <Package ID="Microsoft-Windows-FailoverCluster-Management-Tools-FOD-Package~31bf3856ad364e35~wow64~es-mx~" InstalledSize="81979" Version="10.0.17763.1">
      <SatelliteInfo>
        <ApplyToInfo>
          <ApplyTo Type="arch" Value="wow64" />
          <ApplyTo Type="language" Value="es-MX" />
        </ApplyToInfo>
      </SatelliteInfo>
      <Payload>
        <PayloadItem PayloadHash="hwg8S7k/oXPxzfLPtApKOT4vZQ2AeeVBczRw4Lf5SKc=" PayloadSize="20071" Path="FeaturesOnDemand\es-mx\baseless\Microsoft-Windows-FailoverCluster-Management-Tools-FOD-Package~31bf3856ad364e35~wow64~es-mx~.cab" PayloadType="ExpressCab" />
        <PayloadItem PayloadHash="JL+kdMUxpFWNxuiHwrqKVl5SkYaFn1rxuFsoYrxkpQ4=" PayloadSize="88215" Path="FeaturesOnDemand\es-mx\baseless\Microsoft-Windows-FailoverCluster-Management-Tools-FOD-Package~31bf3856ad364e35~wow64~es-mx~.psf" PayloadType="ExpressPSF" />
      </Payload>
    </Package>
    <Package ID="Microsoft-Windows-FileServices-Tools-FoD-Package~31bf3856ad364e35~AMD64~es-mx~" InstalledSize="4343724" Version="10.0.17763.1">
      <SatelliteInfo>
        <ApplyToInfo>
          <ApplyTo Type="language" Value="es-MX" />
        </ApplyToInfo>
      </SatelliteInfo>
      <Payload>
        <PayloadItem PayloadHash="rrbVE0SsSmzI1hZosSHzmbaijbMWmSwWt7rqVKlsxUE=" PayloadSize="24241" Path="FeaturesOnDemand\es-mx\baseless\Microsoft-Windows-FileServices-Tools-FoD-Package~31bf3856ad364e35~AMD64~es-mx~.cab" PayloadType="ExpressCab" />
        <PayloadItem PayloadHash="1GU2p0ojjluw7WksgKvHixqJCHUezDyhUrSkkAHvbRo=" PayloadSize="638181" Path="FeaturesOnDemand\es-mx\baseless\Microsoft-Windows-FileServices-Tools-FoD-Package~31bf3856ad364e35~AMD64~es-mx~.psf" PayloadType="ExpressPSF" />
      </Payload>
    </Package>
    <Package ID="Microsoft-Windows-FileServices-Tools-FoD-Package~31bf3856ad364e35~wow64~es-mx~" InstalledSize="189888" Version="10.0.17763.1">
      <SatelliteInfo>
        <ApplyToInfo>
          <ApplyTo Type="arch" Value="wow64" />
          <ApplyTo Type="language" Value="es-MX" />
        </ApplyToInfo>
      </SatelliteInfo>
      <Payload>
        <PayloadItem PayloadHash="+6/KxtsWyjeSD2VhjkkbpYKPIEF8UDzmi8INc7bney4=" PayloadSize="19155" Path="FeaturesOnDemand\es-mx\baseless\Microsoft-Windows-FileServices-Tools-FoD-Package~31bf3856ad364e35~wow64~es-mx~.cab" PayloadType="ExpressCab" />
        <PayloadItem PayloadHash="mF3UDJix/hjn8yww6OP/Z4vlNnOlfoXlJgP7dO/aL5s=" PayloadSize="88120" Path="FeaturesOnDemand\es-mx\baseless\Microsoft-Windows-FileServices-Tools-FoD-Package~31bf3856ad364e35~wow64~es-mx~.psf" PayloadType="ExpressPSF" />
      </Payload>
    </Package>
    <Package ID="Microsoft-Windows-GroupPolicy-Management-Tools-FoD-Package~31bf3856ad364e35~AMD64~es-mx~" InstalledSize="2386634" Version="10.0.17763.1">
      <SatelliteInfo>
        <ApplyToInfo>
          <ApplyTo Type="language" Value="es-MX" />
        </ApplyToInfo>
      </SatelliteInfo>
      <Payload>
        <PayloadItem PayloadHash="E+nOhTROkcfbGz5aFj9IBssQFNIBYqZ/IL6KOErHbvI=" PayloadSize="23023" Path="FeaturesOnDemand\es-mx\baseless\Microsoft-Windows-GroupPolicy-Management-Tools-FoD-Package~31bf3856ad364e35~AMD64~es-mx~.cab" PayloadType="ExpressCab" />
        <PayloadItem PayloadHash="icyqqt0SkVaB5r0zH2evWz+bMrAn64OJPs9dyoDKgY0=" PayloadSize="362507" Path="FeaturesOnDemand\es-mx\baseless\Microsoft-Windows-GroupPolicy-Management-Tools-FoD-Package~31bf3856ad364e35~AMD64~es-mx~.psf" PayloadType="ExpressPSF" />
      </Payload>
    </Package>
    <Package ID="Microsoft-Windows-GroupPolicy-Management-Tools-FoD-Package~31bf3856ad364e35~wow64~es-mx~" InstalledSize="328180" Version="10.0.17763.1">
      <SatelliteInfo>
        <ApplyToInfo>
          <ApplyTo Type="arch" Value="wow64" />
          <ApplyTo Type="language" Value="es-MX" />
        </ApplyToInfo>
      </SatelliteInfo>
      <Payload>
        <PayloadItem PayloadHash="Sgw0Xsn1hvio/6IFkQqJP1ZopppO3Z1v1H6VRNt1Or0=" PayloadSize="18903" Path="FeaturesOnDemand\es-mx\baseless\Microsoft-Windows-GroupPolicy-Management-Tools-FoD-Package~31bf3856ad364e35~wow64~es-mx~.cab" PayloadType="ExpressCab" />
        <PayloadItem PayloadHash="FAYtJggh6uoWD4b37Z73mVQNy6OaYoeqCBN8zxswXCc=" PayloadSize="101382" Path="FeaturesOnDemand\es-mx\baseless\Microsoft-Windows-GroupPolicy-Management-Tools-FoD-Package~31bf3856ad364e35~wow64~es-mx~.psf" PayloadType="ExpressPSF" />
      </Payload>
    </Package>
    <Package ID="Microsoft-Windows-IPAM-Client-FoD-Package~31bf3856ad364e35~AMD64~es-mx~" InstalledSize="116769" Version="10.0.17763.1">
      <SatelliteInfo>
        <ApplyToInfo>
          <ApplyTo Type="language" Value="es-MX" />
        </ApplyToInfo>
      </SatelliteInfo>
      <Payload>
        <PayloadItem PayloadHash="ldQNl+gKGFCeveCSEI1AGK/i/hxlgULoD7GoQGx3DTk=" PayloadSize="19013" Path="FeaturesOnDemand\es-mx\baseless\Microsoft-Windows-IPAM-Client-FoD-Package~31bf3856ad364e35~AMD64~es-mx~.cab" PayloadType="ExpressCab" />
        <PayloadItem PayloadHash="rnAxSHF8UDiQLbMysj9r5c5nuatTl3v194MaDElTFrc=" PayloadSize="71866" Path="FeaturesOnDemand\es-mx\baseless\Microsoft-Windows-IPAM-Client-FoD-Package~31bf3856ad364e35~AMD64~es-mx~.psf" PayloadType="ExpressPSF" />
      </Payload>
    </Package>
    <Package ID="Microsoft-Windows-IPAM-Client-FoD-Package~31bf3856ad364e35~wow64~es-mx~" InstalledSize="27977" Version="10.0.17763.1">
      <SatelliteInfo>
        <ApplyToInfo>
          <ApplyTo Type="arch" Value="wow64" />
          <ApplyTo Type="language" Value="es-MX" />
        </ApplyToInfo>
      </SatelliteInfo>
      <Payload>
        <PayloadItem PayloadHash="bTInBWe020zmhmsJUW2lzeOHL55r8uTZYsm0he7Bz5c=" PayloadSize="18317" Path="FeaturesOnDemand\es-mx\baseless\Microsoft-Windows-IPAM-Client-FoD-Package~31bf3856ad364e35~wow64~es-mx~.cab" PayloadType="ExpressCab" />
        <PayloadItem PayloadHash="DBS9qgKu63jQL/rPwGRMxcEst4SVCmxv/+ue6hBGbbQ=" PayloadSize="61800" Path="FeaturesOnDemand\es-mx\baseless\Microsoft-Windows-IPAM-Client-FoD-Package~31bf3856ad364e35~wow64~es-mx~.psf" PayloadType="ExpressPSF" />
      </Payload>
    </Package>
    <Package ID="Microsoft-Windows-NetworkController-Tools-FoD-Package~31bf3856ad364e35~AMD64~es-mx~" InstalledSize="73250" Version="10.0.17763.1">
      <SatelliteInfo>
        <ApplyToInfo>
          <ApplyTo Type="language" Value="es-MX" />
        </ApplyToInfo>
      </SatelliteInfo>
      <Payload>
        <PayloadItem PayloadHash="MueDyMdJqIOiCClAVqrcmNbPMSTUsJ/RKvfL7vWUVbo=" PayloadSize="19249" Path="FeaturesOnDemand\es-mx\baseless\Microsoft-Windows-NetworkController-Tools-FoD-Package~31bf3856ad364e35~AMD64~es-mx~.cab" PayloadType="ExpressCab" />
        <PayloadItem PayloadHash="FsdPUw+/Fi8bpCK0d6rqzxX+0/067WhI07QJDt5bgnU=" PayloadSize="80759" Path="FeaturesOnDemand\es-mx\baseless\Microsoft-Windows-NetworkController-Tools-FoD-Package~31bf3856ad364e35~AMD64~es-mx~.psf" PayloadType="ExpressPSF" />
      </Payload>
    </Package>
    <Package ID="Microsoft-Windows-NetworkLoadBalancing-Tools-FoD-Package~31bf3856ad364e35~AMD64~es-mx~" InstalledSize="252667" Version="10.0.17763.1">
      <SatelliteInfo>
        <ApplyToInfo>
          <ApplyTo Type="language" Value="es-MX" />
        </ApplyToInfo>
      </SatelliteInfo>
      <Payload>
        <PayloadItem PayloadHash="/Nln6QyyxUm+swhR0Z4wXvq5eL6Hq1f/3ux0w6sulNo=" PayloadSize="18951" Path="FeaturesOnDemand\es-mx\baseless\Microsoft-Windows-NetworkLoadBalancing-Tools-FoD-Package~31bf3856ad364e35~AMD64~es-mx~.cab" PayloadType="ExpressCab" />
        <PayloadItem PayloadHash="A2Kz95c5qkY26DHknJfflvL4oL2QVFthQLMkMGSd8TY=" PayloadSize="100477" Path="FeaturesOnDemand\es-mx\baseless\Microsoft-Windows-NetworkLoadBalancing-Tools-FoD-Package~31bf3856ad364e35~AMD64~es-mx~.psf" PayloadType="ExpressPSF" />
      </Payload>
    </Package>
    <Package ID="Microsoft-Windows-RasCMAK-Client-Package~31bf3856ad364e35~AMD64~es-mx~" InstalledSize="237330" Version="10.0.17763.1">
      <SatelliteInfo>
        <ApplyToInfo>
          <ApplyTo Type="language" Value="es-MX" />
        </ApplyToInfo>
      </SatelliteInfo>
      <Payload>
        <PayloadItem PayloadHash="ewlNOmxIU4V374v5cIhohcsqNcwRa+V+caK9aEgIth0=" PayloadSize="19173" Path="FeaturesOnDemand\es-mx\baseless\Microsoft-Windows-RasCMAK-Client-Package~31bf3856ad364e35~AMD64~es-mx~.cab" PayloadType="ExpressCab" />
        <PayloadItem PayloadHash="IDSNYAZD2Fz2kqOfvHxrd+2kmhHMo3XCQxwSgcGdZw0=" PayloadSize="125752" Path="FeaturesOnDemand\es-mx\baseless\Microsoft-Windows-RasCMAK-Client-Package~31bf3856ad364e35~AMD64~es-mx~.psf" PayloadType="ExpressPSF" />
      </Payload>
    </Package>
    <Package ID="Microsoft-Windows-RasCMAK-Client-Package~31bf3856ad364e35~wow64~es-mx~" InstalledSize="500003" Version="10.0.17763.1">
      <SatelliteInfo>
        <ApplyToInfo>
          <ApplyTo Type="arch" Value="wow64" />
          <ApplyTo Type="language" Value="es-MX" />
        </ApplyToInfo>
      </SatelliteInfo>
      <Payload>
        <PayloadItem PayloadHash="CUgVjs1rVpmpBtzjf8E8yYi2xqHyCIJSLpQooAQZrVU=" PayloadSize="19327" Path="FeaturesOnDemand\es-mx\baseless\Microsoft-Windows-RasCMAK-Client-Package~31bf3856ad364e35~wow64~es-mx~.cab" PayloadType="ExpressCab" />
        <PayloadItem PayloadHash="ZZoUh8GnIVB5C8UmsWcNW9qqafaKqhqUGNnF0/070yQ=" PayloadSize="401416" Path="FeaturesOnDemand\es-mx\baseless\Microsoft-Windows-RasCMAK-Client-Package~31bf3856ad364e35~wow64~es-mx~.psf" PayloadType="ExpressPSF" />
      </Payload>
    </Package>
    <Package ID="Microsoft-Windows-RasRip-Package~31bf3856ad364e35~AMD64~es-mx~" InstalledSize="27549" Version="10.0.17763.1">
      <SatelliteInfo>
        <ApplyToInfo>
          <ApplyTo Type="language" Value="es-MX" />
        </ApplyToInfo>
      </SatelliteInfo>
      <Payload>
        <PayloadItem PayloadHash="nIj4mLYQkvnN6yp32+cJL6QrXp+tNoKA+xWAT1I+SjU=" PayloadSize="18701" Path="FeaturesOnDemand\es-mx\baseless\Microsoft-Windows-RasRip-Package~31bf3856ad364e35~AMD64~es-mx~.cab" PayloadType="ExpressCab" />
        <PayloadItem PayloadHash="iz+Q0BtOCu2GKc9YzdeLO5mxq2XVgKqq4x2uzUHWzpY=" PayloadSize="61606" Path="FeaturesOnDemand\es-mx\baseless\Microsoft-Windows-RasRip-Package~31bf3856ad364e35~AMD64~es-mx~.psf" PayloadType="ExpressPSF" />
      </Payload>
    </Package>
    <Package ID="Microsoft-Windows-RemoteAccess-Management-Tools-FoD-Package~31bf3856ad364e35~AMD64~es-mx~" InstalledSize="18626013" Version="10.0.17763.1">
      <SatelliteInfo>
        <ApplyToInfo>
          <ApplyTo Type="language" Value="es-MX" />
        </ApplyToInfo>
      </SatelliteInfo>
      <Payload>
        <PayloadItem PayloadHash="bnsDyRfnfpI25R7qjoPW9Fn8pmSt8/ixXVT6ESpWBXU=" PayloadSize="21811" Path="FeaturesOnDemand\es-mx\baseless\Microsoft-Windows-RemoteAccess-Management-Tools-FoD-Package~31bf3856ad364e35~AMD64~es-mx~.cab" PayloadType="ExpressCab" />
        <PayloadItem PayloadHash="tcjHaxi0a0n8N62Cau2cMd2S/jaczc/AyFPqciRwrqI=" PayloadSize="3411365" Path="FeaturesOnDemand\es-mx\baseless\Microsoft-Windows-RemoteAccess-Management-Tools-FoD-Package~31bf3856ad364e35~AMD64~es-mx~.psf" PayloadType="ExpressPSF" />
      </Payload>
    </Package>
    <Package ID="Microsoft-Windows-RemoteAccess-Management-Tools-FoD-Package~31bf3856ad364e35~wow64~es-mx~" InstalledSize="13742" Version="10.0.17763.1">
      <SatelliteInfo>
        <ApplyToInfo>
          <ApplyTo Type="arch" Value="wow64" />
          <ApplyTo Type="language" Value="es-MX" />
        </ApplyToInfo>
      </SatelliteInfo>
      <Payload>
        <PayloadItem PayloadHash="Bm2HnockYrfeSzkV8wr+Z7HKObfspPvyBjA81vllUNY=" PayloadSize="18601" Path="FeaturesOnDemand\es-mx\baseless\Microsoft-Windows-RemoteAccess-Management-Tools-FoD-Package~31bf3856ad364e35~wow64~es-mx~.cab" PayloadType="ExpressCab" />
        <PayloadItem PayloadHash="OgLNyc/AK1D3vmid+b8pSuj08Fgc2f4wj57oJVZMOrU=" PayloadSize="59034" Path="FeaturesOnDemand\es-mx\baseless\Microsoft-Windows-RemoteAccess-Management-Tools-FoD-Package~31bf3856ad364e35~wow64~es-mx~.psf" PayloadType="ExpressPSF" />
      </Payload>
    </Package>
    <Package ID="Microsoft-Windows-RemoteDesktop-Services-Tools-FoD-Package~31bf3856ad364e35~AMD64~es-mx~" InstalledSize="1551961" Version="10.0.17763.1">
      <SatelliteInfo>
        <ApplyToInfo>
          <ApplyTo Type="language" Value="es-MX" />
        </ApplyToInfo>
      </SatelliteInfo>
      <Payload>
        <PayloadItem PayloadHash="JOX6brOXsbmyuezpO5UmjHo7+axUubKiGObxsyHLok8=" PayloadSize="20679" Path="FeaturesOnDemand\es-mx\baseless\Microsoft-Windows-RemoteDesktop-Services-Tools-FoD-Package~31bf3856ad364e35~AMD64~es-mx~.cab" PayloadType="ExpressCab" />
        <PayloadItem PayloadHash="xfEwN2xuEq3neIwmh6DwB/pUYmrbQN8ddbk7en3ADb0=" PayloadSize="307256" Path="FeaturesOnDemand\es-mx\baseless\Microsoft-Windows-RemoteDesktop-Services-Tools-FoD-Package~31bf3856ad364e35~AMD64~es-mx~.psf" PayloadType="ExpressPSF" />
      </Payload>
    </Package>
    <Package ID="Microsoft-Windows-Server-AppCompat-FoD-Package~31bf3856ad364e35~AMD64~es-mx~" InstalledSize="28787583" Version="10.0.17763.1">
      <SatelliteInfo>
        <ApplyToInfo>
          <ApplyTo Type="language" Value="es-MX" />
        </ApplyToInfo>
      </SatelliteInfo>
      <Payload>
        <PayloadItem PayloadHash="P4U+riGaRYCUKKJatUbT0FtTQheONOGZPgzHukvVj9Y=" PayloadSize="95435" Path="FeaturesOnDemand\es-mx\baseless\Microsoft-Windows-Server-AppCompat-FoD-Package~31bf3856ad364e35~AMD64~es-mx~.cab" PayloadType="ExpressCab" />
        <PayloadItem PayloadHash="GZKX8KncZWYqdhDWLpfPkQWDWA3ovszgish5XKmHKaU=" PayloadSize="6877581" Path="FeaturesOnDemand\es-mx\baseless\Microsoft-Windows-Server-AppCompat-FoD-Package~31bf3856ad364e35~AMD64~es-mx~.psf" PayloadType="ExpressPSF" />
      </Payload>
    </Package>
    <Package ID="Microsoft-Windows-ServerManager-Tools-FoD-Package~31bf3856ad364e35~AMD64~es-mx~" InstalledSize="12050022" Version="10.0.17763.1">
      <SatelliteInfo>
        <ApplyToInfo>
          <ApplyTo Type="language" Value="es-MX" />
        </ApplyToInfo>
      </SatelliteInfo>
      <Payload>
        <PayloadItem PayloadHash="hs353BMVn8MCrWsIK+j89cztRIj2ND0Cc1szmpXuGx8=" PayloadSize="38513" Path="FeaturesOnDemand\es-mx\baseless\Microsoft-Windows-ServerManager-Tools-FoD-Package~31bf3856ad364e35~AMD64~es-mx~.cab" PayloadType="ExpressCab" />
        <PayloadItem PayloadHash="aBFA2Bo1+8TXIQKtNt0UcVvkgQjzCKCbmJtNl34yfAY=" PayloadSize="2339439" Path="FeaturesOnDemand\es-mx\baseless\Microsoft-Windows-ServerManager-Tools-FoD-Package~31bf3856ad364e35~AMD64~es-mx~.psf" PayloadType="ExpressPSF" />
      </Payload>
    </Package>
    <Package ID="Microsoft-Windows-ServerManager-Tools-FoD-Package~31bf3856ad364e35~wow64~es-mx~" InstalledSize="1230903" Version="10.0.17763.1">
      <SatelliteInfo>
        <ApplyToInfo>
          <ApplyTo Type="arch" Value="wow64" />
          <ApplyTo Type="language" Value="es-MX" />
        </ApplyToInfo>
      </SatelliteInfo>
      <Payload>
        <PayloadItem PayloadHash="p8Q/N0xQRNPssx3B2ZY2c5ToMGMBm+1B0wkI3QEmzF4=" PayloadSize="19663" Path="FeaturesOnDemand\es-mx\baseless\Microsoft-Windows-ServerManager-Tools-FoD-Package~31bf3856ad364e35~wow64~es-mx~.cab" PayloadType="ExpressCab" />
        <PayloadItem PayloadHash="YvgydMTRxSaksAU18UA6dIz1UzXiVJlG17rU+aLzWSA=" PayloadSize="367485" Path="FeaturesOnDemand\es-mx\baseless\Microsoft-Windows-ServerManager-Tools-FoD-Package~31bf3856ad364e35~wow64~es-mx~.psf" PayloadType="ExpressPSF" />
      </Payload>
    </Package>
    <Package ID="Microsoft-Windows-Shielded-VM-Tools-FoD-Package~31bf3856ad364e35~AMD64~es-mx~" InstalledSize="405518" Version="10.0.17763.1">
      <SatelliteInfo>
        <ApplyToInfo>
          <ApplyTo Type="language" Value="es-MX" />
        </ApplyToInfo>
      </SatelliteInfo>
      <Payload>
        <PayloadItem PayloadHash="k8ac7VScLvoR6UXfMgjAytXdVXpYB4O8RaSM0ZPcILQ=" PayloadSize="23469" Path="FeaturesOnDemand\es-mx\baseless\Microsoft-Windows-Shielded-VM-Tools-FoD-Package~31bf3856ad364e35~AMD64~es-mx~.cab" PayloadType="ExpressCab" />
        <PayloadItem PayloadHash="nXBvb/CZ/5kZkicwyKlpY4+JsmuSGXKbLdoaS/2Qt1M=" PayloadSize="183919" Path="FeaturesOnDemand\es-mx\baseless\Microsoft-Windows-Shielded-VM-Tools-FoD-Package~31bf3856ad364e35~AMD64~es-mx~.psf" PayloadType="ExpressPSF" />
      </Payload>
    </Package>
    <Package ID="Microsoft-Windows-SNMP-Client-Package~31bf3856ad364e35~AMD64~es-mx~" InstalledSize="141681" Version="10.0.17763.1">
      <SatelliteInfo>
        <ApplyToInfo>
          <ApplyTo Type="language" Value="es-MX" />
        </ApplyToInfo>
      </SatelliteInfo>
      <Payload>
        <PayloadItem PayloadHash="z1eK3xeU3ctSE8b5UUFCKu72J4blwyX8ThIoslaA5ss=" PayloadSize="20519" Path="FeaturesOnDemand\es-mx\baseless\Microsoft-Windows-SNMP-Client-Package~31bf3856ad364e35~AMD64~es-mx~.cab" PayloadType="ExpressCab" />
        <PayloadItem PayloadHash="1jG9UmaYa65WruLZAr+nyKakOOiOYsjZCDegdbY3o8U=" PayloadSize="102999" Path="FeaturesOnDemand\es-mx\baseless\Microsoft-Windows-SNMP-Client-Package~31bf3856ad364e35~AMD64~es-mx~.psf" PayloadType="ExpressPSF" />
      </Payload>
    </Package>
    <Package ID="Microsoft-Windows-SNMP-Client-Package~31bf3856ad364e35~wow64~es-mx~" InstalledSize="141432" Version="10.0.17763.1">
      <SatelliteInfo>
        <ApplyToInfo>
          <ApplyTo Type="arch" Value="wow64" />
          <ApplyTo Type="language" Value="es-MX" />
        </ApplyToInfo>
      </SatelliteInfo>
      <Payload>
        <PayloadItem PayloadHash="LJFDyJXYblk8tr7nLGcUjAqJ+U2KO1P+9pDX7dRV5ro=" PayloadSize="20511" Path="FeaturesOnDemand\es-mx\baseless\Microsoft-Windows-SNMP-Client-Package~31bf3856ad364e35~wow64~es-mx~.cab" PayloadType="ExpressCab" />
        <PayloadItem PayloadHash="OoQee4EOwhjAMOlPcp8RJrUPIA4Fs8Uplx6f+0LFyCU=" PayloadSize="102285" Path="FeaturesOnDemand\es-mx\baseless\Microsoft-Windows-SNMP-Client-Package~31bf3856ad364e35~wow64~es-mx~.psf" PayloadType="ExpressPSF" />
      </Payload>
    </Package>
    <Package ID="Microsoft-Windows-StorageManagement-FoD-Package~31bf3856ad364e35~AMD64~es-mx~" InstalledSize="1619039" Version="10.0.17763.1">
      <SatelliteInfo>
        <ApplyToInfo>
          <ApplyTo Type="language" Value="es-MX" />
        </ApplyToInfo>
      </SatelliteInfo>
      <Payload>
        <PayloadItem PayloadHash="SmKWW0QHillpLM7LYbnuu5AQL990zdZ/q///x6uXsEk=" PayloadSize="21565" Path="FeaturesOnDemand\es-mx\baseless\Microsoft-Windows-StorageManagement-FoD-Package~31bf3856ad364e35~AMD64~es-mx~.cab" PayloadType="ExpressCab" />
        <PayloadItem PayloadHash="yKP+QN3ZnFEHRapD+/TCotWh9cWh7HtHi3D1J9lA+Ec=" PayloadSize="210754" Path="FeaturesOnDemand\es-mx\baseless\Microsoft-Windows-StorageManagement-FoD-Package~31bf3856ad364e35~AMD64~es-mx~.psf" PayloadType="ExpressPSF" />
      </Payload>
    </Package>
    <Package ID="Microsoft-Windows-StorageManagement-FoD-Package~31bf3856ad364e35~wow64~es-mx~" InstalledSize="1119794" Version="10.0.17763.1">
      <SatelliteInfo>
        <ApplyToInfo>
          <ApplyTo Type="arch" Value="wow64" />
          <ApplyTo Type="language" Value="es-MX" />
        </ApplyToInfo>
      </SatelliteInfo>
      <Payload>
        <PayloadItem PayloadHash="CQ480vRGQnKFpDqVTganQz2c2Qu6knc/18HEM5imGdk=" PayloadSize="20257" Path="FeaturesOnDemand\es-mx\baseless\Microsoft-Windows-StorageManagement-FoD-Package~31bf3856ad364e35~wow64~es-mx~.cab" PayloadType="ExpressCab" />
        <PayloadItem PayloadHash="jO6vqfzpkOFxbKloEom2hYfIoWtfNUhegJp1cb7ChLQ=" PayloadSize="140544" Path="FeaturesOnDemand\es-mx\baseless\Microsoft-Windows-StorageManagement-FoD-Package~31bf3856ad364e35~wow64~es-mx~.psf" PayloadType="ExpressPSF" />
      </Payload>
    </Package>
    <Package ID="Microsoft-Windows-StorageMigrationService-Management-Tools-FOD-Package~31bf3856ad364e35~AMD64~es-mx~" InstalledSize="59432" Version="10.0.17763.1">
      <SatelliteInfo>
        <ApplyToInfo>
          <ApplyTo Type="language" Value="es-MX" />
        </ApplyToInfo>
      </SatelliteInfo>
      <Payload>
        <PayloadItem PayloadHash="LMlz0Pj5ABGEqoF+ULSIaNR1HvGLrcdKXkES3zG4UOM=" PayloadSize="18975" Path="FeaturesOnDemand\es-mx\baseless\Microsoft-Windows-StorageMigrationService-Management-Tools-FOD-Package~31bf3856ad364e35~AMD64~es-mx~.cab" PayloadType="ExpressCab" />
        <PayloadItem PayloadHash="nyNfZwAwZRVZBThsyMu6Ypkljetou1XwnF7P2CPO8Vo=" PayloadSize="73917" Path="FeaturesOnDemand\es-mx\baseless\Microsoft-Windows-StorageMigrationService-Management-Tools-FOD-Package~31bf3856ad364e35~AMD64~es-mx~.psf" PayloadType="ExpressPSF" />
      </Payload>
    </Package>
    <Package ID="Microsoft-Windows-StorageReplica-Tools-FoD-Package~31bf3856ad364e35~AMD64~es-mx~" InstalledSize="404910" Version="10.0.17763.1">
      <SatelliteInfo>
        <ApplyToInfo>
          <ApplyTo Type="language" Value="es-MX" />
        </ApplyToInfo>
      </SatelliteInfo>
      <Payload>
        <PayloadItem PayloadHash="xaALwiuvnAbNh5mGEP9iNShLp4CPu+EywSVALxXnoZU=" PayloadSize="18977" Path="FeaturesOnDemand\es-mx\baseless\Microsoft-Windows-StorageReplica-Tools-FoD-Package~31bf3856ad364e35~AMD64~es-mx~.cab" PayloadType="ExpressCab" />
        <PayloadItem PayloadHash="y5/AnFMBfIWhq1ovoo95pg7AtnPWy69domRf9vBFvTI=" PayloadSize="117777" Path="FeaturesOnDemand\es-mx\baseless\Microsoft-Windows-StorageReplica-Tools-FoD-Package~31bf3856ad364e35~AMD64~es-mx~.psf" PayloadType="ExpressPSF" />
      </Payload>
    </Package>
    <Package ID="Microsoft-Windows-SystemInsights-Management-Tools-FOD-Package~31bf3856ad364e35~AMD64~es-mx~" InstalledSize="43453" Version="10.0.17763.1">
      <SatelliteInfo>
        <ApplyToInfo>
          <ApplyTo Type="language" Value="es-MX" />
        </ApplyToInfo>
      </SatelliteInfo>
      <Payload>
        <PayloadItem PayloadHash="EfYtF63DI881f4ifskxP2ssjEqywgCnVAYCxCF0yIvo=" PayloadSize="18995" Path="FeaturesOnDemand\es-mx\baseless\Microsoft-Windows-SystemInsights-Management-Tools-FOD-Package~31bf3856ad364e35~AMD64~es-mx~.cab" PayloadType="ExpressCab" />
        <PayloadItem PayloadHash="0wQbvmHVHcWqafG8u1v3OjKaXEOjE2evSLyH3Pnuuw8=" PayloadSize="71009" Path="FeaturesOnDemand\es-mx\baseless\Microsoft-Windows-SystemInsights-Management-Tools-FOD-Package~31bf3856ad364e35~AMD64~es-mx~.psf" PayloadType="ExpressPSF" />
      </Payload>
    </Package>
    <Package ID="Microsoft-Windows-VolumeActivation-Tools-FoD-Package~31bf3856ad364e35~AMD64~es-mx~" InstalledSize="227995" Version="10.0.17763.1">
      <SatelliteInfo>
        <ApplyToInfo>
          <ApplyTo Type="language" Value="es-MX" />
        </ApplyToInfo>
      </SatelliteInfo>
      <Payload>
        <PayloadItem PayloadHash="cuVxxGk84brkz85b+F+ub5WlP4MhJ9qsLmC1renOyq0=" PayloadSize="18453" Path="FeaturesOnDemand\es-mx\baseless\Microsoft-Windows-VolumeActivation-Tools-FoD-Package~31bf3856ad364e35~AMD64~es-mx~.cab" PayloadType="ExpressCab" />
        <PayloadItem PayloadHash="aec+XfSfrrrcDpjx4nzo4GGhJgDC5/JepzMyitwFY9M=" PayloadSize="181421" Path="FeaturesOnDemand\es-mx\baseless\Microsoft-Windows-VolumeActivation-Tools-FoD-Package~31bf3856ad364e35~AMD64~es-mx~.psf" PayloadType="ExpressPSF" />
      </Payload>
    </Package>
    <Package ID="Microsoft-Windows-WMI-SNMP-Provider-Client-Package~31bf3856ad364e35~AMD64~es-mx~" InstalledSize="57399" Version="10.0.17763.1">
      <SatelliteInfo>
        <ApplyToInfo>
          <ApplyTo Type="language" Value="es-MX" />
        </ApplyToInfo>
      </SatelliteInfo>
      <Payload>
        <PayloadItem PayloadHash="t3ZQeK0ozcF4uRyd2OT408rrpoCpvRSBdKwjyfY0SIo=" PayloadSize="19281" Path="FeaturesOnDemand\es-mx\baseless\Microsoft-Windows-WMI-SNMP-Provider-Client-Package~31bf3856ad364e35~AMD64~es-mx~.cab" PayloadType="ExpressCab" />
        <PayloadItem PayloadHash="VYOE3oKOy+DSrCeNfuVo5k5BgI1Sks5/sFmjoKc3q5s=" PayloadSize="74359" Path="FeaturesOnDemand\es-mx\baseless\Microsoft-Windows-WMI-SNMP-Provider-Client-Package~31bf3856ad364e35~AMD64~es-mx~.psf" PayloadType="ExpressPSF" />
      </Payload>
    </Package>
    <Package ID="Microsoft-Windows-WMI-SNMP-Provider-Client-Package~31bf3856ad364e35~wow64~es-mx~" InstalledSize="57474" Version="10.0.17763.1">
      <SatelliteInfo>
        <ApplyToInfo>
          <ApplyTo Type="arch" Value="wow64" />
          <ApplyTo Type="language" Value="es-MX" />
        </ApplyToInfo>
      </SatelliteInfo>
      <Payload>
        <PayloadItem PayloadHash="uodyVl/iWD3c1PnKxGvA1J2YXqA5pUeprIbCzQuIF0E=" PayloadSize="19111" Path="FeaturesOnDemand\es-mx\baseless\Microsoft-Windows-WMI-SNMP-Provider-Client-Package~31bf3856ad364e35~wow64~es-mx~.cab" PayloadType="ExpressCab" />
        <PayloadItem PayloadHash="Gf95XpU5DTx7FUGJsfkYac/tHFBP2PYQH3QuCGfmMdk=" PayloadSize="74220" Path="FeaturesOnDemand\es-mx\baseless\Microsoft-Windows-WMI-SNMP-Provider-Client-Package~31bf3856ad364e35~wow64~es-mx~.psf" PayloadType="ExpressPSF" />
      </Payload>
    </Package>
    <Package ID="Microsoft-Windows-WSUS-Tools-FoD-Package~31bf3856ad364e35~AMD64~es-mx~" InstalledSize="2971660" Version="10.0.17763.1">
      <SatelliteInfo>
        <ApplyToInfo>
          <ApplyTo Type="language" Value="es-MX" />
        </ApplyToInfo>
      </SatelliteInfo>
      <Payload>
        <PayloadItem PayloadHash="lTRDW26nTaiuQwoSiskpZ4hY/XlpgKe+HeWfmeqs7/k=" PayloadSize="19765" Path="FeaturesOnDemand\es-mx\baseless\Microsoft-Windows-WSUS-Tools-FoD-Package~31bf3856ad364e35~AMD64~es-mx~.cab" PayloadType="ExpressCab" />
        <PayloadItem PayloadHash="tfYEocaJqOVLpfkec3D+DQQ6MQi74vlKCbnK0GJGtQY=" PayloadSize="400246" Path="FeaturesOnDemand\es-mx\baseless\Microsoft-Windows-WSUS-Tools-FoD-Package~31bf3856ad364e35~AMD64~es-mx~.psf" PayloadType="ExpressPSF" />
      </Payload>
    </Package>
  </Packages>
</CompDB>