<?xml version="1.0" encoding="utf-8"?>
<CompDB xmlns:xsi="http://www.w3.org/2001/XMLSchema-instance" xmlns:xsd="http://www.w3.org/2001/XMLSchema" CreatedDate="2018-11-16T01:46:48.1840509Z" Revision="1" SchemaVersion="1.2" Product="Desktop" BuildID="80154b57-1148-3590-c1b9-d2ce93ee1fac" BuildInfo="rs5_release.17763.1.180914-1434" OSVersion="10.0.17763.1" BuildArch="amd64" ReleaseType="Production" Type="Baseless" xmlns="http://schemas.microsoft.com/embedded/2004/10/ImageUpdate">
  <Tags Type="Language">
    <Tag Name="Language" Value="zh-TW" />
    <Tag Name="UpdateType" Value="Baseless" />
  </Tags>
  <Features>
    <Feature Type="LanguagePack" FeatureID="Language.UI.Server~zh-tw" FMID="MSDL" Group="Microsoft">
      <Packages>
        <Package ID="Microsoft-Windows-Server-LanguagePack-Package_zh-tw~31bf3856ad364e35~amd64~zh-tw~" PackageType="FeaturePackage" />
      </Packages>
    </Feature>
    <Feature Type="OnDemandFeature" FeatureID="Microsoft.Onecore.StorageManagement~~1.0" FMID="MSDN" Group="Microsoft">
      <Packages>
        <Package ID="Microsoft-OneCore-StorageManagement-FoD-Package~31bf3856ad364e35~AMD64~zh-tw~" PackageType="SatellitePackage" />
        <Package ID="Microsoft-OneCore-StorageManagement-FoD-Package~31bf3856ad364e35~wow64~zh-tw~" PackageType="SatellitePackage" />
      </Packages>
    </Feature>
    <Feature Type="OnDemandFeature" FeatureID="Rsat.ActiveDirectory.DS-LDS.Tools~~1.0" FMID="MSDN" Group="Microsoft">
      <Dependencies>
        <Feature FeatureID="Rsat.ServerManager.Tools~~1.0" />
      </Dependencies>
      <Packages>
        <Package ID="Microsoft-Windows-ActiveDirectory-DS-LDS-Tools-FoD-Package~31bf3856ad364e35~AMD64~zh-tw~" PackageType="SatellitePackage" />
        <Package ID="Microsoft-Windows-ActiveDirectory-DS-LDS-Tools-FoD-Package~31bf3856ad364e35~wow64~zh-tw~" PackageType="SatellitePackage" />
      </Packages>
    </Feature>
    <Feature Type="OnDemandFeature" FeatureID="Rsat.BitLocker.Recovery.Tools~~1.0" FMID="MSDN" Group="Microsoft">
      <Dependencies>
        <Feature FeatureID="Rsat.ActiveDirectory.DS-LDS.Tools~~1.0" />
      </Dependencies>
      <Packages>
        <Package ID="Microsoft-Windows-BitLocker-Recovery-Tools-FoD-Package~31bf3856ad364e35~AMD64~zh-tw~" PackageType="SatellitePackage" />
      </Packages>
    </Feature>
    <Feature Type="OnDemandFeature" FeatureID="Rsat.CertificateServices.Tools~~1.0" FMID="MSDN" Group="Microsoft">
      <Packages>
        <Package ID="Microsoft-Windows-CertificateServices-Tools-FoD-Package~31bf3856ad364e35~AMD64~zh-tw~" PackageType="SatellitePackage" />
      </Packages>
    </Feature>
    <Feature Type="OnDemandFeature" FeatureID="Rsat.DHCP.Tools~~1.0" FMID="MSDN" Group="Microsoft">
      <Packages>
        <Package ID="Microsoft-Windows-DHCP-Tools-FoD-Package~31bf3856ad364e35~AMD64~zh-tw~" PackageType="SatellitePackage" />
        <Package ID="Microsoft-Windows-DHCP-Tools-FoD-Package~31bf3856ad364e35~wow64~zh-tw~" PackageType="SatellitePackage" />
      </Packages>
    </Feature>
    <Feature Type="OnDemandFeature" FeatureID="Rsat.Dns.Tools~~1.0" FMID="MSDN" Group="Microsoft">
      <Packages>
        <Package ID="Microsoft-Windows-DNS-Tools-FoD-Package~31bf3856ad364e35~AMD64~zh-tw~" PackageType="SatellitePackage" />
        <Package ID="Microsoft-Windows-DNS-Tools-FoD-Package~31bf3856ad364e35~wow64~zh-tw~" PackageType="SatellitePackage" />
      </Packages>
    </Feature>
    <Feature Type="OnDemandFeature" FeatureID="Rsat.FailoverCluster.Management.Tools~~1.0" FMID="MSDN" Group="Microsoft">
      <Dependencies>
        <Feature FeatureID="Rsat.FileServices.Tools~~1.0" />
      </Dependencies>
      <Packages>
        <Package ID="Microsoft-Windows-FailoverCluster-Management-Tools-FOD-Package~31bf3856ad364e35~AMD64~zh-tw~" PackageType="SatellitePackage" />
        <Package ID="Microsoft-Windows-FailoverCluster-Management-Tools-FOD-Package~31bf3856ad364e35~wow64~zh-tw~" PackageType="SatellitePackage" />
      </Packages>
    </Feature>
    <Feature Type="OnDemandFeature" FeatureID="Rsat.FileServices.Tools~~1.0" FMID="MSDN" Group="Microsoft">
      <Dependencies>
        <Feature FeatureID="Rsat.ServerManager.Tools~~1.0" />
      </Dependencies>
      <Packages>
        <Package ID="Microsoft-Windows-FileServices-Tools-FoD-Package~31bf3856ad364e35~AMD64~zh-tw~" PackageType="SatellitePackage" />
        <Package ID="Microsoft-Windows-FileServices-Tools-FoD-Package~31bf3856ad364e35~wow64~zh-tw~" PackageType="SatellitePackage" />
      </Packages>
    </Feature>
    <Feature Type="OnDemandFeature" FeatureID="Rsat.GroupPolicy.Management.Tools~~1.0" FMID="MSDN" Group="Microsoft">
      <Packages>
        <Package ID="Microsoft-Windows-GroupPolicy-Management-Tools-FoD-Package~31bf3856ad364e35~AMD64~zh-tw~" PackageType="SatellitePackage" />
        <Package ID="Microsoft-Windows-GroupPolicy-Management-Tools-FoD-Package~31bf3856ad364e35~wow64~zh-tw~" PackageType="SatellitePackage" />
      </Packages>
    </Feature>
    <Feature Type="OnDemandFeature" FeatureID="Rsat.IPAM.Client.Tools~~1.0" FMID="MSDN" Group="Microsoft">
      <Dependencies>
        <Feature FeatureID="Rsat.ServerManager.Tools~~1.0" />
      </Dependencies>
      <Packages>
        <Package ID="Microsoft-Windows-IPAM-Client-FoD-Package~31bf3856ad364e35~AMD64~zh-tw~" PackageType="SatellitePackage" />
        <Package ID="Microsoft-Windows-IPAM-Client-FoD-Package~31bf3856ad364e35~wow64~zh-tw~" PackageType="SatellitePackage" />
      </Packages>
    </Feature>
    <Feature Type="OnDemandFeature" FeatureID="Rsat.NetworkController.Tools~~1.0" FMID="MSDN" Group="Microsoft">
      <Packages>
        <Package ID="Microsoft-Windows-NetworkController-Tools-FoD-Package~31bf3856ad364e35~AMD64~zh-tw~" PackageType="SatellitePackage" />
      </Packages>
    </Feature>
    <Feature Type="OnDemandFeature" FeatureID="Rsat.NetworkLoadBalancing.Tools~~1.0" FMID="MSDN" Group="Microsoft">
      <Packages>
        <Package ID="Microsoft-Windows-NetworkLoadBalancing-Tools-FoD-Package~31bf3856ad364e35~AMD64~zh-tw~" PackageType="SatellitePackage" />
      </Packages>
    </Feature>
    <Feature Type="OnDemandFeature" FeatureID="RasCMAK.Client~~1.0" FMID="MSDN" Group="Microsoft">
      <Packages>
        <Package ID="Microsoft-Windows-RasCMAK-Client-Package~31bf3856ad364e35~AMD64~zh-tw~" PackageType="SatellitePackage" />
        <Package ID="Microsoft-Windows-RasCMAK-Client-Package~31bf3856ad364e35~wow64~zh-tw~" PackageType="SatellitePackage" />
      </Packages>
    </Feature>
    <Feature Type="OnDemandFeature" FeatureID="RIP.Listener~~1.0" FMID="MSDN" Group="Microsoft">
      <Packages>
        <Package ID="Microsoft-Windows-RasRip-Package~31bf3856ad364e35~AMD64~zh-tw~" PackageType="SatellitePackage" />
      </Packages>
    </Feature>
    <Feature Type="OnDemandFeature" FeatureID="Rsat.RemoteAccess.Management.Tools~~1.0" FMID="MSDN" Group="Microsoft">
      <Dependencies>
        <Feature FeatureID="Rsat.GroupPolicy.Management.Tools~~1.0" />
        <Feature FeatureID="Rsat.ServerManager.Tools~~1.0" />
      </Dependencies>
      <Packages>
        <Package ID="Microsoft-Windows-RemoteAccess-Management-Tools-FoD-Package~31bf3856ad364e35~AMD64~zh-tw~" PackageType="SatellitePackage" />
        <Package ID="Microsoft-Windows-RemoteAccess-Management-Tools-FoD-Package~31bf3856ad364e35~wow64~zh-tw~" PackageType="SatellitePackage" />
      </Packages>
    </Feature>
    <Feature Type="OnDemandFeature" FeatureID="Rsat.RemoteDesktop.Services.Tools~~1.0" FMID="MSDN" Group="Microsoft">
      <Packages>
        <Package ID="Microsoft-Windows-RemoteDesktop-Services-Tools-FoD-Package~31bf3856ad364e35~AMD64~zh-tw~" PackageType="SatellitePackage" />
      </Packages>
    </Feature>
    <Feature Type="OnDemandFeature" FeatureID="ServerCore.AppCompatibility~~1.0" FMID="MSDN" Group="Microsoft">
      <Packages>
        <Package ID="Microsoft-Windows-Server-AppCompat-FoD-Package~31bf3856ad364e35~AMD64~zh-tw~" PackageType="SatellitePackage" />
      </Packages>
    </Feature>
    <Feature Type="OnDemandFeature" FeatureID="Rsat.ServerManager.Tools~~1.0" FMID="MSDN" Group="Microsoft">
      <Packages>
        <Package ID="Microsoft-Windows-ServerManager-Tools-FoD-Package~31bf3856ad364e35~AMD64~zh-tw~" PackageType="SatellitePackage" />
        <Package ID="Microsoft-Windows-ServerManager-Tools-FoD-Package~31bf3856ad364e35~wow64~zh-tw~" PackageType="SatellitePackage" />
      </Packages>
    </Feature>
    <Feature Type="OnDemandFeature" FeatureID="Rsat.Shielded.VM.Tools~~1.0" FMID="MSDN" Group="Microsoft">
      <Dependencies>
        <Feature FeatureID="Rsat.ServerManager.Tools~~1.0" />
      </Dependencies>
      <Packages>
        <Package ID="Microsoft-Windows-Shielded-VM-Tools-FoD-Package~31bf3856ad364e35~AMD64~zh-tw~" PackageType="SatellitePackage" />
      </Packages>
    </Feature>
    <Feature Type="OnDemandFeature" FeatureID="SNMP.Client~~1.0" FMID="MSDN" Group="Microsoft">
      <Packages>
        <Package ID="Microsoft-Windows-SNMP-Client-Package~31bf3856ad364e35~AMD64~zh-tw~" PackageType="SatellitePackage" />
        <Package ID="Microsoft-Windows-SNMP-Client-Package~31bf3856ad364e35~wow64~zh-tw~" PackageType="SatellitePackage" />
      </Packages>
    </Feature>
    <Feature Type="OnDemandFeature" FeatureID="Microsoft.Windows.StorageManagement~~1.0" FMID="MSDN" Group="Microsoft">
      <Packages>
        <Package ID="Microsoft-Windows-StorageManagement-FoD-Package~31bf3856ad364e35~AMD64~zh-tw~" PackageType="SatellitePackage" />
        <Package ID="Microsoft-Windows-StorageManagement-FoD-Package~31bf3856ad364e35~wow64~zh-tw~" PackageType="SatellitePackage" />
      </Packages>
    </Feature>
    <Feature Type="OnDemandFeature" FeatureID="Rsat.StorageMigrationService.Management.Tools~~1.0" FMID="MSDN" Group="Microsoft">
      <Packages>
        <Package ID="Microsoft-Windows-StorageMigrationService-Management-Tools-FOD-Package~31bf3856ad364e35~AMD64~zh-tw~" PackageType="SatellitePackage" />
      </Packages>
    </Feature>
    <Feature Type="OnDemandFeature" FeatureID="Rsat.StorageReplica.Tools~~1.0" FMID="MSDN" Group="Microsoft">
      <Packages>
        <Package ID="Microsoft-Windows-StorageReplica-Tools-FoD-Package~31bf3856ad364e35~AMD64~zh-tw~" PackageType="SatellitePackage" />
      </Packages>
    </Feature>
    <Feature Type="OnDemandFeature" FeatureID="Rsat.SystemInsights.Management.Tools~~1.0" FMID="MSDN" Group="Microsoft">
      <Packages>
        <Package ID="Microsoft-Windows-SystemInsights-Management-Tools-FOD-Package~31bf3856ad364e35~AMD64~zh-tw~" PackageType="SatellitePackage" />
      </Packages>
    </Feature>
    <Feature Type="OnDemandFeature" FeatureID="Rsat.VolumeActivation.Tools~~1.0" FMID="MSDN" Group="Microsoft">
      <Packages>
        <Package ID="Microsoft-Windows-VolumeActivation-Tools-FoD-Package~31bf3856ad364e35~AMD64~zh-tw~" PackageType="SatellitePackage" />
      </Packages>
    </Feature>
    <Feature Type="OnDemandFeature" FeatureID="WMI-SNMP-Provider.Client~~1.0" FMID="MSDN" Group="Microsoft">
      <Dependencies>
        <Feature FeatureID="SNMP.Client~~1.0" />
      </Dependencies>
      <Packages>
        <Package ID="Microsoft-Windows-WMI-SNMP-Provider-Client-Package~31bf3856ad364e35~AMD64~zh-tw~" PackageType="SatellitePackage" />
        <Package ID="Microsoft-Windows-WMI-SNMP-Provider-Client-Package~31bf3856ad364e35~wow64~zh-tw~" PackageType="SatellitePackage" />
      </Packages>
    </Feature>
    <Feature Type="OnDemandFeature" FeatureID="Rsat.WSUS.Tools~~1.0" FMID="MSDN" Group="Microsoft">
      <Packages>
        <Package ID="Microsoft-Windows-WSUS-Tools-FoD-Package~31bf3856ad364e35~AMD64~zh-tw~" PackageType="SatellitePackage" />
      </Packages>
    </Feature>
  </Features>
  <Packages>
    <Package ID="Microsoft-Windows-Server-LanguagePack-Package_zh-tw~31bf3856ad364e35~amd64~zh-tw~" InstalledSize="1256046036" Version="10.0.17763.1">
      <SatelliteInfo>
        <DeclareInfo>
          <Declare Type="language" Value="zh-TW" />
        </DeclareInfo>
      </SatelliteInfo>
      <Payload>
        <PayloadItem PayloadHash="p/HBQzFK8Zh5hpjxAjpyNk6Z9TkKi5t2GTXOrTMIiA8=" PayloadSize="1728023" Path="UUP\Desktop\editionpackages\Server\zh-tw\baseless\Microsoft-Windows-Server-LanguagePack-Package_zh-tw~31bf3856ad364e35~amd64~zh-tw~.cab" PayloadType="ExpressCab" />
        <PayloadItem PayloadHash="hYsbK0ko0imFuHtlqkUtpv+TJiWmBjIozPeJFaJwEMg=" PayloadSize="88827366" Path="UUP\Desktop\editionpackages\Server\zh-tw\baseless\Microsoft-Windows-Server-LanguagePack-Package_zh-tw~31bf3856ad364e35~amd64~zh-tw~.psf" PayloadType="ExpressPSF" />
      </Payload>
    </Package>
    <Package ID="Microsoft-OneCore-StorageManagement-FoD-Package~31bf3856ad364e35~AMD64~zh-tw~" InstalledSize="1990591" Version="10.0.17763.1">
      <SatelliteInfo>
        <ApplyToInfo>
          <ApplyTo Type="language" Value="zh-TW" />
        </ApplyToInfo>
      </SatelliteInfo>
      <Payload>
        <PayloadItem PayloadHash="/2+kQq8qr9I0ES5pF/EBd7R+ED1joXBtMa+hhYWa/Ck=" PayloadSize="21009" Path="FeaturesOnDemand\zh-tw\baseless\Microsoft-OneCore-StorageManagement-FoD-Package~31bf3856ad364e35~AMD64~zh-tw~.cab" PayloadType="ExpressCab" />
        <PayloadItem PayloadHash="bvsFLKdUGFG9vMRH8WHVJb9DL6MqAVAFj0mZDHPlRg8=" PayloadSize="214853" Path="FeaturesOnDemand\zh-tw\baseless\Microsoft-OneCore-StorageManagement-FoD-Package~31bf3856ad364e35~AMD64~zh-tw~.psf" PayloadType="ExpressPSF" />
      </Payload>
    </Package>
    <Package ID="Microsoft-OneCore-StorageManagement-FoD-Package~31bf3856ad364e35~wow64~zh-tw~" InstalledSize="1099018" Version="10.0.17763.1">
      <SatelliteInfo>
        <ApplyToInfo>
          <ApplyTo Type="arch" Value="wow64" />
          <ApplyTo Type="language" Value="zh-TW" />
        </ApplyToInfo>
      </SatelliteInfo>
      <Payload>
        <PayloadItem PayloadHash="vBmnLjN1EGdmvH5k1lE92d/0PBo/SwedDrCkTqGhuBg=" PayloadSize="19169" Path="FeaturesOnDemand\zh-tw\baseless\Microsoft-OneCore-StorageManagement-FoD-Package~31bf3856ad364e35~wow64~zh-tw~.cab" PayloadType="ExpressCab" />
        <PayloadItem PayloadHash="gj38hmgrfQrIib8Yjh1xr4iFNC4k1Ov8X0RekDKiJgk=" PayloadSize="119539" Path="FeaturesOnDemand\zh-tw\baseless\Microsoft-OneCore-StorageManagement-FoD-Package~31bf3856ad364e35~wow64~zh-tw~.psf" PayloadType="ExpressPSF" />
      </Payload>
    </Package>
    <Package ID="Microsoft-Windows-ActiveDirectory-DS-LDS-Tools-FoD-Package~31bf3856ad364e35~AMD64~zh-tw~" InstalledSize="6452050" Version="10.0.17763.1">
      <SatelliteInfo>
        <ApplyToInfo>
          <ApplyTo Type="language" Value="zh-TW" />
        </ApplyToInfo>
      </SatelliteInfo>
      <Payload>
        <PayloadItem PayloadHash="ILLnESH6agIm4y9f+N2hN44MF0d+wxl8eE+1hESey1Q=" PayloadSize="32099" Path="FeaturesOnDemand\zh-tw\baseless\Microsoft-Windows-ActiveDirectory-DS-LDS-Tools-FoD-Package~31bf3856ad364e35~AMD64~zh-tw~.cab" PayloadType="ExpressCab" />
        <PayloadItem PayloadHash="1ALZ2HnkMCv31koButbFBYLOz1C5Jqf+UDc8Q9gYKKg=" PayloadSize="1175641" Path="FeaturesOnDemand\zh-tw\baseless\Microsoft-Windows-ActiveDirectory-DS-LDS-Tools-FoD-Package~31bf3856ad364e35~AMD64~zh-tw~.psf" PayloadType="ExpressPSF" />
      </Payload>
    </Package>
    <Package ID="Microsoft-Windows-ActiveDirectory-DS-LDS-Tools-FoD-Package~31bf3856ad364e35~wow64~zh-tw~" InstalledSize="737030" Version="10.0.17763.1">
      <SatelliteInfo>
        <ApplyToInfo>
          <ApplyTo Type="arch" Value="wow64" />
          <ApplyTo Type="language" Value="zh-TW" />
        </ApplyToInfo>
      </SatelliteInfo>
      <Payload>
        <PayloadItem PayloadHash="faYkKnOOPG2gDkO5pY4NQDYJn0MJ7k5gSP3MjdXGhd0=" PayloadSize="20121" Path="FeaturesOnDemand\zh-tw\baseless\Microsoft-Windows-ActiveDirectory-DS-LDS-Tools-FoD-Package~31bf3856ad364e35~wow64~zh-tw~.cab" PayloadType="ExpressCab" />
        <PayloadItem PayloadHash="3puG5SFEY+tlkwLWyaygxnz2mneGiLLEjnyOGklhCBk=" PayloadSize="162330" Path="FeaturesOnDemand\zh-tw\baseless\Microsoft-Windows-ActiveDirectory-DS-LDS-Tools-FoD-Package~31bf3856ad364e35~wow64~zh-tw~.psf" PayloadType="ExpressPSF" />
      </Payload>
    </Package>
    <Package ID="Microsoft-Windows-BitLocker-Recovery-Tools-FoD-Package~31bf3856ad364e35~AMD64~zh-tw~" InstalledSize="49881" Version="10.0.17763.1">
      <SatelliteInfo>
        <ApplyToInfo>
          <ApplyTo Type="language" Value="zh-TW" />
        </ApplyToInfo>
      </SatelliteInfo>
      <Payload>
        <PayloadItem PayloadHash="oLzQn2Er5DIzhn08DpWLWNJXejc1ZpBp5SsPPAoUt4g=" PayloadSize="18595" Path="FeaturesOnDemand\zh-tw\baseless\Microsoft-Windows-BitLocker-Recovery-Tools-FoD-Package~31bf3856ad364e35~AMD64~zh-tw~.cab" PayloadType="ExpressCab" />
        <PayloadItem PayloadHash="ixbH9xzTxqKBGyTrw7isEprTEoms6/3i8H9AKpfPKBI=" PayloadSize="70511" Path="FeaturesOnDemand\zh-tw\baseless\Microsoft-Windows-BitLocker-Recovery-Tools-FoD-Package~31bf3856ad364e35~AMD64~zh-tw~.psf" PayloadType="ExpressPSF" />
      </Payload>
    </Package>
    <Package ID="Microsoft-Windows-CertificateServices-Tools-FoD-Package~31bf3856ad364e35~AMD64~zh-tw~" InstalledSize="942804" Version="10.0.17763.1">
      <SatelliteInfo>
        <ApplyToInfo>
          <ApplyTo Type="language" Value="zh-TW" />
        </ApplyToInfo>
      </SatelliteInfo>
      <Payload>
        <PayloadItem PayloadHash="XIDwKzS2hmRjl4Ri5ygUmVWu2xGIFgKOOpr4amaARB0=" PayloadSize="21195" Path="FeaturesOnDemand\zh-tw\baseless\Microsoft-Windows-CertificateServices-Tools-FoD-Package~31bf3856ad364e35~AMD64~zh-tw~.cab" PayloadType="ExpressCab" />
        <PayloadItem PayloadHash="7OkWOcZHzZfpJ4W40ddLGpLpvOIaoXm3mYMl6jeqtUY=" PayloadSize="203943" Path="FeaturesOnDemand\zh-tw\baseless\Microsoft-Windows-CertificateServices-Tools-FoD-Package~31bf3856ad364e35~AMD64~zh-tw~.psf" PayloadType="ExpressPSF" />
      </Payload>
    </Package>
    <Package ID="Microsoft-Windows-DHCP-Tools-FoD-Package~31bf3856ad364e35~AMD64~zh-tw~" InstalledSize="1899300" Version="10.0.17763.1">
      <SatelliteInfo>
        <ApplyToInfo>
          <ApplyTo Type="language" Value="zh-TW" />
        </ApplyToInfo>
      </SatelliteInfo>
      <Payload>
        <PayloadItem PayloadHash="5u3EpJbZ55Dopz5xkMVnslrfBosyuOOAIyybrnvSTYU=" PayloadSize="19797" Path="FeaturesOnDemand\zh-tw\baseless\Microsoft-Windows-DHCP-Tools-FoD-Package~31bf3856ad364e35~AMD64~zh-tw~.cab" PayloadType="ExpressCab" />
        <PayloadItem PayloadHash="8eSwFM2BbcuJDiCrt3AWu8Mi0QkjM8O/B+JRI+ZesP4=" PayloadSize="242847" Path="FeaturesOnDemand\zh-tw\baseless\Microsoft-Windows-DHCP-Tools-FoD-Package~31bf3856ad364e35~AMD64~zh-tw~.psf" PayloadType="ExpressPSF" />
      </Payload>
    </Package>
    <Package ID="Microsoft-Windows-DHCP-Tools-FoD-Package~31bf3856ad364e35~wow64~zh-tw~" InstalledSize="738029" Version="10.0.17763.1">
      <SatelliteInfo>
        <ApplyToInfo>
          <ApplyTo Type="arch" Value="wow64" />
          <ApplyTo Type="language" Value="zh-TW" />
        </ApplyToInfo>
      </SatelliteInfo>
      <Payload>
        <PayloadItem PayloadHash="Id8QE8gewn+8I4y7+oAx/Xgh84AfGCCd2knotvryXyU=" PayloadSize="18873" Path="FeaturesOnDemand\zh-tw\baseless\Microsoft-Windows-DHCP-Tools-FoD-Package~31bf3856ad364e35~wow64~zh-tw~.cab" PayloadType="ExpressCab" />
        <PayloadItem PayloadHash="kJv+tHqXhze87BIonSd34voGX9dBO2nvpk2DgQmws8s=" PayloadSize="133226" Path="FeaturesOnDemand\zh-tw\baseless\Microsoft-Windows-DHCP-Tools-FoD-Package~31bf3856ad364e35~wow64~zh-tw~.psf" PayloadType="ExpressPSF" />
      </Payload>
    </Package>
    <Package ID="Microsoft-Windows-DNS-Tools-FoD-Package~31bf3856ad364e35~AMD64~zh-tw~" InstalledSize="1719589" Version="10.0.17763.1">
      <SatelliteInfo>
        <ApplyToInfo>
          <ApplyTo Type="language" Value="zh-TW" />
        </ApplyToInfo>
      </SatelliteInfo>
      <Payload>
        <PayloadItem PayloadHash="XG5T+V3W+kE19aL94YSwnuYINhjJiJFcnvWIPnLXqSA=" PayloadSize="20263" Path="FeaturesOnDemand\zh-tw\baseless\Microsoft-Windows-DNS-Tools-FoD-Package~31bf3856ad364e35~AMD64~zh-tw~.cab" PayloadType="ExpressCab" />
        <PayloadItem PayloadHash="ZiX95kf+c0mrE86d4UnEkLBhVCKoqE4xnT5riOjeRAg=" PayloadSize="264666" Path="FeaturesOnDemand\zh-tw\baseless\Microsoft-Windows-DNS-Tools-FoD-Package~31bf3856ad364e35~AMD64~zh-tw~.psf" PayloadType="ExpressPSF" />
      </Payload>
    </Package>
    <Package ID="Microsoft-Windows-DNS-Tools-FoD-Package~31bf3856ad364e35~wow64~zh-tw~" InstalledSize="32741" Version="10.0.17763.1">
      <SatelliteInfo>
        <ApplyToInfo>
          <ApplyTo Type="arch" Value="wow64" />
          <ApplyTo Type="language" Value="zh-TW" />
        </ApplyToInfo>
      </SatelliteInfo>
      <Payload>
        <PayloadItem PayloadHash="arFt7jWyoncgJohEbvTt1sUIwzV7haGojRxIN8rPOCM=" PayloadSize="18415" Path="FeaturesOnDemand\zh-tw\baseless\Microsoft-Windows-DNS-Tools-FoD-Package~31bf3856ad364e35~wow64~zh-tw~.cab" PayloadType="ExpressCab" />
        <PayloadItem PayloadHash="u4f6pgw/9XyjeymlDDFa01/PAnjmk97HJ9HDdZFeLOk=" PayloadSize="60983" Path="FeaturesOnDemand\zh-tw\baseless\Microsoft-Windows-DNS-Tools-FoD-Package~31bf3856ad364e35~wow64~zh-tw~.psf" PayloadType="ExpressPSF" />
      </Payload>
    </Package>
    <Package ID="Microsoft-Windows-FailoverCluster-Management-Tools-FOD-Package~31bf3856ad364e35~AMD64~zh-tw~" InstalledSize="8911539" Version="10.0.17763.1">
      <SatelliteInfo>
        <ApplyToInfo>
          <ApplyTo Type="language" Value="zh-TW" />
        </ApplyToInfo>
      </SatelliteInfo>
      <Payload>
        <PayloadItem PayloadHash="obc4subAmefbp+Idc/1pmhI3m2C7b7kqVzss8P/pgl8=" PayloadSize="27123" Path="FeaturesOnDemand\zh-tw\baseless\Microsoft-Windows-FailoverCluster-Management-Tools-FOD-Package~31bf3856ad364e35~AMD64~zh-tw~.cab" PayloadType="ExpressCab" />
        <PayloadItem PayloadHash="OnpO01vZ79I0kaPtDfp46Ee9t8C4a/NGqAOXT0ka4ww=" PayloadSize="2475106" Path="FeaturesOnDemand\zh-tw\baseless\Microsoft-Windows-FailoverCluster-Management-Tools-FOD-Package~31bf3856ad364e35~AMD64~zh-tw~.psf" PayloadType="ExpressPSF" />
      </Payload>
    </Package>
    <Package ID="Microsoft-Windows-FailoverCluster-Management-Tools-FOD-Package~31bf3856ad364e35~wow64~zh-tw~" InstalledSize="126248" Version="10.0.17763.1">
      <SatelliteInfo>
        <ApplyToInfo>
          <ApplyTo Type="arch" Value="wow64" />
          <ApplyTo Type="language" Value="zh-TW" />
        </ApplyToInfo>
      </SatelliteInfo>
      <Payload>
        <PayloadItem PayloadHash="x/+zcI6MaOVr6kiXeVa2S9Makfm0CQL0MNejGn97+nM=" PayloadSize="20067" Path="FeaturesOnDemand\zh-tw\baseless\Microsoft-Windows-FailoverCluster-Management-Tools-FOD-Package~31bf3856ad364e35~wow64~zh-tw~.cab" PayloadType="ExpressCab" />
        <PayloadItem PayloadHash="0YoddR2c8rrzLOzyUZ1Cx6Fls9jY1OKvBWX+vnCBPsg=" PayloadSize="94245" Path="FeaturesOnDemand\zh-tw\baseless\Microsoft-Windows-FailoverCluster-Management-Tools-FOD-Package~31bf3856ad364e35~wow64~zh-tw~.psf" PayloadType="ExpressPSF" />
      </Payload>
    </Package>
    <Package ID="Microsoft-Windows-FileServices-Tools-FoD-Package~31bf3856ad364e35~AMD64~zh-tw~" InstalledSize="4560518" Version="10.0.17763.1">
      <SatelliteInfo>
        <ApplyToInfo>
          <ApplyTo Type="language" Value="zh-TW" />
        </ApplyToInfo>
      </SatelliteInfo>
      <Payload>
        <PayloadItem PayloadHash="2VNQH3YVpjd4ytNVbH/thFYdx9e4i2N89cvpyFfE0Lc=" PayloadSize="25973" Path="FeaturesOnDemand\zh-tw\baseless\Microsoft-Windows-FileServices-Tools-FoD-Package~31bf3856ad364e35~AMD64~zh-tw~.cab" PayloadType="ExpressCab" />
        <PayloadItem PayloadHash="hp5PrywKKCgS1j3Z0n5ZPP8A+0w0+PY4+5W2iscUrZY=" PayloadSize="712187" Path="FeaturesOnDemand\zh-tw\baseless\Microsoft-Windows-FileServices-Tools-FoD-Package~31bf3856ad364e35~AMD64~zh-tw~.psf" PayloadType="ExpressPSF" />
      </Payload>
    </Package>
    <Package ID="Microsoft-Windows-FileServices-Tools-FoD-Package~31bf3856ad364e35~wow64~zh-tw~" InstalledSize="188971" Version="10.0.17763.1">
      <SatelliteInfo>
        <ApplyToInfo>
          <ApplyTo Type="arch" Value="wow64" />
          <ApplyTo Type="language" Value="zh-TW" />
        </ApplyToInfo>
      </SatelliteInfo>
      <Payload>
        <PayloadItem PayloadHash="v8BJyzbJjTdacTEpBQvATQDkpEuyG04/JM+zxO4i3CI=" PayloadSize="19353" Path="FeaturesOnDemand\zh-tw\baseless\Microsoft-Windows-FileServices-Tools-FoD-Package~31bf3856ad364e35~wow64~zh-tw~.cab" PayloadType="ExpressCab" />
        <PayloadItem PayloadHash="M6wbTy6rIqQvPLyP6by7eoulQG8pC94DfMKGY618WAo=" PayloadSize="89829" Path="FeaturesOnDemand\zh-tw\baseless\Microsoft-Windows-FileServices-Tools-FoD-Package~31bf3856ad364e35~wow64~zh-tw~.psf" PayloadType="ExpressPSF" />
      </Payload>
    </Package>
    <Package ID="Microsoft-Windows-GroupPolicy-Management-Tools-FoD-Package~31bf3856ad364e35~AMD64~zh-tw~" InstalledSize="2071805" Version="10.0.17763.1">
      <SatelliteInfo>
        <ApplyToInfo>
          <ApplyTo Type="language" Value="zh-TW" />
        </ApplyToInfo>
      </SatelliteInfo>
      <Payload>
        <PayloadItem PayloadHash="tfHcaJ4F6ShR/58MXYOCxabe/FZvvc9Hw94SiQ36zj8=" PayloadSize="22811" Path="FeaturesOnDemand\zh-tw\baseless\Microsoft-Windows-GroupPolicy-Management-Tools-FoD-Package~31bf3856ad364e35~AMD64~zh-tw~.cab" PayloadType="ExpressCab" />
        <PayloadItem PayloadHash="/rX9kKWlVp/BwBGZ548g+MhIqdimaX0nx061dvV04vk=" PayloadSize="348221" Path="FeaturesOnDemand\zh-tw\baseless\Microsoft-Windows-GroupPolicy-Management-Tools-FoD-Package~31bf3856ad364e35~AMD64~zh-tw~.psf" PayloadType="ExpressPSF" />
      </Payload>
    </Package>
    <Package ID="Microsoft-Windows-GroupPolicy-Management-Tools-FoD-Package~31bf3856ad364e35~wow64~zh-tw~" InstalledSize="282158" Version="10.0.17763.1">
      <SatelliteInfo>
        <ApplyToInfo>
          <ApplyTo Type="arch" Value="wow64" />
          <ApplyTo Type="language" Value="zh-TW" />
        </ApplyToInfo>
      </SatelliteInfo>
      <Payload>
        <PayloadItem PayloadHash="+tdxdHlqWq3TvxQPfRx2YE8oL9CZD4kWeq54Jbqg3Iw=" PayloadSize="18897" Path="FeaturesOnDemand\zh-tw\baseless\Microsoft-Windows-GroupPolicy-Management-Tools-FoD-Package~31bf3856ad364e35~wow64~zh-tw~.cab" PayloadType="ExpressCab" />
        <PayloadItem PayloadHash="aRguoFfCvdm00mX1dj91/e9Xg3YhdbhOKOgcgrkc+K4=" PayloadSize="100919" Path="FeaturesOnDemand\zh-tw\baseless\Microsoft-Windows-GroupPolicy-Management-Tools-FoD-Package~31bf3856ad364e35~wow64~zh-tw~.psf" PayloadType="ExpressPSF" />
      </Payload>
    </Package>
    <Package ID="Microsoft-Windows-IPAM-Client-FoD-Package~31bf3856ad364e35~AMD64~zh-tw~" InstalledSize="83306" Version="10.0.17763.1">
      <SatelliteInfo>
        <ApplyToInfo>
          <ApplyTo Type="language" Value="zh-TW" />
        </ApplyToInfo>
      </SatelliteInfo>
      <Payload>
        <PayloadItem PayloadHash="K8MCFI+5pbd5XQcVLuCSuJDwjByRNlEtUj5r4Ss0MpA=" PayloadSize="18777" Path="FeaturesOnDemand\zh-tw\baseless\Microsoft-Windows-IPAM-Client-FoD-Package~31bf3856ad364e35~AMD64~zh-tw~.cab" PayloadType="ExpressCab" />
        <PayloadItem PayloadHash="HrrTLSXu5SyHt5HTcs+WhxOgnZw6VISUtsAiSkmnj+o=" PayloadSize="73017" Path="FeaturesOnDemand\zh-tw\baseless\Microsoft-Windows-IPAM-Client-FoD-Package~31bf3856ad364e35~AMD64~zh-tw~.psf" PayloadType="ExpressPSF" />
      </Payload>
    </Package>
    <Package ID="Microsoft-Windows-IPAM-Client-FoD-Package~31bf3856ad364e35~wow64~zh-tw~" InstalledSize="41212" Version="10.0.17763.1">
      <SatelliteInfo>
        <ApplyToInfo>
          <ApplyTo Type="arch" Value="wow64" />
          <ApplyTo Type="language" Value="zh-TW" />
        </ApplyToInfo>
      </SatelliteInfo>
      <Payload>
        <PayloadItem PayloadHash="zJSLDom4XLzZj1pk2qQIY8Kd5mq3e4mjsOiWj1bsbxQ=" PayloadSize="18335" Path="FeaturesOnDemand\zh-tw\baseless\Microsoft-Windows-IPAM-Client-FoD-Package~31bf3856ad364e35~wow64~zh-tw~.cab" PayloadType="ExpressCab" />
        <PayloadItem PayloadHash="0CoxNbXpVwRcjgZ3oxT+rf4pasJ1Kcmnt4vNSxxkTBM=" PayloadSize="63556" Path="FeaturesOnDemand\zh-tw\baseless\Microsoft-Windows-IPAM-Client-FoD-Package~31bf3856ad364e35~wow64~zh-tw~.psf" PayloadType="ExpressPSF" />
      </Payload>
    </Package>
    <Package ID="Microsoft-Windows-NetworkController-Tools-FoD-Package~31bf3856ad364e35~AMD64~zh-tw~" InstalledSize="86188" Version="10.0.17763.1">
      <SatelliteInfo>
        <ApplyToInfo>
          <ApplyTo Type="language" Value="zh-TW" />
        </ApplyToInfo>
      </SatelliteInfo>
      <Payload>
        <PayloadItem PayloadHash="fXujbJS0O7KAkm8AzwVC7D8IC4aECIRplQYeSZMoOtY=" PayloadSize="18861" Path="FeaturesOnDemand\zh-tw\baseless\Microsoft-Windows-NetworkController-Tools-FoD-Package~31bf3856ad364e35~AMD64~zh-tw~.cab" PayloadType="ExpressCab" />
        <PayloadItem PayloadHash="10uusoCb3gym+xJmjaBtrScX7/IV7x3jrStZWXpYih4=" PayloadSize="82826" Path="FeaturesOnDemand\zh-tw\baseless\Microsoft-Windows-NetworkController-Tools-FoD-Package~31bf3856ad364e35~AMD64~zh-tw~.psf" PayloadType="ExpressPSF" />
      </Payload>
    </Package>
    <Package ID="Microsoft-Windows-NetworkLoadBalancing-Tools-FoD-Package~31bf3856ad364e35~AMD64~zh-tw~" InstalledSize="252360" Version="10.0.17763.1">
      <SatelliteInfo>
        <ApplyToInfo>
          <ApplyTo Type="language" Value="zh-TW" />
        </ApplyToInfo>
      </SatelliteInfo>
      <Payload>
        <PayloadItem PayloadHash="lYVx5EKISBIVVocrqmLncX3waijCRS21v6Jrfsn8N/Q=" PayloadSize="19719" Path="FeaturesOnDemand\zh-tw\baseless\Microsoft-Windows-NetworkLoadBalancing-Tools-FoD-Package~31bf3856ad364e35~AMD64~zh-tw~.cab" PayloadType="ExpressCab" />
        <PayloadItem PayloadHash="5KAMqvY+rkVlZT+7bxnBTmktowgxA1Il57pZhzBC0yo=" PayloadSize="113341" Path="FeaturesOnDemand\zh-tw\baseless\Microsoft-Windows-NetworkLoadBalancing-Tools-FoD-Package~31bf3856ad364e35~AMD64~zh-tw~.psf" PayloadType="ExpressPSF" />
      </Payload>
    </Package>
    <Package ID="Microsoft-Windows-RasCMAK-Client-Package~31bf3856ad364e35~AMD64~zh-tw~" InstalledSize="399200" Version="10.0.17763.1">
      <SatelliteInfo>
        <ApplyToInfo>
          <ApplyTo Type="language" Value="zh-TW" />
        </ApplyToInfo>
      </SatelliteInfo>
      <Payload>
        <PayloadItem PayloadHash="uyXtw15Za1eLjvvzr5HUwcLLrUd+84iwTnPae+W2Iqc=" PayloadSize="19453" Path="FeaturesOnDemand\zh-tw\baseless\Microsoft-Windows-RasCMAK-Client-Package~31bf3856ad364e35~AMD64~zh-tw~.cab" PayloadType="ExpressCab" />
        <PayloadItem PayloadHash="h0I6/TDQD5r7AZQMEju5G1GXCKwpXNxeiCBlTj/87VM=" PayloadSize="185524" Path="FeaturesOnDemand\zh-tw\baseless\Microsoft-Windows-RasCMAK-Client-Package~31bf3856ad364e35~AMD64~zh-tw~.psf" PayloadType="ExpressPSF" />
      </Payload>
    </Package>
    <Package ID="Microsoft-Windows-RasCMAK-Client-Package~31bf3856ad364e35~wow64~zh-tw~" InstalledSize="846062" Version="10.0.17763.1">
      <SatelliteInfo>
        <ApplyToInfo>
          <ApplyTo Type="arch" Value="wow64" />
          <ApplyTo Type="language" Value="zh-TW" />
        </ApplyToInfo>
      </SatelliteInfo>
      <Payload>
        <PayloadItem PayloadHash="+IM9jzaMryx65N7VL9ADrEEGcbkfk4s3aAzV7JQQefk=" PayloadSize="19497" Path="FeaturesOnDemand\zh-tw\baseless\Microsoft-Windows-RasCMAK-Client-Package~31bf3856ad364e35~wow64~zh-tw~.cab" PayloadType="ExpressCab" />
        <PayloadItem PayloadHash="cgKm/WrzahmXkW39fvae5vgCqdZdDe/DsDasmzjO3hE=" PayloadSize="661448" Path="FeaturesOnDemand\zh-tw\baseless\Microsoft-Windows-RasCMAK-Client-Package~31bf3856ad364e35~wow64~zh-tw~.psf" PayloadType="ExpressPSF" />
      </Payload>
    </Package>
    <Package ID="Microsoft-Windows-RasRip-Package~31bf3856ad364e35~AMD64~zh-tw~" InstalledSize="47041" Version="10.0.17763.1">
      <SatelliteInfo>
        <ApplyToInfo>
          <ApplyTo Type="language" Value="zh-TW" />
        </ApplyToInfo>
      </SatelliteInfo>
      <Payload>
        <PayloadItem PayloadHash="QoBERzXEfv1QhCoVLedCmLbMkkO27xcx6KuqigDiZUo=" PayloadSize="18717" Path="FeaturesOnDemand\zh-tw\baseless\Microsoft-Windows-RasRip-Package~31bf3856ad364e35~AMD64~zh-tw~.cab" PayloadType="ExpressCab" />
        <PayloadItem PayloadHash="qYUSaeZ78hbdFRLtefkuS+i8YNmbiD/sdEKjFlqPKHM=" PayloadSize="64590" Path="FeaturesOnDemand\zh-tw\baseless\Microsoft-Windows-RasRip-Package~31bf3856ad364e35~AMD64~zh-tw~.psf" PayloadType="ExpressPSF" />
      </Payload>
    </Package>
    <Package ID="Microsoft-Windows-RemoteAccess-Management-Tools-FoD-Package~31bf3856ad364e35~AMD64~zh-tw~" InstalledSize="18261218" Version="10.0.17763.1">
      <SatelliteInfo>
        <ApplyToInfo>
          <ApplyTo Type="language" Value="zh-TW" />
        </ApplyToInfo>
      </SatelliteInfo>
      <Payload>
        <PayloadItem PayloadHash="6qQo+IHd3gUB/ymXZ98fYYoIPA716IE8JTSLM6FWhBY=" PayloadSize="22379" Path="FeaturesOnDemand\zh-tw\baseless\Microsoft-Windows-RemoteAccess-Management-Tools-FoD-Package~31bf3856ad364e35~AMD64~zh-tw~.cab" PayloadType="ExpressCab" />
        <PayloadItem PayloadHash="GqB8hyy/7O4uo+BstNZ1PrPaMzaIfBzv62yhEPvmbNQ=" PayloadSize="3426769" Path="FeaturesOnDemand\zh-tw\baseless\Microsoft-Windows-RemoteAccess-Management-Tools-FoD-Package~31bf3856ad364e35~AMD64~zh-tw~.psf" PayloadType="ExpressPSF" />
      </Payload>
    </Package>
    <Package ID="Microsoft-Windows-RemoteAccess-Management-Tools-FoD-Package~31bf3856ad364e35~wow64~zh-tw~" InstalledSize="33021" Version="10.0.17763.1">
      <SatelliteInfo>
        <ApplyToInfo>
          <ApplyTo Type="arch" Value="wow64" />
          <ApplyTo Type="language" Value="zh-TW" />
        </ApplyToInfo>
      </SatelliteInfo>
      <Payload>
        <PayloadItem PayloadHash="WtWxPAvUiNyZMlewC42u0MWfsy5zHi7h3oaF3R0Ch74=" PayloadSize="18205" Path="FeaturesOnDemand\zh-tw\baseless\Microsoft-Windows-RemoteAccess-Management-Tools-FoD-Package~31bf3856ad364e35~wow64~zh-tw~.cab" PayloadType="ExpressCab" />
        <PayloadItem PayloadHash="nunSekaiDFt/opL9OFAND9RDpsnq0+dU7eXlTzEYJ1g=" PayloadSize="60834" Path="FeaturesOnDemand\zh-tw\baseless\Microsoft-Windows-RemoteAccess-Management-Tools-FoD-Package~31bf3856ad364e35~wow64~zh-tw~.psf" PayloadType="ExpressPSF" />
      </Payload>
    </Package>
    <Package ID="Microsoft-Windows-RemoteDesktop-Services-Tools-FoD-Package~31bf3856ad364e35~AMD64~zh-tw~" InstalledSize="1429912" Version="10.0.17763.1">
      <SatelliteInfo>
        <ApplyToInfo>
          <ApplyTo Type="language" Value="zh-TW" />
        </ApplyToInfo>
      </SatelliteInfo>
      <Payload>
        <PayloadItem PayloadHash="PXnRd84JoejSyHU11XvtcBaxav2KATpVEt2t9mVj4Dg=" PayloadSize="20521" Path="FeaturesOnDemand\zh-tw\baseless\Microsoft-Windows-RemoteDesktop-Services-Tools-FoD-Package~31bf3856ad364e35~AMD64~zh-tw~.cab" PayloadType="ExpressCab" />
        <PayloadItem PayloadHash="1lgcHtqokUHBtlnAPr2R1OS/plzssTRpUijolk3HOEw=" PayloadSize="303964" Path="FeaturesOnDemand\zh-tw\baseless\Microsoft-Windows-RemoteDesktop-Services-Tools-FoD-Package~31bf3856ad364e35~AMD64~zh-tw~.psf" PayloadType="ExpressPSF" />
      </Payload>
    </Package>
    <Package ID="Microsoft-Windows-Server-AppCompat-FoD-Package~31bf3856ad364e35~AMD64~zh-tw~" InstalledSize="26974455" Version="10.0.17763.1">
      <SatelliteInfo>
        <ApplyToInfo>
          <ApplyTo Type="language" Value="zh-TW" />
        </ApplyToInfo>
      </SatelliteInfo>
      <Payload>
        <PayloadItem PayloadHash="Nq3qD0CTW427jLqXDTSiS9lasqNO3E+pPH5D/qAJGWQ=" PayloadSize="95807" Path="FeaturesOnDemand\zh-tw\baseless\Microsoft-Windows-Server-AppCompat-FoD-Package~31bf3856ad364e35~AMD64~zh-tw~.cab" PayloadType="ExpressCab" />
        <PayloadItem PayloadHash="gUan1B02k5OeVj5Q06fDEOn7Qk220QZzJ/TJ5uY+/rY=" PayloadSize="6901830" Path="FeaturesOnDemand\zh-tw\baseless\Microsoft-Windows-Server-AppCompat-FoD-Package~31bf3856ad364e35~AMD64~zh-tw~.psf" PayloadType="ExpressPSF" />
      </Payload>
    </Package>
    <Package ID="Microsoft-Windows-ServerManager-Tools-FoD-Package~31bf3856ad364e35~AMD64~zh-tw~" InstalledSize="11914018" Version="10.0.17763.1">
      <SatelliteInfo>
        <ApplyToInfo>
          <ApplyTo Type="language" Value="zh-TW" />
        </ApplyToInfo>
      </SatelliteInfo>
      <Payload>
        <PayloadItem PayloadHash="1QWSWR7iZMaSYh0ACeTuvCLLv49CZxlulASMlSYPpcg=" PayloadSize="38577" Path="FeaturesOnDemand\zh-tw\baseless\Microsoft-Windows-ServerManager-Tools-FoD-Package~31bf3856ad364e35~AMD64~zh-tw~.cab" PayloadType="ExpressCab" />
        <PayloadItem PayloadHash="FT3ukgzpfPFYORSCc08H09zF8qy8zSHzK7TLaCTqXrI=" PayloadSize="2348943" Path="FeaturesOnDemand\zh-tw\baseless\Microsoft-Windows-ServerManager-Tools-FoD-Package~31bf3856ad364e35~AMD64~zh-tw~.psf" PayloadType="ExpressPSF" />
      </Payload>
    </Package>
    <Package ID="Microsoft-Windows-ServerManager-Tools-FoD-Package~31bf3856ad364e35~wow64~zh-tw~" InstalledSize="1210195" Version="10.0.17763.1">
      <SatelliteInfo>
        <ApplyToInfo>
          <ApplyTo Type="arch" Value="wow64" />
          <ApplyTo Type="language" Value="zh-TW" />
        </ApplyToInfo>
      </SatelliteInfo>
      <Payload>
        <PayloadItem PayloadHash="YU2e9GKJlavid1ZubeewEn9SLla9wSla20rZT9gZEAI=" PayloadSize="20107" Path="FeaturesOnDemand\zh-tw\baseless\Microsoft-Windows-ServerManager-Tools-FoD-Package~31bf3856ad364e35~wow64~zh-tw~.cab" PayloadType="ExpressCab" />
        <PayloadItem PayloadHash="ODTXFOQ+jFdyLThRVswX2qyosx6aYpa56rlfGhjbt+A=" PayloadSize="369432" Path="FeaturesOnDemand\zh-tw\baseless\Microsoft-Windows-ServerManager-Tools-FoD-Package~31bf3856ad364e35~wow64~zh-tw~.psf" PayloadType="ExpressPSF" />
      </Payload>
    </Package>
    <Package ID="Microsoft-Windows-Shielded-VM-Tools-FoD-Package~31bf3856ad364e35~AMD64~zh-tw~" InstalledSize="431091" Version="10.0.17763.1">
      <SatelliteInfo>
        <ApplyToInfo>
          <ApplyTo Type="language" Value="zh-TW" />
        </ApplyToInfo>
      </SatelliteInfo>
      <Payload>
        <PayloadItem PayloadHash="tFBIgQ3IhJWBZoqIRU4bJup0oEvzZIuTlMiqiDg9qaQ=" PayloadSize="23823" Path="FeaturesOnDemand\zh-tw\baseless\Microsoft-Windows-Shielded-VM-Tools-FoD-Package~31bf3856ad364e35~AMD64~zh-tw~.cab" PayloadType="ExpressCab" />
        <PayloadItem PayloadHash="uskq8A5FRrYEX+pz3UIKGkV9ptalKMyz69of/mOieW8=" PayloadSize="190357" Path="FeaturesOnDemand\zh-tw\baseless\Microsoft-Windows-Shielded-VM-Tools-FoD-Package~31bf3856ad364e35~AMD64~zh-tw~.psf" PayloadType="ExpressPSF" />
      </Payload>
    </Package>
    <Package ID="Microsoft-Windows-SNMP-Client-Package~31bf3856ad364e35~AMD64~zh-tw~" InstalledSize="167627" Version="10.0.17763.1">
      <SatelliteInfo>
        <ApplyToInfo>
          <ApplyTo Type="language" Value="zh-TW" />
        </ApplyToInfo>
      </SatelliteInfo>
      <Payload>
        <PayloadItem PayloadHash="Ihzi/P0zS7drIxFxqa6WLTmsT3Ca4G8ZoMR1PjV9BX8=" PayloadSize="20993" Path="FeaturesOnDemand\zh-tw\baseless\Microsoft-Windows-SNMP-Client-Package~31bf3856ad364e35~AMD64~zh-tw~.cab" PayloadType="ExpressCab" />
        <PayloadItem PayloadHash="udvBn+XVjexDkz8X94jGdLK9aS8p70EKiqKdIqY0/Us=" PayloadSize="112558" Path="FeaturesOnDemand\zh-tw\baseless\Microsoft-Windows-SNMP-Client-Package~31bf3856ad364e35~AMD64~zh-tw~.psf" PayloadType="ExpressPSF" />
      </Payload>
    </Package>
    <Package ID="Microsoft-Windows-SNMP-Client-Package~31bf3856ad364e35~wow64~zh-tw~" InstalledSize="167994" Version="10.0.17763.1">
      <SatelliteInfo>
        <ApplyToInfo>
          <ApplyTo Type="arch" Value="wow64" />
          <ApplyTo Type="language" Value="zh-TW" />
        </ApplyToInfo>
      </SatelliteInfo>
      <Payload>
        <PayloadItem PayloadHash="zYrPEYtTp+poTDeUv0K5ntREyRp5JVZV0Sy74ZwpzlU=" PayloadSize="20621" Path="FeaturesOnDemand\zh-tw\baseless\Microsoft-Windows-SNMP-Client-Package~31bf3856ad364e35~wow64~zh-tw~.cab" PayloadType="ExpressCab" />
        <PayloadItem PayloadHash="pmmEgIFgTvjOR1FsOwnrqg5zq/ps8/tCr7ubpjpRwyk=" PayloadSize="112538" Path="FeaturesOnDemand\zh-tw\baseless\Microsoft-Windows-SNMP-Client-Package~31bf3856ad364e35~wow64~zh-tw~.psf" PayloadType="ExpressPSF" />
      </Payload>
    </Package>
    <Package ID="Microsoft-Windows-StorageManagement-FoD-Package~31bf3856ad364e35~AMD64~zh-tw~" InstalledSize="1667221" Version="10.0.17763.1">
      <SatelliteInfo>
        <ApplyToInfo>
          <ApplyTo Type="language" Value="zh-TW" />
        </ApplyToInfo>
      </SatelliteInfo>
      <Payload>
        <PayloadItem PayloadHash="u3I0IBScawgs40rdNTBzBWISBBw5Rj0/nyZtJ+7Q0HY=" PayloadSize="21597" Path="FeaturesOnDemand\zh-tw\baseless\Microsoft-Windows-StorageManagement-FoD-Package~31bf3856ad364e35~AMD64~zh-tw~.cab" PayloadType="ExpressCab" />
        <PayloadItem PayloadHash="vO+aSvOUQDlCazY55cXJ7ePSV6dStAI7apB97q0+SBc=" PayloadSize="217253" Path="FeaturesOnDemand\zh-tw\baseless\Microsoft-Windows-StorageManagement-FoD-Package~31bf3856ad364e35~AMD64~zh-tw~.psf" PayloadType="ExpressPSF" />
      </Payload>
    </Package>
    <Package ID="Microsoft-Windows-StorageManagement-FoD-Package~31bf3856ad364e35~wow64~zh-tw~" InstalledSize="1177463" Version="10.0.17763.1">
      <SatelliteInfo>
        <ApplyToInfo>
          <ApplyTo Type="arch" Value="wow64" />
          <ApplyTo Type="language" Value="zh-TW" />
        </ApplyToInfo>
      </SatelliteInfo>
      <Payload>
        <PayloadItem PayloadHash="TDnMCpFW5hXr5SBnSGNk4enOaTIgTjjVP/+3n7xPGHE=" PayloadSize="20495" Path="FeaturesOnDemand\zh-tw\baseless\Microsoft-Windows-StorageManagement-FoD-Package~31bf3856ad364e35~wow64~zh-tw~.cab" PayloadType="ExpressCab" />
        <PayloadItem PayloadHash="Yx02R77tZb28dFKkEAmB6x7afYx0Izjmg+h2OdcuGgs=" PayloadSize="147741" Path="FeaturesOnDemand\zh-tw\baseless\Microsoft-Windows-StorageManagement-FoD-Package~31bf3856ad364e35~wow64~zh-tw~.psf" PayloadType="ExpressPSF" />
      </Payload>
    </Package>
    <Package ID="Microsoft-Windows-StorageMigrationService-Management-Tools-FOD-Package~31bf3856ad364e35~AMD64~zh-tw~" InstalledSize="74839" Version="10.0.17763.1">
      <SatelliteInfo>
        <ApplyToInfo>
          <ApplyTo Type="language" Value="zh-TW" />
        </ApplyToInfo>
      </SatelliteInfo>
      <Payload>
        <PayloadItem PayloadHash="fbEgdPSIbJi8OK6tclcTX2yR8IDvre7dNG3b5rKC8yw=" PayloadSize="18785" Path="FeaturesOnDemand\zh-tw\baseless\Microsoft-Windows-StorageMigrationService-Management-Tools-FOD-Package~31bf3856ad364e35~AMD64~zh-tw~.cab" PayloadType="ExpressCab" />
        <PayloadItem PayloadHash="kw5asMxKrf3kFhwhbmmuogjgCG3UNP2WpTBmaDKmkUk=" PayloadSize="75882" Path="FeaturesOnDemand\zh-tw\baseless\Microsoft-Windows-StorageMigrationService-Management-Tools-FOD-Package~31bf3856ad364e35~AMD64~zh-tw~.psf" PayloadType="ExpressPSF" />
      </Payload>
    </Package>
    <Package ID="Microsoft-Windows-StorageReplica-Tools-FoD-Package~31bf3856ad364e35~AMD64~zh-tw~" InstalledSize="310061" Version="10.0.17763.1">
      <SatelliteInfo>
        <ApplyToInfo>
          <ApplyTo Type="language" Value="zh-TW" />
        </ApplyToInfo>
      </SatelliteInfo>
      <Payload>
        <PayloadItem PayloadHash="6reiLtaE+o+0E+Zw52x7/X+yVElhE3RmEPSs+t8w23o=" PayloadSize="19405" Path="FeaturesOnDemand\zh-tw\baseless\Microsoft-Windows-StorageReplica-Tools-FoD-Package~31bf3856ad364e35~AMD64~zh-tw~.cab" PayloadType="ExpressCab" />
        <PayloadItem PayloadHash="WK8CRA9uYAOVMBxb6xTYhb+LE/sfcCUmWVybR9wgO2o=" PayloadSize="115991" Path="FeaturesOnDemand\zh-tw\baseless\Microsoft-Windows-StorageReplica-Tools-FoD-Package~31bf3856ad364e35~AMD64~zh-tw~.psf" PayloadType="ExpressPSF" />
      </Payload>
    </Package>
    <Package ID="Microsoft-Windows-SystemInsights-Management-Tools-FOD-Package~31bf3856ad364e35~AMD64~zh-tw~" InstalledSize="59789" Version="10.0.17763.1">
      <SatelliteInfo>
        <ApplyToInfo>
          <ApplyTo Type="language" Value="zh-TW" />
        </ApplyToInfo>
      </SatelliteInfo>
      <Payload>
        <PayloadItem PayloadHash="m+q5T6sxFA9+tNq14ZSLcUEdkCyEY2xQUFW6GrS5e4E=" PayloadSize="18957" Path="FeaturesOnDemand\zh-tw\baseless\Microsoft-Windows-SystemInsights-Management-Tools-FOD-Package~31bf3856ad364e35~AMD64~zh-tw~.cab" PayloadType="ExpressCab" />
        <PayloadItem PayloadHash="HQL9RdpgGiFXOsrncP31gjJTJ4xqIGbyKdejMX2t6tM=" PayloadSize="73004" Path="FeaturesOnDemand\zh-tw\baseless\Microsoft-Windows-SystemInsights-Management-Tools-FOD-Package~31bf3856ad364e35~AMD64~zh-tw~.psf" PayloadType="ExpressPSF" />
      </Payload>
    </Package>
    <Package ID="Microsoft-Windows-VolumeActivation-Tools-FoD-Package~31bf3856ad364e35~AMD64~zh-tw~" InstalledSize="243928" Version="10.0.17763.1">
      <SatelliteInfo>
        <ApplyToInfo>
          <ApplyTo Type="language" Value="zh-TW" />
        </ApplyToInfo>
      </SatelliteInfo>
      <Payload>
        <PayloadItem PayloadHash="cYJ8uL1BXNd/Z7SyXnq8SSdBuRJp+xTTGGy/jV/bl0k=" PayloadSize="18845" Path="FeaturesOnDemand\zh-tw\baseless\Microsoft-Windows-VolumeActivation-Tools-FoD-Package~31bf3856ad364e35~AMD64~zh-tw~.cab" PayloadType="ExpressCab" />
        <PayloadItem PayloadHash="e8dloJJ86DrgrX4DFongvwEpROg1UheVWGCMsXkF+u4=" PayloadSize="183496" Path="FeaturesOnDemand\zh-tw\baseless\Microsoft-Windows-VolumeActivation-Tools-FoD-Package~31bf3856ad364e35~AMD64~zh-tw~.psf" PayloadType="ExpressPSF" />
      </Payload>
    </Package>
    <Package ID="Microsoft-Windows-WMI-SNMP-Provider-Client-Package~31bf3856ad364e35~AMD64~zh-tw~" InstalledSize="76494" Version="10.0.17763.1">
      <SatelliteInfo>
        <ApplyToInfo>
          <ApplyTo Type="language" Value="zh-TW" />
        </ApplyToInfo>
      </SatelliteInfo>
      <Payload>
        <PayloadItem PayloadHash="L1e8vQcnbbeFpqL6F2yP9jjfoNV+CLQAmq1pam8QdgM=" PayloadSize="18897" Path="FeaturesOnDemand\zh-tw\baseless\Microsoft-Windows-WMI-SNMP-Provider-Client-Package~31bf3856ad364e35~AMD64~zh-tw~.cab" PayloadType="ExpressCab" />
        <PayloadItem PayloadHash="AxpLK0ltdq77AtBSmIyvCV2TpdkBM8NgRHCogXczOXs=" PayloadSize="76181" Path="FeaturesOnDemand\zh-tw\baseless\Microsoft-Windows-WMI-SNMP-Provider-Client-Package~31bf3856ad364e35~AMD64~zh-tw~.psf" PayloadType="ExpressPSF" />
      </Payload>
    </Package>
    <Package ID="Microsoft-Windows-WMI-SNMP-Provider-Client-Package~31bf3856ad364e35~wow64~zh-tw~" InstalledSize="76563" Version="10.0.17763.1">
      <SatelliteInfo>
        <ApplyToInfo>
          <ApplyTo Type="arch" Value="wow64" />
          <ApplyTo Type="language" Value="zh-TW" />
        </ApplyToInfo>
      </SatelliteInfo>
      <Payload>
        <PayloadItem PayloadHash="bOh8G6toQaTSpSh8IoZnlH0k9RBvcKosM7dIs2dQdcc=" PayloadSize="19329" Path="FeaturesOnDemand\zh-tw\baseless\Microsoft-Windows-WMI-SNMP-Provider-Client-Package~31bf3856ad364e35~wow64~zh-tw~.cab" PayloadType="ExpressCab" />
        <PayloadItem PayloadHash="YhM/e8wbMsf/pStmDo50C0RCjI77z3ufcRS+zq2+034=" PayloadSize="76419" Path="FeaturesOnDemand\zh-tw\baseless\Microsoft-Windows-WMI-SNMP-Provider-Client-Package~31bf3856ad364e35~wow64~zh-tw~.psf" PayloadType="ExpressPSF" />
      </Payload>
    </Package>
    <Package ID="Microsoft-Windows-WSUS-Tools-FoD-Package~31bf3856ad364e35~AMD64~zh-tw~" InstalledSize="2891661" Version="10.0.17763.1">
      <SatelliteInfo>
        <ApplyToInfo>
          <ApplyTo Type="language" Value="zh-TW" />
        </ApplyToInfo>
      </SatelliteInfo>
      <Payload>
        <PayloadItem PayloadHash="+NDF7hDveHk6sgqXSvtYHkTwO7z0gjSf56jP2E7nyZg=" PayloadSize="19965" Path="FeaturesOnDemand\zh-tw\baseless\Microsoft-Windows-WSUS-Tools-FoD-Package~31bf3856ad364e35~AMD64~zh-tw~.cab" PayloadType="ExpressCab" />
        <PayloadItem PayloadHash="OF5mP9qpzcxSWPo/9xYONfYwjpV/U5MntFwUbwSU/+Y=" PayloadSize="383001" Path="FeaturesOnDemand\zh-tw\baseless\Microsoft-Windows-WSUS-Tools-FoD-Package~31bf3856ad364e35~AMD64~zh-tw~.psf" PayloadType="ExpressPSF" />
      </Payload>
    </Package>
  </Packages>
</CompDB>