<?xml version="1.0" encoding="utf-8"?>
<CompDB xmlns:xsi="http://www.w3.org/2001/XMLSchema-instance" xmlns:xsd="http://www.w3.org/2001/XMLSchema" CreatedDate="2018-11-16T00:47:02.8351739Z" Revision="1" SchemaVersion="1.2" Product="Desktop" BuildID="80154b57-1148-3590-c1b9-d2ce93ee1fac" BuildInfo="rs5_release.17763.1.180914-1434" OSVersion="10.0.17763.1" BuildArch="amd64" ReleaseType="Production" Type="Baseless" xmlns="http://schemas.microsoft.com/embedded/2004/10/ImageUpdate">
  <Tags Type="Language">
    <Tag Name="Language" Value="sl-SI" />
    <Tag Name="UpdateType" Value="Baseless" />
  </Tags>
  <Features>
    <Feature Type="LanguagePack" FeatureID="Language.UI.Server~sl-si" FMID="MSDL" Group="Microsoft">
      <Packages>
        <Package ID="Microsoft-Windows-Server-LanguagePack-Package_sl-si~31bf3856ad364e35~amd64~sl-si~" PackageType="FeaturePackage" />
      </Packages>
    </Feature>
    <Feature Type="OnDemandFeature" FeatureID="Microsoft.Onecore.StorageManagement~~1.0" FMID="MSDN" Group="Microsoft">
      <Packages>
        <Package ID="Microsoft-OneCore-StorageManagement-FoD-Package~31bf3856ad364e35~AMD64~sl-si~" PackageType="SatellitePackage" />
        <Package ID="Microsoft-OneCore-StorageManagement-FoD-Package~31bf3856ad364e35~wow64~sl-si~" PackageType="SatellitePackage" />
      </Packages>
    </Feature>
    <Feature Type="OnDemandFeature" FeatureID="Rsat.ActiveDirectory.DS-LDS.Tools~~1.0" FMID="MSDN" Group="Microsoft">
      <Dependencies>
        <Feature FeatureID="Rsat.ServerManager.Tools~~1.0" />
      </Dependencies>
      <Packages>
        <Package ID="Microsoft-Windows-ActiveDirectory-DS-LDS-Tools-FoD-Package~31bf3856ad364e35~AMD64~sl-si~" PackageType="SatellitePackage" />
        <Package ID="Microsoft-Windows-ActiveDirectory-DS-LDS-Tools-FoD-Package~31bf3856ad364e35~wow64~sl-si~" PackageType="SatellitePackage" />
      </Packages>
    </Feature>
    <Feature Type="OnDemandFeature" FeatureID="Rsat.BitLocker.Recovery.Tools~~1.0" FMID="MSDN" Group="Microsoft">
      <Dependencies>
        <Feature FeatureID="Rsat.ActiveDirectory.DS-LDS.Tools~~1.0" />
      </Dependencies>
      <Packages>
        <Package ID="Microsoft-Windows-BitLocker-Recovery-Tools-FoD-Package~31bf3856ad364e35~AMD64~sl-si~" PackageType="SatellitePackage" />
      </Packages>
    </Feature>
    <Feature Type="OnDemandFeature" FeatureID="Rsat.CertificateServices.Tools~~1.0" FMID="MSDN" Group="Microsoft">
      <Packages>
        <Package ID="Microsoft-Windows-CertificateServices-Tools-FoD-Package~31bf3856ad364e35~AMD64~sl-si~" PackageType="SatellitePackage" />
      </Packages>
    </Feature>
    <Feature Type="OnDemandFeature" FeatureID="Rsat.DHCP.Tools~~1.0" FMID="MSDN" Group="Microsoft">
      <Packages>
        <Package ID="Microsoft-Windows-DHCP-Tools-FoD-Package~31bf3856ad364e35~AMD64~sl-si~" PackageType="SatellitePackage" />
        <Package ID="Microsoft-Windows-DHCP-Tools-FoD-Package~31bf3856ad364e35~wow64~sl-si~" PackageType="SatellitePackage" />
      </Packages>
    </Feature>
    <Feature Type="OnDemandFeature" FeatureID="Rsat.Dns.Tools~~1.0" FMID="MSDN" Group="Microsoft">
      <Packages>
        <Package ID="Microsoft-Windows-DNS-Tools-FoD-Package~31bf3856ad364e35~AMD64~sl-si~" PackageType="SatellitePackage" />
        <Package ID="Microsoft-Windows-DNS-Tools-FoD-Package~31bf3856ad364e35~wow64~sl-si~" PackageType="SatellitePackage" />
      </Packages>
    </Feature>
    <Feature Type="OnDemandFeature" FeatureID="Rsat.FailoverCluster.Management.Tools~~1.0" FMID="MSDN" Group="Microsoft">
      <Dependencies>
        <Feature FeatureID="Rsat.FileServices.Tools~~1.0" />
      </Dependencies>
      <Packages>
        <Package ID="Microsoft-Windows-FailoverCluster-Management-Tools-FOD-Package~31bf3856ad364e35~AMD64~sl-si~" PackageType="SatellitePackage" />
        <Package ID="Microsoft-Windows-FailoverCluster-Management-Tools-FOD-Package~31bf3856ad364e35~wow64~sl-si~" PackageType="SatellitePackage" />
      </Packages>
    </Feature>
    <Feature Type="OnDemandFeature" FeatureID="Rsat.FileServices.Tools~~1.0" FMID="MSDN" Group="Microsoft">
      <Dependencies>
        <Feature FeatureID="Rsat.ServerManager.Tools~~1.0" />
      </Dependencies>
      <Packages>
        <Package ID="Microsoft-Windows-FileServices-Tools-FoD-Package~31bf3856ad364e35~AMD64~sl-si~" PackageType="SatellitePackage" />
        <Package ID="Microsoft-Windows-FileServices-Tools-FoD-Package~31bf3856ad364e35~wow64~sl-si~" PackageType="SatellitePackage" />
      </Packages>
    </Feature>
    <Feature Type="OnDemandFeature" FeatureID="Rsat.GroupPolicy.Management.Tools~~1.0" FMID="MSDN" Group="Microsoft">
      <Packages>
        <Package ID="Microsoft-Windows-GroupPolicy-Management-Tools-FoD-Package~31bf3856ad364e35~AMD64~sl-si~" PackageType="SatellitePackage" />
        <Package ID="Microsoft-Windows-GroupPolicy-Management-Tools-FoD-Package~31bf3856ad364e35~wow64~sl-si~" PackageType="SatellitePackage" />
      </Packages>
    </Feature>
    <Feature Type="OnDemandFeature" FeatureID="Rsat.IPAM.Client.Tools~~1.0" FMID="MSDN" Group="Microsoft">
      <Dependencies>
        <Feature FeatureID="Rsat.ServerManager.Tools~~1.0" />
      </Dependencies>
      <Packages>
        <Package ID="Microsoft-Windows-IPAM-Client-FoD-Package~31bf3856ad364e35~AMD64~sl-si~" PackageType="SatellitePackage" />
        <Package ID="Microsoft-Windows-IPAM-Client-FoD-Package~31bf3856ad364e35~wow64~sl-si~" PackageType="SatellitePackage" />
      </Packages>
    </Feature>
    <Feature Type="OnDemandFeature" FeatureID="Rsat.NetworkController.Tools~~1.0" FMID="MSDN" Group="Microsoft">
      <Packages>
        <Package ID="Microsoft-Windows-NetworkController-Tools-FoD-Package~31bf3856ad364e35~AMD64~sl-si~" PackageType="SatellitePackage" />
      </Packages>
    </Feature>
    <Feature Type="OnDemandFeature" FeatureID="Rsat.NetworkLoadBalancing.Tools~~1.0" FMID="MSDN" Group="Microsoft">
      <Packages>
        <Package ID="Microsoft-Windows-NetworkLoadBalancing-Tools-FoD-Package~31bf3856ad364e35~AMD64~sl-si~" PackageType="SatellitePackage" />
      </Packages>
    </Feature>
    <Feature Type="OnDemandFeature" FeatureID="RasCMAK.Client~~1.0" FMID="MSDN" Group="Microsoft">
      <Packages>
        <Package ID="Microsoft-Windows-RasCMAK-Client-Package~31bf3856ad364e35~AMD64~sl-si~" PackageType="SatellitePackage" />
        <Package ID="Microsoft-Windows-RasCMAK-Client-Package~31bf3856ad364e35~wow64~sl-si~" PackageType="SatellitePackage" />
      </Packages>
    </Feature>
    <Feature Type="OnDemandFeature" FeatureID="RIP.Listener~~1.0" FMID="MSDN" Group="Microsoft">
      <Packages>
        <Package ID="Microsoft-Windows-RasRip-Package~31bf3856ad364e35~AMD64~sl-si~" PackageType="SatellitePackage" />
      </Packages>
    </Feature>
    <Feature Type="OnDemandFeature" FeatureID="Rsat.RemoteAccess.Management.Tools~~1.0" FMID="MSDN" Group="Microsoft">
      <Dependencies>
        <Feature FeatureID="Rsat.GroupPolicy.Management.Tools~~1.0" />
        <Feature FeatureID="Rsat.ServerManager.Tools~~1.0" />
      </Dependencies>
      <Packages>
        <Package ID="Microsoft-Windows-RemoteAccess-Management-Tools-FoD-Package~31bf3856ad364e35~AMD64~sl-si~" PackageType="SatellitePackage" />
        <Package ID="Microsoft-Windows-RemoteAccess-Management-Tools-FoD-Package~31bf3856ad364e35~wow64~sl-si~" PackageType="SatellitePackage" />
      </Packages>
    </Feature>
    <Feature Type="OnDemandFeature" FeatureID="Rsat.RemoteDesktop.Services.Tools~~1.0" FMID="MSDN" Group="Microsoft">
      <Packages>
        <Package ID="Microsoft-Windows-RemoteDesktop-Services-Tools-FoD-Package~31bf3856ad364e35~AMD64~sl-si~" PackageType="SatellitePackage" />
      </Packages>
    </Feature>
    <Feature Type="OnDemandFeature" FeatureID="ServerCore.AppCompatibility~~1.0" FMID="MSDN" Group="Microsoft">
      <Packages>
        <Package ID="Microsoft-Windows-Server-AppCompat-FoD-Package~31bf3856ad364e35~AMD64~sl-si~" PackageType="SatellitePackage" />
      </Packages>
    </Feature>
    <Feature Type="OnDemandFeature" FeatureID="Rsat.ServerManager.Tools~~1.0" FMID="MSDN" Group="Microsoft">
      <Packages>
        <Package ID="Microsoft-Windows-ServerManager-Tools-FoD-Package~31bf3856ad364e35~AMD64~sl-si~" PackageType="SatellitePackage" />
        <Package ID="Microsoft-Windows-ServerManager-Tools-FoD-Package~31bf3856ad364e35~wow64~sl-si~" PackageType="SatellitePackage" />
      </Packages>
    </Feature>
    <Feature Type="OnDemandFeature" FeatureID="Rsat.Shielded.VM.Tools~~1.0" FMID="MSDN" Group="Microsoft">
      <Dependencies>
        <Feature FeatureID="Rsat.ServerManager.Tools~~1.0" />
      </Dependencies>
      <Packages>
        <Package ID="Microsoft-Windows-Shielded-VM-Tools-FoD-Package~31bf3856ad364e35~AMD64~sl-si~" PackageType="SatellitePackage" />
      </Packages>
    </Feature>
    <Feature Type="OnDemandFeature" FeatureID="SNMP.Client~~1.0" FMID="MSDN" Group="Microsoft">
      <Packages>
        <Package ID="Microsoft-Windows-SNMP-Client-Package~31bf3856ad364e35~AMD64~sl-si~" PackageType="SatellitePackage" />
        <Package ID="Microsoft-Windows-SNMP-Client-Package~31bf3856ad364e35~wow64~sl-si~" PackageType="SatellitePackage" />
      </Packages>
    </Feature>
    <Feature Type="OnDemandFeature" FeatureID="Microsoft.Windows.StorageManagement~~1.0" FMID="MSDN" Group="Microsoft">
      <Packages>
        <Package ID="Microsoft-Windows-StorageManagement-FoD-Package~31bf3856ad364e35~AMD64~sl-si~" PackageType="SatellitePackage" />
        <Package ID="Microsoft-Windows-StorageManagement-FoD-Package~31bf3856ad364e35~wow64~sl-si~" PackageType="SatellitePackage" />
      </Packages>
    </Feature>
    <Feature Type="OnDemandFeature" FeatureID="Rsat.StorageMigrationService.Management.Tools~~1.0" FMID="MSDN" Group="Microsoft">
      <Packages>
        <Package ID="Microsoft-Windows-StorageMigrationService-Management-Tools-FOD-Package~31bf3856ad364e35~AMD64~sl-si~" PackageType="SatellitePackage" />
      </Packages>
    </Feature>
    <Feature Type="OnDemandFeature" FeatureID="Rsat.StorageReplica.Tools~~1.0" FMID="MSDN" Group="Microsoft">
      <Packages>
        <Package ID="Microsoft-Windows-StorageReplica-Tools-FoD-Package~31bf3856ad364e35~AMD64~sl-si~" PackageType="SatellitePackage" />
      </Packages>
    </Feature>
    <Feature Type="OnDemandFeature" FeatureID="Rsat.SystemInsights.Management.Tools~~1.0" FMID="MSDN" Group="Microsoft">
      <Packages>
        <Package ID="Microsoft-Windows-SystemInsights-Management-Tools-FOD-Package~31bf3856ad364e35~AMD64~sl-si~" PackageType="SatellitePackage" />
      </Packages>
    </Feature>
    <Feature Type="OnDemandFeature" FeatureID="Rsat.VolumeActivation.Tools~~1.0" FMID="MSDN" Group="Microsoft">
      <Packages>
        <Package ID="Microsoft-Windows-VolumeActivation-Tools-FoD-Package~31bf3856ad364e35~AMD64~sl-si~" PackageType="SatellitePackage" />
      </Packages>
    </Feature>
    <Feature Type="OnDemandFeature" FeatureID="WMI-SNMP-Provider.Client~~1.0" FMID="MSDN" Group="Microsoft">
      <Dependencies>
        <Feature FeatureID="SNMP.Client~~1.0" />
      </Dependencies>
      <Packages>
        <Package ID="Microsoft-Windows-WMI-SNMP-Provider-Client-Package~31bf3856ad364e35~AMD64~sl-si~" PackageType="SatellitePackage" />
        <Package ID="Microsoft-Windows-WMI-SNMP-Provider-Client-Package~31bf3856ad364e35~wow64~sl-si~" PackageType="SatellitePackage" />
      </Packages>
    </Feature>
    <Feature Type="OnDemandFeature" FeatureID="Rsat.WSUS.Tools~~1.0" FMID="MSDN" Group="Microsoft">
      <Packages>
        <Package ID="Microsoft-Windows-WSUS-Tools-FoD-Package~31bf3856ad364e35~AMD64~sl-si~" PackageType="SatellitePackage" />
      </Packages>
    </Feature>
  </Features>
  <Packages>
    <Package ID="Microsoft-Windows-Server-LanguagePack-Package_sl-si~31bf3856ad364e35~amd64~sl-si~" InstalledSize="886965657" Version="10.0.17763.1">
      <SatelliteInfo>
        <DeclareInfo>
          <Declare Type="language" Value="sl-SI" />
        </DeclareInfo>
      </SatelliteInfo>
      <Payload>
        <PayloadItem PayloadHash="/8tAaoDAvZ16wMPgW+AF2DGjTqpyFQKhKmLU5l0D41k=" PayloadSize="1619971" Path="UUP\Desktop\editionpackages\Server\sl-si\baseless\Microsoft-Windows-Server-LanguagePack-Package_sl-si~31bf3856ad364e35~amd64~sl-si~.cab" PayloadType="ExpressCab" />
        <PayloadItem PayloadHash="H85o+iX0ggfYlgeqM2+t2vN8KV7yy6IjwX2GrseTP20=" PayloadSize="67618202" Path="UUP\Desktop\editionpackages\Server\sl-si\baseless\Microsoft-Windows-Server-LanguagePack-Package_sl-si~31bf3856ad364e35~amd64~sl-si~.psf" PayloadType="ExpressPSF" />
      </Payload>
    </Package>
    <Package ID="Microsoft-OneCore-StorageManagement-FoD-Package~31bf3856ad364e35~AMD64~sl-si~" InstalledSize="1961337" Version="10.0.17763.1">
      <SatelliteInfo>
        <ApplyToInfo>
          <ApplyTo Type="language" Value="sl-SI" />
        </ApplyToInfo>
      </SatelliteInfo>
      <Payload>
        <PayloadItem PayloadHash="cG/xwAsKsxFsEg78uwXWBli6L86hv7oOn+WmHKwtLOw=" PayloadSize="20595" Path="FeaturesOnDemand\sl-si\baseless\Microsoft-OneCore-StorageManagement-FoD-Package~31bf3856ad364e35~AMD64~sl-si~.cab" PayloadType="ExpressCab" />
        <PayloadItem PayloadHash="9BY2ht2nDQP1W0igJztMlLeG+LbrIjc0LMsa5vr4ctQ=" PayloadSize="207301" Path="FeaturesOnDemand\sl-si\baseless\Microsoft-OneCore-StorageManagement-FoD-Package~31bf3856ad364e35~AMD64~sl-si~.psf" PayloadType="ExpressPSF" />
      </Payload>
    </Package>
    <Package ID="Microsoft-OneCore-StorageManagement-FoD-Package~31bf3856ad364e35~wow64~sl-si~" InstalledSize="1079711" Version="10.0.17763.1">
      <SatelliteInfo>
        <ApplyToInfo>
          <ApplyTo Type="arch" Value="wow64" />
          <ApplyTo Type="language" Value="sl-SI" />
        </ApplyToInfo>
      </SatelliteInfo>
      <Payload>
        <PayloadItem PayloadHash="2Z0KDU7h286vJ8E+Mp899cse0PljPIeVTEprCY7qH2E=" PayloadSize="18797" Path="FeaturesOnDemand\sl-si\baseless\Microsoft-OneCore-StorageManagement-FoD-Package~31bf3856ad364e35~wow64~sl-si~.cab" PayloadType="ExpressCab" />
        <PayloadItem PayloadHash="kjKAdyazmxojTLA5yVg2ydbCE3CN8GCLaSq+PWxWpw0=" PayloadSize="117157" Path="FeaturesOnDemand\sl-si\baseless\Microsoft-OneCore-StorageManagement-FoD-Package~31bf3856ad364e35~wow64~sl-si~.psf" PayloadType="ExpressPSF" />
      </Payload>
    </Package>
    <Package ID="Microsoft-Windows-ActiveDirectory-DS-LDS-Tools-FoD-Package~31bf3856ad364e35~AMD64~sl-si~" InstalledSize="5723632" Version="10.0.17763.1">
      <SatelliteInfo>
        <ApplyToInfo>
          <ApplyTo Type="language" Value="sl-SI" />
        </ApplyToInfo>
      </SatelliteInfo>
      <Payload>
        <PayloadItem PayloadHash="nbtsVHelqZo8yAsRB5Wgq9lPexZGv+265eAos7Mf3cc=" PayloadSize="27923" Path="FeaturesOnDemand\sl-si\baseless\Microsoft-Windows-ActiveDirectory-DS-LDS-Tools-FoD-Package~31bf3856ad364e35~AMD64~sl-si~.cab" PayloadType="ExpressCab" />
        <PayloadItem PayloadHash="eLaMnaD+AL1T0ucDpJeOuMUElDG5Fcze02iMjD9AMyM=" PayloadSize="957879" Path="FeaturesOnDemand\sl-si\baseless\Microsoft-Windows-ActiveDirectory-DS-LDS-Tools-FoD-Package~31bf3856ad364e35~AMD64~sl-si~.psf" PayloadType="ExpressPSF" />
      </Payload>
    </Package>
    <Package ID="Microsoft-Windows-ActiveDirectory-DS-LDS-Tools-FoD-Package~31bf3856ad364e35~wow64~sl-si~" InstalledSize="797107" Version="10.0.17763.1">
      <SatelliteInfo>
        <ApplyToInfo>
          <ApplyTo Type="arch" Value="wow64" />
          <ApplyTo Type="language" Value="sl-SI" />
        </ApplyToInfo>
      </SatelliteInfo>
      <Payload>
        <PayloadItem PayloadHash="Ig1LrtXRC6DmqYhLMoQkXGv0rwhOu3qlnfQJaUw3ERc=" PayloadSize="20051" Path="FeaturesOnDemand\sl-si\baseless\Microsoft-Windows-ActiveDirectory-DS-LDS-Tools-FoD-Package~31bf3856ad364e35~wow64~sl-si~.cab" PayloadType="ExpressCab" />
        <PayloadItem PayloadHash="+xKLj/WWcRS/h8b1F12zBoOf4So0Ve6v+9AUqek0kXo=" PayloadSize="162475" Path="FeaturesOnDemand\sl-si\baseless\Microsoft-Windows-ActiveDirectory-DS-LDS-Tools-FoD-Package~31bf3856ad364e35~wow64~sl-si~.psf" PayloadType="ExpressPSF" />
      </Payload>
    </Package>
    <Package ID="Microsoft-Windows-BitLocker-Recovery-Tools-FoD-Package~31bf3856ad364e35~AMD64~sl-si~" InstalledSize="33125" Version="10.0.17763.1">
      <SatelliteInfo>
        <ApplyToInfo>
          <ApplyTo Type="language" Value="sl-SI" />
        </ApplyToInfo>
      </SatelliteInfo>
      <Payload>
        <PayloadItem PayloadHash="qpOCg4/UeqYFhYob36de5Nl/soA06IAsmk/Hp8CwOzk=" PayloadSize="19019" Path="FeaturesOnDemand\sl-si\baseless\Microsoft-Windows-BitLocker-Recovery-Tools-FoD-Package~31bf3856ad364e35~AMD64~sl-si~.cab" PayloadType="ExpressCab" />
        <PayloadItem PayloadHash="Rb/AogZmZKC6jvQLtVl1LhReZzHMlFJhUa5XoJMHvAo=" PayloadSize="67693" Path="FeaturesOnDemand\sl-si\baseless\Microsoft-Windows-BitLocker-Recovery-Tools-FoD-Package~31bf3856ad364e35~AMD64~sl-si~.psf" PayloadType="ExpressPSF" />
      </Payload>
    </Package>
    <Package ID="Microsoft-Windows-CertificateServices-Tools-FoD-Package~31bf3856ad364e35~AMD64~sl-si~" InstalledSize="1015095" Version="10.0.17763.1">
      <SatelliteInfo>
        <ApplyToInfo>
          <ApplyTo Type="language" Value="sl-SI" />
        </ApplyToInfo>
      </SatelliteInfo>
      <Payload>
        <PayloadItem PayloadHash="gR3CPaToCCrs/O/mYMmTIj6yXZxy2JwbRu8X5GEiP4o=" PayloadSize="21177" Path="FeaturesOnDemand\sl-si\baseless\Microsoft-Windows-CertificateServices-Tools-FoD-Package~31bf3856ad364e35~AMD64~sl-si~.cab" PayloadType="ExpressCab" />
        <PayloadItem PayloadHash="qTtR+Eoe0Rn3a0kVNfQg1GVw/f3oqoiHXjhz/iGDitU=" PayloadSize="205675" Path="FeaturesOnDemand\sl-si\baseless\Microsoft-Windows-CertificateServices-Tools-FoD-Package~31bf3856ad364e35~AMD64~sl-si~.psf" PayloadType="ExpressPSF" />
      </Payload>
    </Package>
    <Package ID="Microsoft-Windows-DHCP-Tools-FoD-Package~31bf3856ad364e35~AMD64~sl-si~" InstalledSize="1789797" Version="10.0.17763.1">
      <SatelliteInfo>
        <ApplyToInfo>
          <ApplyTo Type="language" Value="sl-SI" />
        </ApplyToInfo>
      </SatelliteInfo>
      <Payload>
        <PayloadItem PayloadHash="uSSP9j8OiHnH6BdPve2SJ+A4B6TM53wBstpoW2d9Pd4=" PayloadSize="19989" Path="FeaturesOnDemand\sl-si\baseless\Microsoft-Windows-DHCP-Tools-FoD-Package~31bf3856ad364e35~AMD64~sl-si~.cab" PayloadType="ExpressCab" />
        <PayloadItem PayloadHash="OHlPmErzLUtI1QVT1vzFVLkyf41/AOftvvPADTGRovk=" PayloadSize="207951" Path="FeaturesOnDemand\sl-si\baseless\Microsoft-Windows-DHCP-Tools-FoD-Package~31bf3856ad364e35~AMD64~sl-si~.psf" PayloadType="ExpressPSF" />
      </Payload>
    </Package>
    <Package ID="Microsoft-Windows-DHCP-Tools-FoD-Package~31bf3856ad364e35~wow64~sl-si~" InstalledSize="464544" Version="10.0.17763.1">
      <SatelliteInfo>
        <ApplyToInfo>
          <ApplyTo Type="arch" Value="wow64" />
          <ApplyTo Type="language" Value="sl-SI" />
        </ApplyToInfo>
      </SatelliteInfo>
      <Payload>
        <PayloadItem PayloadHash="2wvVOW8B7yyqgT+Im5gLxsEZ/g7EJt/xXAvcikkeh6o=" PayloadSize="18589" Path="FeaturesOnDemand\sl-si\baseless\Microsoft-Windows-DHCP-Tools-FoD-Package~31bf3856ad364e35~wow64~sl-si~.cab" PayloadType="ExpressCab" />
        <PayloadItem PayloadHash="c/BiQO6aNinUXrFciQCVuHbK5uXREA5zSgjbtYljENs=" PayloadSize="96330" Path="FeaturesOnDemand\sl-si\baseless\Microsoft-Windows-DHCP-Tools-FoD-Package~31bf3856ad364e35~wow64~sl-si~.psf" PayloadType="ExpressPSF" />
      </Payload>
    </Package>
    <Package ID="Microsoft-Windows-DNS-Tools-FoD-Package~31bf3856ad364e35~AMD64~sl-si~" InstalledSize="1891827" Version="10.0.17763.1">
      <SatelliteInfo>
        <ApplyToInfo>
          <ApplyTo Type="language" Value="sl-SI" />
        </ApplyToInfo>
      </SatelliteInfo>
      <Payload>
        <PayloadItem PayloadHash="Hl12qr3HmU+LFg902YiorRvxuKKm3FlDyJhIAxmoeTk=" PayloadSize="20009" Path="FeaturesOnDemand\sl-si\baseless\Microsoft-Windows-DNS-Tools-FoD-Package~31bf3856ad364e35~AMD64~sl-si~.cab" PayloadType="ExpressCab" />
        <PayloadItem PayloadHash="VBNd6Bghz8rmcuSe6+apNk1R0C8KBls1w1cFF5nTwOA=" PayloadSize="244116" Path="FeaturesOnDemand\sl-si\baseless\Microsoft-Windows-DNS-Tools-FoD-Package~31bf3856ad364e35~AMD64~sl-si~.psf" PayloadType="ExpressPSF" />
      </Payload>
    </Package>
    <Package ID="Microsoft-Windows-DNS-Tools-FoD-Package~31bf3856ad364e35~wow64~sl-si~" InstalledSize="13648" Version="10.0.17763.1">
      <SatelliteInfo>
        <ApplyToInfo>
          <ApplyTo Type="arch" Value="wow64" />
          <ApplyTo Type="language" Value="sl-SI" />
        </ApplyToInfo>
      </SatelliteInfo>
      <Payload>
        <PayloadItem PayloadHash="N9kv7i6VzKP7okiP4APtL4r/9hf8kIY8VRBY8D5syTU=" PayloadSize="18581" Path="FeaturesOnDemand\sl-si\baseless\Microsoft-Windows-DNS-Tools-FoD-Package~31bf3856ad364e35~wow64~sl-si~.cab" PayloadType="ExpressCab" />
        <PayloadItem PayloadHash="3FRIpwNFNdDe/lIwbPm/A9Oxx8E+qRJsxBAiFQUr4aU=" PayloadSize="58966" Path="FeaturesOnDemand\sl-si\baseless\Microsoft-Windows-DNS-Tools-FoD-Package~31bf3856ad364e35~wow64~sl-si~.psf" PayloadType="ExpressPSF" />
      </Payload>
    </Package>
    <Package ID="Microsoft-Windows-FailoverCluster-Management-Tools-FOD-Package~31bf3856ad364e35~AMD64~sl-si~" InstalledSize="8934339" Version="10.0.17763.1">
      <SatelliteInfo>
        <ApplyToInfo>
          <ApplyTo Type="language" Value="sl-SI" />
        </ApplyToInfo>
      </SatelliteInfo>
      <Payload>
        <PayloadItem PayloadHash="KLTwJLzF7O6QBNf+EZ6fIQV1HRZ9D6jlghjK4s5vIWI=" PayloadSize="27109" Path="FeaturesOnDemand\sl-si\baseless\Microsoft-Windows-FailoverCluster-Management-Tools-FOD-Package~31bf3856ad364e35~AMD64~sl-si~.cab" PayloadType="ExpressCab" />
        <PayloadItem PayloadHash="qqHVC5rQFnVZL3WJiNzVklQJRu4biu5AhVEtubeB5n4=" PayloadSize="2464318" Path="FeaturesOnDemand\sl-si\baseless\Microsoft-Windows-FailoverCluster-Management-Tools-FOD-Package~31bf3856ad364e35~AMD64~sl-si~.psf" PayloadType="ExpressPSF" />
      </Payload>
    </Package>
    <Package ID="Microsoft-Windows-FailoverCluster-Management-Tools-FOD-Package~31bf3856ad364e35~wow64~sl-si~" InstalledSize="75860" Version="10.0.17763.1">
      <SatelliteInfo>
        <ApplyToInfo>
          <ApplyTo Type="arch" Value="wow64" />
          <ApplyTo Type="language" Value="sl-SI" />
        </ApplyToInfo>
      </SatelliteInfo>
      <Payload>
        <PayloadItem PayloadHash="qpIpRmk/HS/WimD2jy5xoglyFD6LEkExW/Bvbphd1Gg=" PayloadSize="20073" Path="FeaturesOnDemand\sl-si\baseless\Microsoft-Windows-FailoverCluster-Management-Tools-FOD-Package~31bf3856ad364e35~wow64~sl-si~.cab" PayloadType="ExpressCab" />
        <PayloadItem PayloadHash="ZwAcy6N2rvNzEPghrHVv9qG6uOojp+1JyDCWMpuNN64=" PayloadSize="87700" Path="FeaturesOnDemand\sl-si\baseless\Microsoft-Windows-FailoverCluster-Management-Tools-FOD-Package~31bf3856ad364e35~wow64~sl-si~.psf" PayloadType="ExpressPSF" />
      </Payload>
    </Package>
    <Package ID="Microsoft-Windows-FileServices-Tools-FoD-Package~31bf3856ad364e35~AMD64~sl-si~" InstalledSize="4152923" Version="10.0.17763.1">
      <SatelliteInfo>
        <ApplyToInfo>
          <ApplyTo Type="language" Value="sl-SI" />
        </ApplyToInfo>
      </SatelliteInfo>
      <Payload>
        <PayloadItem PayloadHash="IkXPz/Hljiu2qUSaK1slGlStcv0C/V6JMWe7D2P2qlU=" PayloadSize="24181" Path="FeaturesOnDemand\sl-si\baseless\Microsoft-Windows-FileServices-Tools-FoD-Package~31bf3856ad364e35~AMD64~sl-si~.cab" PayloadType="ExpressCab" />
        <PayloadItem PayloadHash="EhMfuln389I0tEStizngpdc2KyKlK4V7zrhtc1AyW/8=" PayloadSize="621623" Path="FeaturesOnDemand\sl-si\baseless\Microsoft-Windows-FileServices-Tools-FoD-Package~31bf3856ad364e35~AMD64~sl-si~.psf" PayloadType="ExpressPSF" />
      </Payload>
    </Package>
    <Package ID="Microsoft-Windows-FileServices-Tools-FoD-Package~31bf3856ad364e35~wow64~sl-si~" InstalledSize="177199" Version="10.0.17763.1">
      <SatelliteInfo>
        <ApplyToInfo>
          <ApplyTo Type="arch" Value="wow64" />
          <ApplyTo Type="language" Value="sl-SI" />
        </ApplyToInfo>
      </SatelliteInfo>
      <Payload>
        <PayloadItem PayloadHash="axA2ztVviTFb4Kl52WvrRXAMQh0ZemEPab7KzGpr2JQ=" PayloadSize="19341" Path="FeaturesOnDemand\sl-si\baseless\Microsoft-Windows-FileServices-Tools-FoD-Package~31bf3856ad364e35~wow64~sl-si~.cab" PayloadType="ExpressCab" />
        <PayloadItem PayloadHash="kX6h/tN9ZYKfw2ep6MSr4DXpN9q8wuWvxVqJBIxzdyE=" PayloadSize="86516" Path="FeaturesOnDemand\sl-si\baseless\Microsoft-Windows-FileServices-Tools-FoD-Package~31bf3856ad364e35~wow64~sl-si~.psf" PayloadType="ExpressPSF" />
      </Payload>
    </Package>
    <Package ID="Microsoft-Windows-GroupPolicy-Management-Tools-FoD-Package~31bf3856ad364e35~AMD64~sl-si~" InstalledSize="2283515" Version="10.0.17763.1">
      <SatelliteInfo>
        <ApplyToInfo>
          <ApplyTo Type="language" Value="sl-SI" />
        </ApplyToInfo>
      </SatelliteInfo>
      <Payload>
        <PayloadItem PayloadHash="YikOvCuUvY0YoOXM3kVf3poGy787bqfB6rY5xzCRQrM=" PayloadSize="22953" Path="FeaturesOnDemand\sl-si\baseless\Microsoft-Windows-GroupPolicy-Management-Tools-FoD-Package~31bf3856ad364e35~AMD64~sl-si~.cab" PayloadType="ExpressCab" />
        <PayloadItem PayloadHash="RsJDNyVvLqjmbpuu8MZUHHuQyWrluneHsEZQS4ogqBg=" PayloadSize="352735" Path="FeaturesOnDemand\sl-si\baseless\Microsoft-Windows-GroupPolicy-Management-Tools-FoD-Package~31bf3856ad364e35~AMD64~sl-si~.psf" PayloadType="ExpressPSF" />
      </Payload>
    </Package>
    <Package ID="Microsoft-Windows-GroupPolicy-Management-Tools-FoD-Package~31bf3856ad364e35~wow64~sl-si~" InstalledSize="310061" Version="10.0.17763.1">
      <SatelliteInfo>
        <ApplyToInfo>
          <ApplyTo Type="arch" Value="wow64" />
          <ApplyTo Type="language" Value="sl-SI" />
        </ApplyToInfo>
      </SatelliteInfo>
      <Payload>
        <PayloadItem PayloadHash="KLqG2emDTvXSrTSRgb1zcyoteEWBtMtp4zDy4FqslAM=" PayloadSize="18697" Path="FeaturesOnDemand\sl-si\baseless\Microsoft-Windows-GroupPolicy-Management-Tools-FoD-Package~31bf3856ad364e35~wow64~sl-si~.cab" PayloadType="ExpressCab" />
        <PayloadItem PayloadHash="oTm+8+oxcBiDuc1PhlvTs+J9wSZNWcJzTw7kFXetBjc=" PayloadSize="100053" Path="FeaturesOnDemand\sl-si\baseless\Microsoft-Windows-GroupPolicy-Management-Tools-FoD-Package~31bf3856ad364e35~wow64~sl-si~.psf" PayloadType="ExpressPSF" />
      </Payload>
    </Package>
    <Package ID="Microsoft-Windows-IPAM-Client-FoD-Package~31bf3856ad364e35~AMD64~sl-si~" InstalledSize="103515" Version="10.0.17763.1">
      <SatelliteInfo>
        <ApplyToInfo>
          <ApplyTo Type="language" Value="sl-SI" />
        </ApplyToInfo>
      </SatelliteInfo>
      <Payload>
        <PayloadItem PayloadHash="1fb6L/oBcqEiPi1ZtCi96Hs6A3z93ar0lxmO8G8ebIU=" PayloadSize="18983" Path="FeaturesOnDemand\sl-si\baseless\Microsoft-Windows-IPAM-Client-FoD-Package~31bf3856ad364e35~AMD64~sl-si~.cab" PayloadType="ExpressCab" />
        <PayloadItem PayloadHash="D+u4ww9mQLwSsizXSRQha1Ceih9oYASCZKMd/GfEm/I=" PayloadSize="71716" Path="FeaturesOnDemand\sl-si\baseless\Microsoft-Windows-IPAM-Client-FoD-Package~31bf3856ad364e35~AMD64~sl-si~.psf" PayloadType="ExpressPSF" />
      </Payload>
    </Package>
    <Package ID="Microsoft-Windows-IPAM-Client-FoD-Package~31bf3856ad364e35~wow64~sl-si~" InstalledSize="26598" Version="10.0.17763.1">
      <SatelliteInfo>
        <ApplyToInfo>
          <ApplyTo Type="arch" Value="wow64" />
          <ApplyTo Type="language" Value="sl-SI" />
        </ApplyToInfo>
      </SatelliteInfo>
      <Payload>
        <PayloadItem PayloadHash="LzfVemh9qH338m9uyPpEkhhAghG5Sp0Adw+brO4H8dM=" PayloadSize="18753" Path="FeaturesOnDemand\sl-si\baseless\Microsoft-Windows-IPAM-Client-FoD-Package~31bf3856ad364e35~wow64~sl-si~.cab" PayloadType="ExpressCab" />
        <PayloadItem PayloadHash="tx47JiETa3W3qkg0nfzinUS7q0OwG9UG6LRQzXCXHqM=" PayloadSize="61687" Path="FeaturesOnDemand\sl-si\baseless\Microsoft-Windows-IPAM-Client-FoD-Package~31bf3856ad364e35~wow64~sl-si~.psf" PayloadType="ExpressPSF" />
      </Payload>
    </Package>
    <Package ID="Microsoft-Windows-NetworkController-Tools-FoD-Package~31bf3856ad364e35~AMD64~sl-si~" InstalledSize="69722" Version="10.0.17763.1">
      <SatelliteInfo>
        <ApplyToInfo>
          <ApplyTo Type="language" Value="sl-SI" />
        </ApplyToInfo>
      </SatelliteInfo>
      <Payload>
        <PayloadItem PayloadHash="vPZxCBKGhWiGCqTOIzWjJ8dPZxdzfNehM6Ps9FaDwTY=" PayloadSize="19209" Path="FeaturesOnDemand\sl-si\baseless\Microsoft-Windows-NetworkController-Tools-FoD-Package~31bf3856ad364e35~AMD64~sl-si~.cab" PayloadType="ExpressCab" />
        <PayloadItem PayloadHash="ZOdkYYeZx9GPboNMXiI4rOrhEW80Ou6UdUi3F0pyPss=" PayloadSize="79426" Path="FeaturesOnDemand\sl-si\baseless\Microsoft-Windows-NetworkController-Tools-FoD-Package~31bf3856ad364e35~AMD64~sl-si~.psf" PayloadType="ExpressPSF" />
      </Payload>
    </Package>
    <Package ID="Microsoft-Windows-NetworkLoadBalancing-Tools-FoD-Package~31bf3856ad364e35~AMD64~sl-si~" InstalledSize="222567" Version="10.0.17763.1">
      <SatelliteInfo>
        <ApplyToInfo>
          <ApplyTo Type="language" Value="sl-SI" />
        </ApplyToInfo>
      </SatelliteInfo>
      <Payload>
        <PayloadItem PayloadHash="qD2c0XzDdij+oLA0nzzI4Qy7F/EKO25nekvEH21I4M8=" PayloadSize="18943" Path="FeaturesOnDemand\sl-si\baseless\Microsoft-Windows-NetworkLoadBalancing-Tools-FoD-Package~31bf3856ad364e35~AMD64~sl-si~.cab" PayloadType="ExpressCab" />
        <PayloadItem PayloadHash="z9nvjlOGS/2Hkj+gLrFgkDf7WQQDpJSADCR6cLJQPck=" PayloadSize="97548" Path="FeaturesOnDemand\sl-si\baseless\Microsoft-Windows-NetworkLoadBalancing-Tools-FoD-Package~31bf3856ad364e35~AMD64~sl-si~.psf" PayloadType="ExpressPSF" />
      </Payload>
    </Package>
    <Package ID="Microsoft-Windows-RasCMAK-Client-Package~31bf3856ad364e35~AMD64~sl-si~" InstalledSize="222802" Version="10.0.17763.1">
      <SatelliteInfo>
        <ApplyToInfo>
          <ApplyTo Type="language" Value="sl-SI" />
        </ApplyToInfo>
      </SatelliteInfo>
      <Payload>
        <PayloadItem PayloadHash="Js+DQLjzoAbwyqsJG7iK5WLcsTRznqnh9xZOIH+53bs=" PayloadSize="19253" Path="FeaturesOnDemand\sl-si\baseless\Microsoft-Windows-RasCMAK-Client-Package~31bf3856ad364e35~AMD64~sl-si~.cab" PayloadType="ExpressCab" />
        <PayloadItem PayloadHash="SJ9HS//dkQGCvSJh4/082lkzTI6XT1fnwlcdmAuYJm0=" PayloadSize="124628" Path="FeaturesOnDemand\sl-si\baseless\Microsoft-Windows-RasCMAK-Client-Package~31bf3856ad364e35~AMD64~sl-si~.psf" PayloadType="ExpressPSF" />
      </Payload>
    </Package>
    <Package ID="Microsoft-Windows-RasCMAK-Client-Package~31bf3856ad364e35~wow64~sl-si~" InstalledSize="398996" Version="10.0.17763.1">
      <SatelliteInfo>
        <ApplyToInfo>
          <ApplyTo Type="arch" Value="wow64" />
          <ApplyTo Type="language" Value="sl-SI" />
        </ApplyToInfo>
      </SatelliteInfo>
      <Payload>
        <PayloadItem PayloadHash="pcbjpUOs1gxlVYL9NF0JHLYt4uozlnljs6zbMf1CYIA=" PayloadSize="19341" Path="FeaturesOnDemand\sl-si\baseless\Microsoft-Windows-RasCMAK-Client-Package~31bf3856ad364e35~wow64~sl-si~.cab" PayloadType="ExpressCab" />
        <PayloadItem PayloadHash="yMFeerMwVLi9EPETpHSu01jR2I3NvVVhxrQjUQpN1SY=" PayloadSize="326770" Path="FeaturesOnDemand\sl-si\baseless\Microsoft-Windows-RasCMAK-Client-Package~31bf3856ad364e35~wow64~sl-si~.psf" PayloadType="ExpressPSF" />
      </Payload>
    </Package>
    <Package ID="Microsoft-Windows-RasRip-Package~31bf3856ad364e35~AMD64~sl-si~" InstalledSize="27755" Version="10.0.17763.1">
      <SatelliteInfo>
        <ApplyToInfo>
          <ApplyTo Type="language" Value="sl-SI" />
        </ApplyToInfo>
      </SatelliteInfo>
      <Payload>
        <PayloadItem PayloadHash="9RTtsdNRFquKtXb1Gke/4OI8u+DPBN7+mkoGedCCio4=" PayloadSize="18521" Path="FeaturesOnDemand\sl-si\baseless\Microsoft-Windows-RasRip-Package~31bf3856ad364e35~AMD64~sl-si~.cab" PayloadType="ExpressCab" />
        <PayloadItem PayloadHash="WxiGiQCNMtUkqkseAvsYWAC965KNo3wlJgpnOWRKYBI=" PayloadSize="62143" Path="FeaturesOnDemand\sl-si\baseless\Microsoft-Windows-RasRip-Package~31bf3856ad364e35~AMD64~sl-si~.psf" PayloadType="ExpressPSF" />
      </Payload>
    </Package>
    <Package ID="Microsoft-Windows-RemoteAccess-Management-Tools-FoD-Package~31bf3856ad364e35~AMD64~sl-si~" InstalledSize="18532378" Version="10.0.17763.1">
      <SatelliteInfo>
        <ApplyToInfo>
          <ApplyTo Type="language" Value="sl-SI" />
        </ApplyToInfo>
      </SatelliteInfo>
      <Payload>
        <PayloadItem PayloadHash="4A84PL+JXdweA7G4k5cv4N3HGfSFP8ubf97bHDwswt0=" PayloadSize="21867" Path="FeaturesOnDemand\sl-si\baseless\Microsoft-Windows-RemoteAccess-Management-Tools-FoD-Package~31bf3856ad364e35~AMD64~sl-si~.cab" PayloadType="ExpressCab" />
        <PayloadItem PayloadHash="eVqEcqpCH90CxjAMzESZyDqQci8n1i6yISSUjmFJFnM=" PayloadSize="3400704" Path="FeaturesOnDemand\sl-si\baseless\Microsoft-Windows-RemoteAccess-Management-Tools-FoD-Package~31bf3856ad364e35~AMD64~sl-si~.psf" PayloadType="ExpressPSF" />
      </Payload>
    </Package>
    <Package ID="Microsoft-Windows-RemoteAccess-Management-Tools-FoD-Package~31bf3856ad364e35~wow64~sl-si~" InstalledSize="13719" Version="10.0.17763.1">
      <SatelliteInfo>
        <ApplyToInfo>
          <ApplyTo Type="arch" Value="wow64" />
          <ApplyTo Type="language" Value="sl-SI" />
        </ApplyToInfo>
      </SatelliteInfo>
      <Payload>
        <PayloadItem PayloadHash="6NMf04FxaJFqn+OP6ZgLDpWAl2HFAdOk6CJxDK8/liU=" PayloadSize="18403" Path="FeaturesOnDemand\sl-si\baseless\Microsoft-Windows-RemoteAccess-Management-Tools-FoD-Package~31bf3856ad364e35~wow64~sl-si~.cab" PayloadType="ExpressCab" />
        <PayloadItem PayloadHash="NbbMHZ+8iYg0DkrrYuOoVIAzL+MwZ5VKA8W8pym+WmU=" PayloadSize="59005" Path="FeaturesOnDemand\sl-si\baseless\Microsoft-Windows-RemoteAccess-Management-Tools-FoD-Package~31bf3856ad364e35~wow64~sl-si~.psf" PayloadType="ExpressPSF" />
      </Payload>
    </Package>
    <Package ID="Microsoft-Windows-RemoteDesktop-Services-Tools-FoD-Package~31bf3856ad364e35~AMD64~sl-si~" InstalledSize="1514219" Version="10.0.17763.1">
      <SatelliteInfo>
        <ApplyToInfo>
          <ApplyTo Type="language" Value="sl-SI" />
        </ApplyToInfo>
      </SatelliteInfo>
      <Payload>
        <PayloadItem PayloadHash="QoEwCcCjeW92DEXBDLnDFrvaLMLWAlfiqCc4D8yblIw=" PayloadSize="20733" Path="FeaturesOnDemand\sl-si\baseless\Microsoft-Windows-RemoteDesktop-Services-Tools-FoD-Package~31bf3856ad364e35~AMD64~sl-si~.cab" PayloadType="ExpressCab" />
        <PayloadItem PayloadHash="jdEQHK9gvqQQsLK69ljlzDS8OmebMoMSE+vyCP8MmUg=" PayloadSize="303599" Path="FeaturesOnDemand\sl-si\baseless\Microsoft-Windows-RemoteDesktop-Services-Tools-FoD-Package~31bf3856ad364e35~AMD64~sl-si~.psf" PayloadType="ExpressPSF" />
      </Payload>
    </Package>
    <Package ID="Microsoft-Windows-Server-AppCompat-FoD-Package~31bf3856ad364e35~AMD64~sl-si~" InstalledSize="28031273" Version="10.0.17763.1">
      <SatelliteInfo>
        <ApplyToInfo>
          <ApplyTo Type="language" Value="sl-SI" />
        </ApplyToInfo>
      </SatelliteInfo>
      <Payload>
        <PayloadItem PayloadHash="50EVTH6cq5PW4fkDdftQCwZ/Y1U0vjoYgrRCCCbUHh0=" PayloadSize="95673" Path="FeaturesOnDemand\sl-si\baseless\Microsoft-Windows-Server-AppCompat-FoD-Package~31bf3856ad364e35~AMD64~sl-si~.cab" PayloadType="ExpressCab" />
        <PayloadItem PayloadHash="bCa/HuyfZ3AAs4Aqa7Oe8QYMoATprg7tZgFSRemhAoU=" PayloadSize="6839781" Path="FeaturesOnDemand\sl-si\baseless\Microsoft-Windows-Server-AppCompat-FoD-Package~31bf3856ad364e35~AMD64~sl-si~.psf" PayloadType="ExpressPSF" />
      </Payload>
    </Package>
    <Package ID="Microsoft-Windows-ServerManager-Tools-FoD-Package~31bf3856ad364e35~AMD64~sl-si~" InstalledSize="11803858" Version="10.0.17763.1">
      <SatelliteInfo>
        <ApplyToInfo>
          <ApplyTo Type="language" Value="sl-SI" />
        </ApplyToInfo>
      </SatelliteInfo>
      <Payload>
        <PayloadItem PayloadHash="xa4Y7m2S6rIhWBEXu+IORPFjFUcqucw+2IIqTFL+MVc=" PayloadSize="38461" Path="FeaturesOnDemand\sl-si\baseless\Microsoft-Windows-ServerManager-Tools-FoD-Package~31bf3856ad364e35~AMD64~sl-si~.cab" PayloadType="ExpressCab" />
        <PayloadItem PayloadHash="7dVBmdeUjytMILXbnhYB+cYuvZ3Ug/6ulmXlu60m0Uc=" PayloadSize="2311029" Path="FeaturesOnDemand\sl-si\baseless\Microsoft-Windows-ServerManager-Tools-FoD-Package~31bf3856ad364e35~AMD64~sl-si~.psf" PayloadType="ExpressPSF" />
      </Payload>
    </Package>
    <Package ID="Microsoft-Windows-ServerManager-Tools-FoD-Package~31bf3856ad364e35~wow64~sl-si~" InstalledSize="1200223" Version="10.0.17763.1">
      <SatelliteInfo>
        <ApplyToInfo>
          <ApplyTo Type="arch" Value="wow64" />
          <ApplyTo Type="language" Value="sl-SI" />
        </ApplyToInfo>
      </SatelliteInfo>
      <Payload>
        <PayloadItem PayloadHash="IMkANwCjmdbuuP4hKcpyj2/eaxGj1nHHteLq0a/c/6g=" PayloadSize="19721" Path="FeaturesOnDemand\sl-si\baseless\Microsoft-Windows-ServerManager-Tools-FoD-Package~31bf3856ad364e35~wow64~sl-si~.cab" PayloadType="ExpressCab" />
        <PayloadItem PayloadHash="esy2hjMIH9C/L+EpHAYX9DCDajGy5msBh8V2M36ESWo=" PayloadSize="365056" Path="FeaturesOnDemand\sl-si\baseless\Microsoft-Windows-ServerManager-Tools-FoD-Package~31bf3856ad364e35~wow64~sl-si~.psf" PayloadType="ExpressPSF" />
      </Payload>
    </Package>
    <Package ID="Microsoft-Windows-Shielded-VM-Tools-FoD-Package~31bf3856ad364e35~AMD64~sl-si~" InstalledSize="389220" Version="10.0.17763.1">
      <SatelliteInfo>
        <ApplyToInfo>
          <ApplyTo Type="language" Value="sl-SI" />
        </ApplyToInfo>
      </SatelliteInfo>
      <Payload>
        <PayloadItem PayloadHash="fH0FGbO2t2ELE4IfsXSL3xyPf27LqzsX440oYqqT9uA=" PayloadSize="23469" Path="FeaturesOnDemand\sl-si\baseless\Microsoft-Windows-Shielded-VM-Tools-FoD-Package~31bf3856ad364e35~AMD64~sl-si~.cab" PayloadType="ExpressCab" />
        <PayloadItem PayloadHash="OD8txrQnbQHXYTpMaA33UBpBwcdVJh93DkeTnYizKi4=" PayloadSize="179938" Path="FeaturesOnDemand\sl-si\baseless\Microsoft-Windows-Shielded-VM-Tools-FoD-Package~31bf3856ad364e35~AMD64~sl-si~.psf" PayloadType="ExpressPSF" />
      </Payload>
    </Package>
    <Package ID="Microsoft-Windows-SNMP-Client-Package~31bf3856ad364e35~AMD64~sl-si~" InstalledSize="131975" Version="10.0.17763.1">
      <SatelliteInfo>
        <ApplyToInfo>
          <ApplyTo Type="language" Value="sl-SI" />
        </ApplyToInfo>
      </SatelliteInfo>
      <Payload>
        <PayloadItem PayloadHash="GBNttdvEbAuOltzmPS13nX+6DtmdUNgKehsdZjLzSNY=" PayloadSize="20537" Path="FeaturesOnDemand\sl-si\baseless\Microsoft-Windows-SNMP-Client-Package~31bf3856ad364e35~AMD64~sl-si~.cab" PayloadType="ExpressCab" />
        <PayloadItem PayloadHash="kunzWJp3sg1/AQlnO7yhENeYa6DH3l9EdZ1sGN5vsww=" PayloadSize="102085" Path="FeaturesOnDemand\sl-si\baseless\Microsoft-Windows-SNMP-Client-Package~31bf3856ad364e35~AMD64~sl-si~.psf" PayloadType="ExpressPSF" />
      </Payload>
    </Package>
    <Package ID="Microsoft-Windows-SNMP-Client-Package~31bf3856ad364e35~wow64~sl-si~" InstalledSize="131525" Version="10.0.17763.1">
      <SatelliteInfo>
        <ApplyToInfo>
          <ApplyTo Type="arch" Value="wow64" />
          <ApplyTo Type="language" Value="sl-SI" />
        </ApplyToInfo>
      </SatelliteInfo>
      <Payload>
        <PayloadItem PayloadHash="NZLegdT/aPtf5W9+KnTqwOjf7nJMMgXlkrZuHWew7ns=" PayloadSize="20543" Path="FeaturesOnDemand\sl-si\baseless\Microsoft-Windows-SNMP-Client-Package~31bf3856ad364e35~wow64~sl-si~.cab" PayloadType="ExpressCab" />
        <PayloadItem PayloadHash="QeA70wHV9VoyODBgA5O/GloChY/+Fsgs4VK0vsgz5+0=" PayloadSize="101653" Path="FeaturesOnDemand\sl-si\baseless\Microsoft-Windows-SNMP-Client-Package~31bf3856ad364e35~wow64~sl-si~.psf" PayloadType="ExpressPSF" />
      </Payload>
    </Package>
    <Package ID="Microsoft-Windows-StorageManagement-FoD-Package~31bf3856ad364e35~AMD64~sl-si~" InstalledSize="1618348" Version="10.0.17763.1">
      <SatelliteInfo>
        <ApplyToInfo>
          <ApplyTo Type="language" Value="sl-SI" />
        </ApplyToInfo>
      </SatelliteInfo>
      <Payload>
        <PayloadItem PayloadHash="oDJBThBKReV8Pk/Q9ksLg10pHS5iqLRpv/414L1stGI=" PayloadSize="21183" Path="FeaturesOnDemand\sl-si\baseless\Microsoft-Windows-StorageManagement-FoD-Package~31bf3856ad364e35~AMD64~sl-si~.cab" PayloadType="ExpressCab" />
        <PayloadItem PayloadHash="sBftksoswnqPahP11dyjWWrLC2gQeEj+RjPneGPufg0=" PayloadSize="210242" Path="FeaturesOnDemand\sl-si\baseless\Microsoft-Windows-StorageManagement-FoD-Package~31bf3856ad364e35~AMD64~sl-si~.psf" PayloadType="ExpressPSF" />
      </Payload>
    </Package>
    <Package ID="Microsoft-Windows-StorageManagement-FoD-Package~31bf3856ad364e35~wow64~sl-si~" InstalledSize="1119364" Version="10.0.17763.1">
      <SatelliteInfo>
        <ApplyToInfo>
          <ApplyTo Type="arch" Value="wow64" />
          <ApplyTo Type="language" Value="sl-SI" />
        </ApplyToInfo>
      </SatelliteInfo>
      <Payload>
        <PayloadItem PayloadHash="HWJx867mdfqAxK1rVwktA0KSS+uM+eQ1e/7XUREELJ4=" PayloadSize="20273" Path="FeaturesOnDemand\sl-si\baseless\Microsoft-Windows-StorageManagement-FoD-Package~31bf3856ad364e35~wow64~sl-si~.cab" PayloadType="ExpressCab" />
        <PayloadItem PayloadHash="j6PrSKrOrUBqkhvcNMVetTxT4RwGdzJhlGvFim0265U=" PayloadSize="140440" Path="FeaturesOnDemand\sl-si\baseless\Microsoft-Windows-StorageManagement-FoD-Package~31bf3856ad364e35~wow64~sl-si~.psf" PayloadType="ExpressPSF" />
      </Payload>
    </Package>
    <Package ID="Microsoft-Windows-StorageMigrationService-Management-Tools-FOD-Package~31bf3856ad364e35~AMD64~sl-si~" InstalledSize="56758" Version="10.0.17763.1">
      <SatelliteInfo>
        <ApplyToInfo>
          <ApplyTo Type="language" Value="sl-SI" />
        </ApplyToInfo>
      </SatelliteInfo>
      <Payload>
        <PayloadItem PayloadHash="/TftxGrQ4yxbVY9rtCI2nm9MdFnvDEZeb+khB5GWE2M=" PayloadSize="18993" Path="FeaturesOnDemand\sl-si\baseless\Microsoft-Windows-StorageMigrationService-Management-Tools-FOD-Package~31bf3856ad364e35~AMD64~sl-si~.cab" PayloadType="ExpressCab" />
        <PayloadItem PayloadHash="tCXrLUU9yM/98fpZORqCbzdbHkIH0zmayyAAsANLOQI=" PayloadSize="73477" Path="FeaturesOnDemand\sl-si\baseless\Microsoft-Windows-StorageMigrationService-Management-Tools-FOD-Package~31bf3856ad364e35~AMD64~sl-si~.psf" PayloadType="ExpressPSF" />
      </Payload>
    </Package>
    <Package ID="Microsoft-Windows-StorageReplica-Tools-FoD-Package~31bf3856ad364e35~AMD64~sl-si~" InstalledSize="401641" Version="10.0.17763.1">
      <SatelliteInfo>
        <ApplyToInfo>
          <ApplyTo Type="language" Value="sl-SI" />
        </ApplyToInfo>
      </SatelliteInfo>
      <Payload>
        <PayloadItem PayloadHash="A+JLnSq2PMqOKEh9o+A1O0gSyUOOVgnKDR0jgbLIHgU=" PayloadSize="18969" Path="FeaturesOnDemand\sl-si\baseless\Microsoft-Windows-StorageReplica-Tools-FoD-Package~31bf3856ad364e35~AMD64~sl-si~.cab" PayloadType="ExpressCab" />
        <PayloadItem PayloadHash="MGLDv88yrlNgBpBc35mEu79uH9S6KUmqUugmLbminVY=" PayloadSize="117248" Path="FeaturesOnDemand\sl-si\baseless\Microsoft-Windows-StorageReplica-Tools-FoD-Package~31bf3856ad364e35~AMD64~sl-si~.psf" PayloadType="ExpressPSF" />
      </Payload>
    </Package>
    <Package ID="Microsoft-Windows-SystemInsights-Management-Tools-FOD-Package~31bf3856ad364e35~AMD64~sl-si~" InstalledSize="41445" Version="10.0.17763.1">
      <SatelliteInfo>
        <ApplyToInfo>
          <ApplyTo Type="language" Value="sl-SI" />
        </ApplyToInfo>
      </SatelliteInfo>
      <Payload>
        <PayloadItem PayloadHash="TfFKJHV/7iI1KvC5QZLkbebi/ZDwbf9jxE0oavTrTwQ=" PayloadSize="19019" Path="FeaturesOnDemand\sl-si\baseless\Microsoft-Windows-SystemInsights-Management-Tools-FOD-Package~31bf3856ad364e35~AMD64~sl-si~.cab" PayloadType="ExpressCab" />
        <PayloadItem PayloadHash="YUcBkBD2Yxm1kwQdLt1nRSqYO6u/8Efo2lfv5dnSAtQ=" PayloadSize="69878" Path="FeaturesOnDemand\sl-si\baseless\Microsoft-Windows-SystemInsights-Management-Tools-FOD-Package~31bf3856ad364e35~AMD64~sl-si~.psf" PayloadType="ExpressPSF" />
      </Payload>
    </Package>
    <Package ID="Microsoft-Windows-VolumeActivation-Tools-FoD-Package~31bf3856ad364e35~AMD64~sl-si~" InstalledSize="224725" Version="10.0.17763.1">
      <SatelliteInfo>
        <ApplyToInfo>
          <ApplyTo Type="language" Value="sl-SI" />
        </ApplyToInfo>
      </SatelliteInfo>
      <Payload>
        <PayloadItem PayloadHash="zjfAg9eItCrUHlBO6aNGnm5aB+q39/keRMQptFZ0j0A=" PayloadSize="18885" Path="FeaturesOnDemand\sl-si\baseless\Microsoft-Windows-VolumeActivation-Tools-FoD-Package~31bf3856ad364e35~AMD64~sl-si~.cab" PayloadType="ExpressCab" />
        <PayloadItem PayloadHash="QqGeEpLU4mrti7N7pCbYgAV5/sIYBuPzevCWZG3mhEs=" PayloadSize="180930" Path="FeaturesOnDemand\sl-si\baseless\Microsoft-Windows-VolumeActivation-Tools-FoD-Package~31bf3856ad364e35~AMD64~sl-si~.psf" PayloadType="ExpressPSF" />
      </Payload>
    </Package>
    <Package ID="Microsoft-Windows-WMI-SNMP-Provider-Client-Package~31bf3856ad364e35~AMD64~sl-si~" InstalledSize="57377" Version="10.0.17763.1">
      <SatelliteInfo>
        <ApplyToInfo>
          <ApplyTo Type="language" Value="sl-SI" />
        </ApplyToInfo>
      </SatelliteInfo>
      <Payload>
        <PayloadItem PayloadHash="arfe1ZsvCmNxqQuZgfQPZSiynfTA42Q2GWZPI6FbnS4=" PayloadSize="19295" Path="FeaturesOnDemand\sl-si\baseless\Microsoft-Windows-WMI-SNMP-Provider-Client-Package~31bf3856ad364e35~AMD64~sl-si~.cab" PayloadType="ExpressCab" />
        <PayloadItem PayloadHash="CMYEzUZH7/qAY5l+2RO4LEhvnkazNSakq4YAaBudtqI=" PayloadSize="74146" Path="FeaturesOnDemand\sl-si\baseless\Microsoft-Windows-WMI-SNMP-Provider-Client-Package~31bf3856ad364e35~AMD64~sl-si~.psf" PayloadType="ExpressPSF" />
      </Payload>
    </Package>
    <Package ID="Microsoft-Windows-WMI-SNMP-Provider-Client-Package~31bf3856ad364e35~wow64~sl-si~" InstalledSize="57065" Version="10.0.17763.1">
      <SatelliteInfo>
        <ApplyToInfo>
          <ApplyTo Type="arch" Value="wow64" />
          <ApplyTo Type="language" Value="sl-SI" />
        </ApplyToInfo>
      </SatelliteInfo>
      <Payload>
        <PayloadItem PayloadHash="zzahgMUfzmRc8YoptyFXAk+Gaq+CuF87tdSnQDQUBEE=" PayloadSize="19315" Path="FeaturesOnDemand\sl-si\baseless\Microsoft-Windows-WMI-SNMP-Provider-Client-Package~31bf3856ad364e35~wow64~sl-si~.cab" PayloadType="ExpressCab" />
        <PayloadItem PayloadHash="aBYf2GEuGgNjl0lmtCrYNccBVbyRyoqVGIRYNwoRwI8=" PayloadSize="74050" Path="FeaturesOnDemand\sl-si\baseless\Microsoft-Windows-WMI-SNMP-Provider-Client-Package~31bf3856ad364e35~wow64~sl-si~.psf" PayloadType="ExpressPSF" />
      </Payload>
    </Package>
    <Package ID="Microsoft-Windows-WSUS-Tools-FoD-Package~31bf3856ad364e35~AMD64~sl-si~" InstalledSize="2929152" Version="10.0.17763.1">
      <SatelliteInfo>
        <ApplyToInfo>
          <ApplyTo Type="language" Value="sl-SI" />
        </ApplyToInfo>
      </SatelliteInfo>
      <Payload>
        <PayloadItem PayloadHash="S6upqICI0xSlSp+guxA8dzuOz3PIJ95ibMU9gPWWgHU=" PayloadSize="19971" Path="FeaturesOnDemand\sl-si\baseless\Microsoft-Windows-WSUS-Tools-FoD-Package~31bf3856ad364e35~AMD64~sl-si~.cab" PayloadType="ExpressCab" />
        <PayloadItem PayloadHash="HV0UP81ClUb2DmoHamJig/LgcNMgctZBMozy6DDVgiw=" PayloadSize="395275" Path="FeaturesOnDemand\sl-si\baseless\Microsoft-Windows-WSUS-Tools-FoD-Package~31bf3856ad364e35~AMD64~sl-si~.psf" PayloadType="ExpressPSF" />
      </Payload>
    </Package>
  </Packages>
</CompDB>