<?xml version="1.0" encoding="utf-8"?>
<CompDB xmlns:xsi="http://www.w3.org/2001/XMLSchema-instance" xmlns:xsd="http://www.w3.org/2001/XMLSchema" CreatedDate="2018-11-15T22:05:04.0523875Z" Revision="1" SchemaVersion="1.2" Product="Desktop" BuildID="80154b57-1148-3590-c1b9-d2ce93ee1fac" BuildInfo="rs5_release.17763.1.180914-1434" OSVersion="10.0.17763.1" BuildArch="amd64" ReleaseType="Production" Type="Baseless" xmlns="http://schemas.microsoft.com/embedded/2004/10/ImageUpdate">
  <Tags Type="Language">
    <Tag Name="Language" Value="it-IT" />
    <Tag Name="UpdateType" Value="Baseless" />
  </Tags>
  <Features>
    <Feature Type="LanguagePack" FeatureID="Language.UI.Server~it-it" FMID="MSDL" Group="Microsoft">
      <Packages>
        <Package ID="Microsoft-Windows-Server-LanguagePack-Package_it-it~31bf3856ad364e35~amd64~it-it~" PackageType="FeaturePackage" />
      </Packages>
    </Feature>
    <Feature Type="OnDemandFeature" FeatureID="Microsoft.Onecore.StorageManagement~~1.0" FMID="MSDN" Group="Microsoft">
      <Packages>
        <Package ID="Microsoft-OneCore-StorageManagement-FoD-Package~31bf3856ad364e35~AMD64~it-it~" PackageType="SatellitePackage" />
        <Package ID="Microsoft-OneCore-StorageManagement-FoD-Package~31bf3856ad364e35~wow64~it-it~" PackageType="SatellitePackage" />
      </Packages>
    </Feature>
    <Feature Type="OnDemandFeature" FeatureID="Rsat.ActiveDirectory.DS-LDS.Tools~~1.0" FMID="MSDN" Group="Microsoft">
      <Dependencies>
        <Feature FeatureID="Rsat.ServerManager.Tools~~1.0" />
      </Dependencies>
      <Packages>
        <Package ID="Microsoft-Windows-ActiveDirectory-DS-LDS-Tools-FoD-Package~31bf3856ad364e35~AMD64~it-it~" PackageType="SatellitePackage" />
        <Package ID="Microsoft-Windows-ActiveDirectory-DS-LDS-Tools-FoD-Package~31bf3856ad364e35~wow64~it-it~" PackageType="SatellitePackage" />
      </Packages>
    </Feature>
    <Feature Type="OnDemandFeature" FeatureID="Rsat.BitLocker.Recovery.Tools~~1.0" FMID="MSDN" Group="Microsoft">
      <Dependencies>
        <Feature FeatureID="Rsat.ActiveDirectory.DS-LDS.Tools~~1.0" />
      </Dependencies>
      <Packages>
        <Package ID="Microsoft-Windows-BitLocker-Recovery-Tools-FoD-Package~31bf3856ad364e35~AMD64~it-it~" PackageType="SatellitePackage" />
      </Packages>
    </Feature>
    <Feature Type="OnDemandFeature" FeatureID="Rsat.CertificateServices.Tools~~1.0" FMID="MSDN" Group="Microsoft">
      <Packages>
        <Package ID="Microsoft-Windows-CertificateServices-Tools-FoD-Package~31bf3856ad364e35~AMD64~it-it~" PackageType="SatellitePackage" />
      </Packages>
    </Feature>
    <Feature Type="OnDemandFeature" FeatureID="Rsat.DHCP.Tools~~1.0" FMID="MSDN" Group="Microsoft">
      <Packages>
        <Package ID="Microsoft-Windows-DHCP-Tools-FoD-Package~31bf3856ad364e35~AMD64~it-it~" PackageType="SatellitePackage" />
        <Package ID="Microsoft-Windows-DHCP-Tools-FoD-Package~31bf3856ad364e35~wow64~it-it~" PackageType="SatellitePackage" />
      </Packages>
    </Feature>
    <Feature Type="OnDemandFeature" FeatureID="Rsat.Dns.Tools~~1.0" FMID="MSDN" Group="Microsoft">
      <Packages>
        <Package ID="Microsoft-Windows-DNS-Tools-FoD-Package~31bf3856ad364e35~AMD64~it-it~" PackageType="SatellitePackage" />
        <Package ID="Microsoft-Windows-DNS-Tools-FoD-Package~31bf3856ad364e35~wow64~it-it~" PackageType="SatellitePackage" />
      </Packages>
    </Feature>
    <Feature Type="OnDemandFeature" FeatureID="Rsat.FailoverCluster.Management.Tools~~1.0" FMID="MSDN" Group="Microsoft">
      <Dependencies>
        <Feature FeatureID="Rsat.FileServices.Tools~~1.0" />
      </Dependencies>
      <Packages>
        <Package ID="Microsoft-Windows-FailoverCluster-Management-Tools-FOD-Package~31bf3856ad364e35~AMD64~it-it~" PackageType="SatellitePackage" />
        <Package ID="Microsoft-Windows-FailoverCluster-Management-Tools-FOD-Package~31bf3856ad364e35~wow64~it-it~" PackageType="SatellitePackage" />
      </Packages>
    </Feature>
    <Feature Type="OnDemandFeature" FeatureID="Rsat.FileServices.Tools~~1.0" FMID="MSDN" Group="Microsoft">
      <Dependencies>
        <Feature FeatureID="Rsat.ServerManager.Tools~~1.0" />
      </Dependencies>
      <Packages>
        <Package ID="Microsoft-Windows-FileServices-Tools-FoD-Package~31bf3856ad364e35~AMD64~it-it~" PackageType="SatellitePackage" />
        <Package ID="Microsoft-Windows-FileServices-Tools-FoD-Package~31bf3856ad364e35~wow64~it-it~" PackageType="SatellitePackage" />
      </Packages>
    </Feature>
    <Feature Type="OnDemandFeature" FeatureID="Rsat.GroupPolicy.Management.Tools~~1.0" FMID="MSDN" Group="Microsoft">
      <Packages>
        <Package ID="Microsoft-Windows-GroupPolicy-Management-Tools-FoD-Package~31bf3856ad364e35~AMD64~it-it~" PackageType="SatellitePackage" />
        <Package ID="Microsoft-Windows-GroupPolicy-Management-Tools-FoD-Package~31bf3856ad364e35~wow64~it-it~" PackageType="SatellitePackage" />
      </Packages>
    </Feature>
    <Feature Type="OnDemandFeature" FeatureID="Rsat.IPAM.Client.Tools~~1.0" FMID="MSDN" Group="Microsoft">
      <Dependencies>
        <Feature FeatureID="Rsat.ServerManager.Tools~~1.0" />
      </Dependencies>
      <Packages>
        <Package ID="Microsoft-Windows-IPAM-Client-FoD-Package~31bf3856ad364e35~AMD64~it-it~" PackageType="SatellitePackage" />
        <Package ID="Microsoft-Windows-IPAM-Client-FoD-Package~31bf3856ad364e35~wow64~it-it~" PackageType="SatellitePackage" />
      </Packages>
    </Feature>
    <Feature Type="OnDemandFeature" FeatureID="Rsat.NetworkController.Tools~~1.0" FMID="MSDN" Group="Microsoft">
      <Packages>
        <Package ID="Microsoft-Windows-NetworkController-Tools-FoD-Package~31bf3856ad364e35~AMD64~it-it~" PackageType="SatellitePackage" />
      </Packages>
    </Feature>
    <Feature Type="OnDemandFeature" FeatureID="Rsat.NetworkLoadBalancing.Tools~~1.0" FMID="MSDN" Group="Microsoft">
      <Packages>
        <Package ID="Microsoft-Windows-NetworkLoadBalancing-Tools-FoD-Package~31bf3856ad364e35~AMD64~it-it~" PackageType="SatellitePackage" />
      </Packages>
    </Feature>
    <Feature Type="OnDemandFeature" FeatureID="RasCMAK.Client~~1.0" FMID="MSDN" Group="Microsoft">
      <Packages>
        <Package ID="Microsoft-Windows-RasCMAK-Client-Package~31bf3856ad364e35~AMD64~it-it~" PackageType="SatellitePackage" />
        <Package ID="Microsoft-Windows-RasCMAK-Client-Package~31bf3856ad364e35~wow64~it-it~" PackageType="SatellitePackage" />
      </Packages>
    </Feature>
    <Feature Type="OnDemandFeature" FeatureID="RIP.Listener~~1.0" FMID="MSDN" Group="Microsoft">
      <Packages>
        <Package ID="Microsoft-Windows-RasRip-Package~31bf3856ad364e35~AMD64~it-it~" PackageType="SatellitePackage" />
      </Packages>
    </Feature>
    <Feature Type="OnDemandFeature" FeatureID="Rsat.RemoteAccess.Management.Tools~~1.0" FMID="MSDN" Group="Microsoft">
      <Dependencies>
        <Feature FeatureID="Rsat.GroupPolicy.Management.Tools~~1.0" />
        <Feature FeatureID="Rsat.ServerManager.Tools~~1.0" />
      </Dependencies>
      <Packages>
        <Package ID="Microsoft-Windows-RemoteAccess-Management-Tools-FoD-Package~31bf3856ad364e35~AMD64~it-it~" PackageType="SatellitePackage" />
        <Package ID="Microsoft-Windows-RemoteAccess-Management-Tools-FoD-Package~31bf3856ad364e35~wow64~it-it~" PackageType="SatellitePackage" />
      </Packages>
    </Feature>
    <Feature Type="OnDemandFeature" FeatureID="Rsat.RemoteDesktop.Services.Tools~~1.0" FMID="MSDN" Group="Microsoft">
      <Packages>
        <Package ID="Microsoft-Windows-RemoteDesktop-Services-Tools-FoD-Package~31bf3856ad364e35~AMD64~it-it~" PackageType="SatellitePackage" />
      </Packages>
    </Feature>
    <Feature Type="OnDemandFeature" FeatureID="ServerCore.AppCompatibility~~1.0" FMID="MSDN" Group="Microsoft">
      <Packages>
        <Package ID="Microsoft-Windows-Server-AppCompat-FoD-Package~31bf3856ad364e35~AMD64~it-it~" PackageType="SatellitePackage" />
      </Packages>
    </Feature>
    <Feature Type="OnDemandFeature" FeatureID="Rsat.ServerManager.Tools~~1.0" FMID="MSDN" Group="Microsoft">
      <Packages>
        <Package ID="Microsoft-Windows-ServerManager-Tools-FoD-Package~31bf3856ad364e35~AMD64~it-it~" PackageType="SatellitePackage" />
        <Package ID="Microsoft-Windows-ServerManager-Tools-FoD-Package~31bf3856ad364e35~wow64~it-it~" PackageType="SatellitePackage" />
      </Packages>
    </Feature>
    <Feature Type="OnDemandFeature" FeatureID="Rsat.Shielded.VM.Tools~~1.0" FMID="MSDN" Group="Microsoft">
      <Dependencies>
        <Feature FeatureID="Rsat.ServerManager.Tools~~1.0" />
      </Dependencies>
      <Packages>
        <Package ID="Microsoft-Windows-Shielded-VM-Tools-FoD-Package~31bf3856ad364e35~AMD64~it-it~" PackageType="SatellitePackage" />
      </Packages>
    </Feature>
    <Feature Type="OnDemandFeature" FeatureID="SNMP.Client~~1.0" FMID="MSDN" Group="Microsoft">
      <Packages>
        <Package ID="Microsoft-Windows-SNMP-Client-Package~31bf3856ad364e35~AMD64~it-it~" PackageType="SatellitePackage" />
        <Package ID="Microsoft-Windows-SNMP-Client-Package~31bf3856ad364e35~wow64~it-it~" PackageType="SatellitePackage" />
      </Packages>
    </Feature>
    <Feature Type="OnDemandFeature" FeatureID="Microsoft.Windows.StorageManagement~~1.0" FMID="MSDN" Group="Microsoft">
      <Packages>
        <Package ID="Microsoft-Windows-StorageManagement-FoD-Package~31bf3856ad364e35~AMD64~it-it~" PackageType="SatellitePackage" />
        <Package ID="Microsoft-Windows-StorageManagement-FoD-Package~31bf3856ad364e35~wow64~it-it~" PackageType="SatellitePackage" />
      </Packages>
    </Feature>
    <Feature Type="OnDemandFeature" FeatureID="Rsat.StorageMigrationService.Management.Tools~~1.0" FMID="MSDN" Group="Microsoft">
      <Packages>
        <Package ID="Microsoft-Windows-StorageMigrationService-Management-Tools-FOD-Package~31bf3856ad364e35~AMD64~it-it~" PackageType="SatellitePackage" />
      </Packages>
    </Feature>
    <Feature Type="OnDemandFeature" FeatureID="Rsat.StorageReplica.Tools~~1.0" FMID="MSDN" Group="Microsoft">
      <Packages>
        <Package ID="Microsoft-Windows-StorageReplica-Tools-FoD-Package~31bf3856ad364e35~AMD64~it-it~" PackageType="SatellitePackage" />
      </Packages>
    </Feature>
    <Feature Type="OnDemandFeature" FeatureID="Rsat.SystemInsights.Management.Tools~~1.0" FMID="MSDN" Group="Microsoft">
      <Packages>
        <Package ID="Microsoft-Windows-SystemInsights-Management-Tools-FOD-Package~31bf3856ad364e35~AMD64~it-it~" PackageType="SatellitePackage" />
      </Packages>
    </Feature>
    <Feature Type="OnDemandFeature" FeatureID="Rsat.VolumeActivation.Tools~~1.0" FMID="MSDN" Group="Microsoft">
      <Packages>
        <Package ID="Microsoft-Windows-VolumeActivation-Tools-FoD-Package~31bf3856ad364e35~AMD64~it-it~" PackageType="SatellitePackage" />
      </Packages>
    </Feature>
    <Feature Type="OnDemandFeature" FeatureID="WMI-SNMP-Provider.Client~~1.0" FMID="MSDN" Group="Microsoft">
      <Dependencies>
        <Feature FeatureID="SNMP.Client~~1.0" />
      </Dependencies>
      <Packages>
        <Package ID="Microsoft-Windows-WMI-SNMP-Provider-Client-Package~31bf3856ad364e35~AMD64~it-it~" PackageType="SatellitePackage" />
        <Package ID="Microsoft-Windows-WMI-SNMP-Provider-Client-Package~31bf3856ad364e35~wow64~it-it~" PackageType="SatellitePackage" />
      </Packages>
    </Feature>
    <Feature Type="OnDemandFeature" FeatureID="Rsat.WSUS.Tools~~1.0" FMID="MSDN" Group="Microsoft">
      <Packages>
        <Package ID="Microsoft-Windows-WSUS-Tools-FoD-Package~31bf3856ad364e35~AMD64~it-it~" PackageType="SatellitePackage" />
      </Packages>
    </Feature>
  </Features>
  <Packages>
    <Package ID="Microsoft-Windows-Server-LanguagePack-Package_it-it~31bf3856ad364e35~amd64~it-it~" InstalledSize="1170718204" Version="10.0.17763.1">
      <SatelliteInfo>
        <DeclareInfo>
          <Declare Type="language" Value="it-IT" />
        </DeclareInfo>
      </SatelliteInfo>
      <Payload>
        <PayloadItem PayloadHash="AZ2H1kuDObAAnpwx85XAg2BoEGp6Ozk/YImpYDJXaks=" PayloadSize="1669891" Path="UUP\Desktop\editionpackages\Server\it-it\baseless\Microsoft-Windows-Server-LanguagePack-Package_it-it~31bf3856ad364e35~amd64~it-it~.cab" PayloadType="ExpressCab" />
        <PayloadItem PayloadHash="RtrL5lI8NQgRANSy3w1kG0XXjtVhJXdH5NaRUsOPZCM=" PayloadSize="78747151" Path="UUP\Desktop\editionpackages\Server\it-it\baseless\Microsoft-Windows-Server-LanguagePack-Package_it-it~31bf3856ad364e35~amd64~it-it~.psf" PayloadType="ExpressPSF" />
      </Payload>
    </Package>
    <Package ID="Microsoft-OneCore-StorageManagement-FoD-Package~31bf3856ad364e35~AMD64~it-it~" InstalledSize="1970411" Version="10.0.17763.1">
      <SatelliteInfo>
        <ApplyToInfo>
          <ApplyTo Type="language" Value="it-IT" />
        </ApplyToInfo>
      </SatelliteInfo>
      <Payload>
        <PayloadItem PayloadHash="MYK/hY8cO3hkvdBhaMIdHOvjeDQmpUXjezO6LTtMAQo=" PayloadSize="21001" Path="FeaturesOnDemand\it-it\baseless\Microsoft-OneCore-StorageManagement-FoD-Package~31bf3856ad364e35~AMD64~it-it~.cab" PayloadType="ExpressCab" />
        <PayloadItem PayloadHash="f5eizkBo/WC0POEyiwSWKMXuUA4TSHuYPkLWbZh8oH4=" PayloadSize="208609" Path="FeaturesOnDemand\it-it\baseless\Microsoft-OneCore-StorageManagement-FoD-Package~31bf3856ad364e35~AMD64~it-it~.psf" PayloadType="ExpressPSF" />
      </Payload>
    </Package>
    <Package ID="Microsoft-OneCore-StorageManagement-FoD-Package~31bf3856ad364e35~wow64~it-it~" InstalledSize="1079739" Version="10.0.17763.1">
      <SatelliteInfo>
        <ApplyToInfo>
          <ApplyTo Type="arch" Value="wow64" />
          <ApplyTo Type="language" Value="it-IT" />
        </ApplyToInfo>
      </SatelliteInfo>
      <Payload>
        <PayloadItem PayloadHash="JkYqSUkwtDYP3yRUfz8IKP3iHf2wBmRXvrzutkyHohM=" PayloadSize="18805" Path="FeaturesOnDemand\it-it\baseless\Microsoft-OneCore-StorageManagement-FoD-Package~31bf3856ad364e35~wow64~it-it~.cab" PayloadType="ExpressCab" />
        <PayloadItem PayloadHash="o1/uumA6uKWMyM2Ra0mXPx+5+NeHymFIQE2o85Ma8Is=" PayloadSize="117329" Path="FeaturesOnDemand\it-it\baseless\Microsoft-OneCore-StorageManagement-FoD-Package~31bf3856ad364e35~wow64~it-it~.psf" PayloadType="ExpressPSF" />
      </Payload>
    </Package>
    <Package ID="Microsoft-Windows-ActiveDirectory-DS-LDS-Tools-FoD-Package~31bf3856ad364e35~AMD64~it-it~" InstalledSize="6136362" Version="10.0.17763.1">
      <SatelliteInfo>
        <ApplyToInfo>
          <ApplyTo Type="language" Value="it-IT" />
        </ApplyToInfo>
      </SatelliteInfo>
      <Payload>
        <PayloadItem PayloadHash="kGxvfjs5lZ6POnh1Yddge8LohvuSGA0WYOyzJ1U16tw=" PayloadSize="28235" Path="FeaturesOnDemand\it-it\baseless\Microsoft-Windows-ActiveDirectory-DS-LDS-Tools-FoD-Package~31bf3856ad364e35~AMD64~it-it~.cab" PayloadType="ExpressCab" />
        <PayloadItem PayloadHash="Xon8GKrwpD693I8FMlX5TWYTwtCAWlxd3LvLdZWOERM=" PayloadSize="977940" Path="FeaturesOnDemand\it-it\baseless\Microsoft-Windows-ActiveDirectory-DS-LDS-Tools-FoD-Package~31bf3856ad364e35~AMD64~it-it~.psf" PayloadType="ExpressPSF" />
      </Payload>
    </Package>
    <Package ID="Microsoft-Windows-ActiveDirectory-DS-LDS-Tools-FoD-Package~31bf3856ad364e35~wow64~it-it~" InstalledSize="816736" Version="10.0.17763.1">
      <SatelliteInfo>
        <ApplyToInfo>
          <ApplyTo Type="arch" Value="wow64" />
          <ApplyTo Type="language" Value="it-IT" />
        </ApplyToInfo>
      </SatelliteInfo>
      <Payload>
        <PayloadItem PayloadHash="WibUUI8zlk2oMb6gt09I8bpJkHTMK/BCik2M7cReg/M=" PayloadSize="20057" Path="FeaturesOnDemand\it-it\baseless\Microsoft-Windows-ActiveDirectory-DS-LDS-Tools-FoD-Package~31bf3856ad364e35~wow64~it-it~.cab" PayloadType="ExpressCab" />
        <PayloadItem PayloadHash="KSDKJVWSmHQu5P0anEUFMpTLMkRJGG94droWc+Pp/bs=" PayloadSize="163886" Path="FeaturesOnDemand\it-it\baseless\Microsoft-Windows-ActiveDirectory-DS-LDS-Tools-FoD-Package~31bf3856ad364e35~wow64~it-it~.psf" PayloadType="ExpressPSF" />
      </Payload>
    </Package>
    <Package ID="Microsoft-Windows-BitLocker-Recovery-Tools-FoD-Package~31bf3856ad364e35~AMD64~it-it~" InstalledSize="35166" Version="10.0.17763.1">
      <SatelliteInfo>
        <ApplyToInfo>
          <ApplyTo Type="language" Value="it-IT" />
        </ApplyToInfo>
      </SatelliteInfo>
      <Payload>
        <PayloadItem PayloadHash="NqEqpm8eG0qh/OqjacBgPRTAJDHSlTR6KuksZtEcC08=" PayloadSize="18795" Path="FeaturesOnDemand\it-it\baseless\Microsoft-Windows-BitLocker-Recovery-Tools-FoD-Package~31bf3856ad364e35~AMD64~it-it~.cab" PayloadType="ExpressCab" />
        <PayloadItem PayloadHash="0RIpbUKVhuw5bPRC2vG/eD0a3OoNxl9aW8qzCuVBkvY=" PayloadSize="68169" Path="FeaturesOnDemand\it-it\baseless\Microsoft-Windows-BitLocker-Recovery-Tools-FoD-Package~31bf3856ad364e35~AMD64~it-it~.psf" PayloadType="ExpressPSF" />
      </Payload>
    </Package>
    <Package ID="Microsoft-Windows-CertificateServices-Tools-FoD-Package~31bf3856ad364e35~AMD64~it-it~" InstalledSize="1045423" Version="10.0.17763.1">
      <SatelliteInfo>
        <ApplyToInfo>
          <ApplyTo Type="language" Value="it-IT" />
        </ApplyToInfo>
      </SatelliteInfo>
      <Payload>
        <PayloadItem PayloadHash="gEn7O70m9q1UlKQ0wWbxWq6Tl83vSzs7hKURjZYVchQ=" PayloadSize="21033" Path="FeaturesOnDemand\it-it\baseless\Microsoft-Windows-CertificateServices-Tools-FoD-Package~31bf3856ad364e35~AMD64~it-it~.cab" PayloadType="ExpressCab" />
        <PayloadItem PayloadHash="zJp8JXQmHQVCQgcoR6cfgY1on7VURB/jlIxTlgFDvDk=" PayloadSize="208360" Path="FeaturesOnDemand\it-it\baseless\Microsoft-Windows-CertificateServices-Tools-FoD-Package~31bf3856ad364e35~AMD64~it-it~.psf" PayloadType="ExpressPSF" />
      </Payload>
    </Package>
    <Package ID="Microsoft-Windows-DHCP-Tools-FoD-Package~31bf3856ad364e35~AMD64~it-it~" InstalledSize="1889508" Version="10.0.17763.1">
      <SatelliteInfo>
        <ApplyToInfo>
          <ApplyTo Type="language" Value="it-IT" />
        </ApplyToInfo>
      </SatelliteInfo>
      <Payload>
        <PayloadItem PayloadHash="01NkG2B0ZXYd8/KW8oKrIUFDrbfBZY5IF5EizKI8MKw=" PayloadSize="19967" Path="FeaturesOnDemand\it-it\baseless\Microsoft-Windows-DHCP-Tools-FoD-Package~31bf3856ad364e35~AMD64~it-it~.cab" PayloadType="ExpressCab" />
        <PayloadItem PayloadHash="gXazdXXQXJCcHrmrAzV59g8cQwOzmNi7+8q8F4VUnUA=" PayloadSize="217793" Path="FeaturesOnDemand\it-it\baseless\Microsoft-Windows-DHCP-Tools-FoD-Package~31bf3856ad364e35~AMD64~it-it~.psf" PayloadType="ExpressPSF" />
      </Payload>
    </Package>
    <Package ID="Microsoft-Windows-DHCP-Tools-FoD-Package~31bf3856ad364e35~wow64~it-it~" InstalledSize="513299" Version="10.0.17763.1">
      <SatelliteInfo>
        <ApplyToInfo>
          <ApplyTo Type="arch" Value="wow64" />
          <ApplyTo Type="language" Value="it-IT" />
        </ApplyToInfo>
      </SatelliteInfo>
      <Payload>
        <PayloadItem PayloadHash="JgFlBpJuFEOZFc9Eohz4EuRvyjop6k6Dfd45Y0cGzGY=" PayloadSize="18583" Path="FeaturesOnDemand\it-it\baseless\Microsoft-Windows-DHCP-Tools-FoD-Package~31bf3856ad364e35~wow64~it-it~.cab" PayloadType="ExpressCab" />
        <PayloadItem PayloadHash="iomL5cZuCto1AiccI0sJJ2buSiRfIMUBlQwSKMGQBXQ=" PayloadSize="101863" Path="FeaturesOnDemand\it-it\baseless\Microsoft-Windows-DHCP-Tools-FoD-Package~31bf3856ad364e35~wow64~it-it~.psf" PayloadType="ExpressPSF" />
      </Payload>
    </Package>
    <Package ID="Microsoft-Windows-DNS-Tools-FoD-Package~31bf3856ad364e35~AMD64~it-it~" InstalledSize="2001685" Version="10.0.17763.1">
      <SatelliteInfo>
        <ApplyToInfo>
          <ApplyTo Type="language" Value="it-IT" />
        </ApplyToInfo>
      </SatelliteInfo>
      <Payload>
        <PayloadItem PayloadHash="v5tYGtspFl4ixnk9o24FeL4+3iF1OHDZmTn9duRQwiM=" PayloadSize="20439" Path="FeaturesOnDemand\it-it\baseless\Microsoft-Windows-DNS-Tools-FoD-Package~31bf3856ad364e35~AMD64~it-it~.cab" PayloadType="ExpressCab" />
        <PayloadItem PayloadHash="SEUNyKFvqKUhyKbTHFMPqJ42bx2ZoFxMXu5jZtZ5IOk=" PayloadSize="249443" Path="FeaturesOnDemand\it-it\baseless\Microsoft-Windows-DNS-Tools-FoD-Package~31bf3856ad364e35~AMD64~it-it~.psf" PayloadType="ExpressPSF" />
      </Payload>
    </Package>
    <Package ID="Microsoft-Windows-DNS-Tools-FoD-Package~31bf3856ad364e35~wow64~it-it~" InstalledSize="13440" Version="10.0.17763.1">
      <SatelliteInfo>
        <ApplyToInfo>
          <ApplyTo Type="arch" Value="wow64" />
          <ApplyTo Type="language" Value="it-IT" />
        </ApplyToInfo>
      </SatelliteInfo>
      <Payload>
        <PayloadItem PayloadHash="DksLrJXy2PHCS42h0Az+YZ2dYoQpD65pdJVhQ9hQNfk=" PayloadSize="18575" Path="FeaturesOnDemand\it-it\baseless\Microsoft-Windows-DNS-Tools-FoD-Package~31bf3856ad364e35~wow64~it-it~.cab" PayloadType="ExpressCab" />
        <PayloadItem PayloadHash="B1Ils8PoxfGmeqPogo+zCZF7qJOmIRqdjwIzaJnwu5M=" PayloadSize="58835" Path="FeaturesOnDemand\it-it\baseless\Microsoft-Windows-DNS-Tools-FoD-Package~31bf3856ad364e35~wow64~it-it~.psf" PayloadType="ExpressPSF" />
      </Payload>
    </Package>
    <Package ID="Microsoft-Windows-FailoverCluster-Management-Tools-FOD-Package~31bf3856ad364e35~AMD64~it-it~" InstalledSize="9057705" Version="10.0.17763.1">
      <SatelliteInfo>
        <ApplyToInfo>
          <ApplyTo Type="language" Value="it-IT" />
        </ApplyToInfo>
      </SatelliteInfo>
      <Payload>
        <PayloadItem PayloadHash="hs2e0QZwbEIU7xls/3Nl5Mw8ASYG+a1f59t5JI3LHkQ=" PayloadSize="27081" Path="FeaturesOnDemand\it-it\baseless\Microsoft-Windows-FailoverCluster-Management-Tools-FOD-Package~31bf3856ad364e35~AMD64~it-it~.cab" PayloadType="ExpressCab" />
        <PayloadItem PayloadHash="WhpedGBc+ON+z9yMkE5zki7/HJgsvHBuDM4bOsKjOu8=" PayloadSize="2481475" Path="FeaturesOnDemand\it-it\baseless\Microsoft-Windows-FailoverCluster-Management-Tools-FOD-Package~31bf3856ad364e35~AMD64~it-it~.psf" PayloadType="ExpressPSF" />
      </Payload>
    </Package>
    <Package ID="Microsoft-Windows-FailoverCluster-Management-Tools-FOD-Package~31bf3856ad364e35~wow64~it-it~" InstalledSize="79148" Version="10.0.17763.1">
      <SatelliteInfo>
        <ApplyToInfo>
          <ApplyTo Type="arch" Value="wow64" />
          <ApplyTo Type="language" Value="it-IT" />
        </ApplyToInfo>
      </SatelliteInfo>
      <Payload>
        <PayloadItem PayloadHash="7/GbHHTYxj53vOZ2WyP7D0Bs8KcooaF5x6HCs1YTR8Y=" PayloadSize="20061" Path="FeaturesOnDemand\it-it\baseless\Microsoft-Windows-FailoverCluster-Management-Tools-FOD-Package~31bf3856ad364e35~wow64~it-it~.cab" PayloadType="ExpressCab" />
        <PayloadItem PayloadHash="AdnS2a6VpHfzU8m5oJmjOOCT6M98F3cb0bCFwzq3nCk=" PayloadSize="88230" Path="FeaturesOnDemand\it-it\baseless\Microsoft-Windows-FailoverCluster-Management-Tools-FOD-Package~31bf3856ad364e35~wow64~it-it~.psf" PayloadType="ExpressPSF" />
      </Payload>
    </Package>
    <Package ID="Microsoft-Windows-FileServices-Tools-FoD-Package~31bf3856ad364e35~AMD64~it-it~" InstalledSize="4332893" Version="10.0.17763.1">
      <SatelliteInfo>
        <ApplyToInfo>
          <ApplyTo Type="language" Value="it-IT" />
        </ApplyToInfo>
      </SatelliteInfo>
      <Payload>
        <PayloadItem PayloadHash="I0xxvwB4hIYnp0rZhsfEkiocNIYzOPIYStJNgmyh/iU=" PayloadSize="24185" Path="FeaturesOnDemand\it-it\baseless\Microsoft-Windows-FileServices-Tools-FoD-Package~31bf3856ad364e35~AMD64~it-it~.cab" PayloadType="ExpressCab" />
        <PayloadItem PayloadHash="VeMdK7suCbYme8xIGlPM0faZG9A2MAniahuwpBhEb00=" PayloadSize="637704" Path="FeaturesOnDemand\it-it\baseless\Microsoft-Windows-FileServices-Tools-FoD-Package~31bf3856ad364e35~AMD64~it-it~.psf" PayloadType="ExpressPSF" />
      </Payload>
    </Package>
    <Package ID="Microsoft-Windows-FileServices-Tools-FoD-Package~31bf3856ad364e35~wow64~it-it~" InstalledSize="185541" Version="10.0.17763.1">
      <SatelliteInfo>
        <ApplyToInfo>
          <ApplyTo Type="arch" Value="wow64" />
          <ApplyTo Type="language" Value="it-IT" />
        </ApplyToInfo>
      </SatelliteInfo>
      <Payload>
        <PayloadItem PayloadHash="jfccOaENXfdtQVvTq0/FmMnvTJGL62VtGhLRXeBkc9U=" PayloadSize="19359" Path="FeaturesOnDemand\it-it\baseless\Microsoft-Windows-FileServices-Tools-FoD-Package~31bf3856ad364e35~wow64~it-it~.cab" PayloadType="ExpressCab" />
        <PayloadItem PayloadHash="un/MQw7x7rVNsgiKd9rmoVXh4SuUlaDZkeewW9Ml2pM=" PayloadSize="87950" Path="FeaturesOnDemand\it-it\baseless\Microsoft-Windows-FileServices-Tools-FoD-Package~31bf3856ad364e35~wow64~it-it~.psf" PayloadType="ExpressPSF" />
      </Payload>
    </Package>
    <Package ID="Microsoft-Windows-GroupPolicy-Management-Tools-FoD-Package~31bf3856ad364e35~AMD64~it-it~" InstalledSize="2394278" Version="10.0.17763.1">
      <SatelliteInfo>
        <ApplyToInfo>
          <ApplyTo Type="language" Value="it-IT" />
        </ApplyToInfo>
      </SatelliteInfo>
      <Payload>
        <PayloadItem PayloadHash="AnXmXX9X0yxbd/+To0kqtXzvcQRkiCbSVL0pJQ4/wM4=" PayloadSize="22975" Path="FeaturesOnDemand\it-it\baseless\Microsoft-Windows-GroupPolicy-Management-Tools-FoD-Package~31bf3856ad364e35~AMD64~it-it~.cab" PayloadType="ExpressCab" />
        <PayloadItem PayloadHash="zF2YZPBgA/Eak0QCBbhhGOv9w9DfPC1otPqWIULxdyU=" PayloadSize="361775" Path="FeaturesOnDemand\it-it\baseless\Microsoft-Windows-GroupPolicy-Management-Tools-FoD-Package~31bf3856ad364e35~AMD64~it-it~.psf" PayloadType="ExpressPSF" />
      </Payload>
    </Package>
    <Package ID="Microsoft-Windows-GroupPolicy-Management-Tools-FoD-Package~31bf3856ad364e35~wow64~it-it~" InstalledSize="336566" Version="10.0.17763.1">
      <SatelliteInfo>
        <ApplyToInfo>
          <ApplyTo Type="arch" Value="wow64" />
          <ApplyTo Type="language" Value="it-IT" />
        </ApplyToInfo>
      </SatelliteInfo>
      <Payload>
        <PayloadItem PayloadHash="aWjIWHwmb0n1GFMcZO6p8zrUjsdZlYDHqovjRIW8N+s=" PayloadSize="18697" Path="FeaturesOnDemand\it-it\baseless\Microsoft-Windows-GroupPolicy-Management-Tools-FoD-Package~31bf3856ad364e35~wow64~it-it~.cab" PayloadType="ExpressCab" />
        <PayloadItem PayloadHash="5/rx1auP/orLFMsOOCH7m0xX/FPxz3KdedKbWttGY6o=" PayloadSize="101126" Path="FeaturesOnDemand\it-it\baseless\Microsoft-Windows-GroupPolicy-Management-Tools-FoD-Package~31bf3856ad364e35~wow64~it-it~.psf" PayloadType="ExpressPSF" />
      </Payload>
    </Package>
    <Package ID="Microsoft-Windows-IPAM-Client-FoD-Package~31bf3856ad364e35~AMD64~it-it~" InstalledSize="118809" Version="10.0.17763.1">
      <SatelliteInfo>
        <ApplyToInfo>
          <ApplyTo Type="language" Value="it-IT" />
        </ApplyToInfo>
      </SatelliteInfo>
      <Payload>
        <PayloadItem PayloadHash="iPtfd2NCOjGhY1/N8mS0+yy4H1wTCkSKoCzLVBac+cc=" PayloadSize="18571" Path="FeaturesOnDemand\it-it\baseless\Microsoft-Windows-IPAM-Client-FoD-Package~31bf3856ad364e35~AMD64~it-it~.cab" PayloadType="ExpressCab" />
        <PayloadItem PayloadHash="58kXXLk1/u+YQJtVpJ3AkWS3klNuiHAyKgwtsf437+o=" PayloadSize="71733" Path="FeaturesOnDemand\it-it\baseless\Microsoft-Windows-IPAM-Client-FoD-Package~31bf3856ad364e35~AMD64~it-it~.psf" PayloadType="ExpressPSF" />
      </Payload>
    </Package>
    <Package ID="Microsoft-Windows-IPAM-Client-FoD-Package~31bf3856ad364e35~wow64~it-it~" InstalledSize="29573" Version="10.0.17763.1">
      <SatelliteInfo>
        <ApplyToInfo>
          <ApplyTo Type="arch" Value="wow64" />
          <ApplyTo Type="language" Value="it-IT" />
        </ApplyToInfo>
      </SatelliteInfo>
      <Payload>
        <PayloadItem PayloadHash="xKnDByO/ZIyAP8bKEzmae/+sdl631RvpNBBmhaM3zJU=" PayloadSize="18715" Path="FeaturesOnDemand\it-it\baseless\Microsoft-Windows-IPAM-Client-FoD-Package~31bf3856ad364e35~wow64~it-it~.cab" PayloadType="ExpressCab" />
        <PayloadItem PayloadHash="2LZk67FGOZnU2MZ8BE/0CmjDuBDYe0uw7NVN6SRc3fM=" PayloadSize="61713" Path="FeaturesOnDemand\it-it\baseless\Microsoft-Windows-IPAM-Client-FoD-Package~31bf3856ad364e35~wow64~it-it~.psf" PayloadType="ExpressPSF" />
      </Payload>
    </Package>
    <Package ID="Microsoft-Windows-NetworkController-Tools-FoD-Package~31bf3856ad364e35~AMD64~it-it~" InstalledSize="72701" Version="10.0.17763.1">
      <SatelliteInfo>
        <ApplyToInfo>
          <ApplyTo Type="language" Value="it-IT" />
        </ApplyToInfo>
      </SatelliteInfo>
      <Payload>
        <PayloadItem PayloadHash="PILXzpBfYCL4Mnc582tYLRvUwXr3yh5tDzYinX3tTIE=" PayloadSize="19031" Path="FeaturesOnDemand\it-it\baseless\Microsoft-Windows-NetworkController-Tools-FoD-Package~31bf3856ad364e35~AMD64~it-it~.cab" PayloadType="ExpressCab" />
        <PayloadItem PayloadHash="cNJY6JHbQrmozDhK/Xk6pl6uVO6EoKWIH4us5Suqzp4=" PayloadSize="80330" Path="FeaturesOnDemand\it-it\baseless\Microsoft-Windows-NetworkController-Tools-FoD-Package~31bf3856ad364e35~AMD64~it-it~.psf" PayloadType="ExpressPSF" />
      </Payload>
    </Package>
    <Package ID="Microsoft-Windows-NetworkLoadBalancing-Tools-FoD-Package~31bf3856ad364e35~AMD64~it-it~" InstalledSize="253686" Version="10.0.17763.1">
      <SatelliteInfo>
        <ApplyToInfo>
          <ApplyTo Type="language" Value="it-IT" />
        </ApplyToInfo>
      </SatelliteInfo>
      <Payload>
        <PayloadItem PayloadHash="VbvfOdtE853zMOKhmDYZ5Q7yKbx5NSqHk0fdFDpj9AY=" PayloadSize="18947" Path="FeaturesOnDemand\it-it\baseless\Microsoft-Windows-NetworkLoadBalancing-Tools-FoD-Package~31bf3856ad364e35~AMD64~it-it~.cab" PayloadType="ExpressCab" />
        <PayloadItem PayloadHash="fQmUj7rAe9903HwyQ7k6PFYY4gQFZTbE9GwwZkmBP3s=" PayloadSize="100560" Path="FeaturesOnDemand\it-it\baseless\Microsoft-Windows-NetworkLoadBalancing-Tools-FoD-Package~31bf3856ad364e35~AMD64~it-it~.psf" PayloadType="ExpressPSF" />
      </Payload>
    </Package>
    <Package ID="Microsoft-Windows-RasCMAK-Client-Package~31bf3856ad364e35~AMD64~it-it~" InstalledSize="236104" Version="10.0.17763.1">
      <SatelliteInfo>
        <ApplyToInfo>
          <ApplyTo Type="language" Value="it-IT" />
        </ApplyToInfo>
      </SatelliteInfo>
      <Payload>
        <PayloadItem PayloadHash="CBeauu2vAOtOwD//AXWChUVcUZpp9NS5l8s+4pRYmr0=" PayloadSize="18993" Path="FeaturesOnDemand\it-it\baseless\Microsoft-Windows-RasCMAK-Client-Package~31bf3856ad364e35~AMD64~it-it~.cab" PayloadType="ExpressCab" />
        <PayloadItem PayloadHash="HHE8944AhRfjEii09reDS+oRIF8g88+FrOnGPKeSD/k=" PayloadSize="125131" Path="FeaturesOnDemand\it-it\baseless\Microsoft-Windows-RasCMAK-Client-Package~31bf3856ad364e35~AMD64~it-it~.psf" PayloadType="ExpressPSF" />
      </Payload>
    </Package>
    <Package ID="Microsoft-Windows-RasCMAK-Client-Package~31bf3856ad364e35~wow64~it-it~" InstalledSize="499179" Version="10.0.17763.1">
      <SatelliteInfo>
        <ApplyToInfo>
          <ApplyTo Type="arch" Value="wow64" />
          <ApplyTo Type="language" Value="it-IT" />
        </ApplyToInfo>
      </SatelliteInfo>
      <Payload>
        <PayloadItem PayloadHash="+tML9aal3H5KYyvELqPhQl36rHb6E3z4tTXPAMxQCKU=" PayloadSize="19339" Path="FeaturesOnDemand\it-it\baseless\Microsoft-Windows-RasCMAK-Client-Package~31bf3856ad364e35~wow64~it-it~.cab" PayloadType="ExpressCab" />
        <PayloadItem PayloadHash="+HjMB4dDUVz9+4bqsrOef2Sd4b7gPUNw8gK6g379Slo=" PayloadSize="400857" Path="FeaturesOnDemand\it-it\baseless\Microsoft-Windows-RasCMAK-Client-Package~31bf3856ad364e35~wow64~it-it~.psf" PayloadType="ExpressPSF" />
      </Payload>
    </Package>
    <Package ID="Microsoft-Windows-RasRip-Package~31bf3856ad364e35~AMD64~it-it~" InstalledSize="27756" Version="10.0.17763.1">
      <SatelliteInfo>
        <ApplyToInfo>
          <ApplyTo Type="language" Value="it-IT" />
        </ApplyToInfo>
      </SatelliteInfo>
      <Payload>
        <PayloadItem PayloadHash="ymd4sSbIEFIukGJlJzMDjsScgt176y//k4frsNxUZgo=" PayloadSize="18715" Path="FeaturesOnDemand\it-it\baseless\Microsoft-Windows-RasRip-Package~31bf3856ad364e35~AMD64~it-it~.cab" PayloadType="ExpressCab" />
        <PayloadItem PayloadHash="TrCCrsYsnTCeFGkc3eyyFeDi1YqXXzEXXloFJGFlj8g=" PayloadSize="62145" Path="FeaturesOnDemand\it-it\baseless\Microsoft-Windows-RasRip-Package~31bf3856ad364e35~AMD64~it-it~.psf" PayloadType="ExpressPSF" />
      </Payload>
    </Package>
    <Package ID="Microsoft-Windows-RemoteAccess-Management-Tools-FoD-Package~31bf3856ad364e35~AMD64~it-it~" InstalledSize="18742493" Version="10.0.17763.1">
      <SatelliteInfo>
        <ApplyToInfo>
          <ApplyTo Type="language" Value="it-IT" />
        </ApplyToInfo>
      </SatelliteInfo>
      <Payload>
        <PayloadItem PayloadHash="Iy4N2XJD/yShyxQXoPYcF3Qv2yAMpJq2f1EnwJhxFgM=" PayloadSize="21875" Path="FeaturesOnDemand\it-it\baseless\Microsoft-Windows-RemoteAccess-Management-Tools-FoD-Package~31bf3856ad364e35~AMD64~it-it~.cab" PayloadType="ExpressCab" />
        <PayloadItem PayloadHash="u+GQjjnU77CkLgXcU6EuDfeGxfnSwrlsJKIL4KEDeD0=" PayloadSize="3488648" Path="FeaturesOnDemand\it-it\baseless\Microsoft-Windows-RemoteAccess-Management-Tools-FoD-Package~31bf3856ad364e35~AMD64~it-it~.psf" PayloadType="ExpressPSF" />
      </Payload>
    </Package>
    <Package ID="Microsoft-Windows-RemoteAccess-Management-Tools-FoD-Package~31bf3856ad364e35~wow64~it-it~" InstalledSize="13720" Version="10.0.17763.1">
      <SatelliteInfo>
        <ApplyToInfo>
          <ApplyTo Type="arch" Value="wow64" />
          <ApplyTo Type="language" Value="it-IT" />
        </ApplyToInfo>
      </SatelliteInfo>
      <Payload>
        <PayloadItem PayloadHash="QE7J4KV6WmuonFllSnLok9vT1lzxK8CPUbxColnaWXo=" PayloadSize="18589" Path="FeaturesOnDemand\it-it\baseless\Microsoft-Windows-RemoteAccess-Management-Tools-FoD-Package~31bf3856ad364e35~wow64~it-it~.cab" PayloadType="ExpressCab" />
        <PayloadItem PayloadHash="t8MHnZkiLu7dzXObr13KjWKzvg4bznxv9w1HOULIZMM=" PayloadSize="58842" Path="FeaturesOnDemand\it-it\baseless\Microsoft-Windows-RemoteAccess-Management-Tools-FoD-Package~31bf3856ad364e35~wow64~it-it~.psf" PayloadType="ExpressPSF" />
      </Payload>
    </Package>
    <Package ID="Microsoft-Windows-RemoteDesktop-Services-Tools-FoD-Package~31bf3856ad364e35~AMD64~it-it~" InstalledSize="1546513" Version="10.0.17763.1">
      <SatelliteInfo>
        <ApplyToInfo>
          <ApplyTo Type="language" Value="it-IT" />
        </ApplyToInfo>
      </SatelliteInfo>
      <Payload>
        <PayloadItem PayloadHash="r+Eo1sAOOpmkgtrXkrfpV+RuNrvcp5HCiNk1r4SBjv4=" PayloadSize="20291" Path="FeaturesOnDemand\it-it\baseless\Microsoft-Windows-RemoteDesktop-Services-Tools-FoD-Package~31bf3856ad364e35~AMD64~it-it~.cab" PayloadType="ExpressCab" />
        <PayloadItem PayloadHash="V8FzKemKxy1O2uy4xB4sd4+8fE8jaqK/0pPLlxf0h/A=" PayloadSize="307263" Path="FeaturesOnDemand\it-it\baseless\Microsoft-Windows-RemoteDesktop-Services-Tools-FoD-Package~31bf3856ad364e35~AMD64~it-it~.psf" PayloadType="ExpressPSF" />
      </Payload>
    </Package>
    <Package ID="Microsoft-Windows-Server-AppCompat-FoD-Package~31bf3856ad364e35~AMD64~it-it~" InstalledSize="28714479" Version="10.0.17763.1">
      <SatelliteInfo>
        <ApplyToInfo>
          <ApplyTo Type="language" Value="it-IT" />
        </ApplyToInfo>
      </SatelliteInfo>
      <Payload>
        <PayloadItem PayloadHash="3K+Q4hv1z2BJ15Y7jn5QLq+8YJaSo19sHGvob58+n2k=" PayloadSize="95625" Path="FeaturesOnDemand\it-it\baseless\Microsoft-Windows-Server-AppCompat-FoD-Package~31bf3856ad364e35~AMD64~it-it~.cab" PayloadType="ExpressCab" />
        <PayloadItem PayloadHash="ulosN3TfK3Z1dKoqImV30q0w2EqOGrYd17DkBZE32wY=" PayloadSize="6864677" Path="FeaturesOnDemand\it-it\baseless\Microsoft-Windows-Server-AppCompat-FoD-Package~31bf3856ad364e35~AMD64~it-it~.psf" PayloadType="ExpressPSF" />
      </Payload>
    </Package>
    <Package ID="Microsoft-Windows-ServerManager-Tools-FoD-Package~31bf3856ad364e35~AMD64~it-it~" InstalledSize="12004537" Version="10.0.17763.1">
      <SatelliteInfo>
        <ApplyToInfo>
          <ApplyTo Type="language" Value="it-IT" />
        </ApplyToInfo>
      </SatelliteInfo>
      <Payload>
        <PayloadItem PayloadHash="3AS/Y0voQtRMqrDsxDNsqY8v83VpZwmA7imQ01I6Z90=" PayloadSize="38573" Path="FeaturesOnDemand\it-it\baseless\Microsoft-Windows-ServerManager-Tools-FoD-Package~31bf3856ad364e35~AMD64~it-it~.cab" PayloadType="ExpressCab" />
        <PayloadItem PayloadHash="vMT640ntbqUv9T22Ral+GAxoWAl1ysTAWUqdN5H/JME=" PayloadSize="2334725" Path="FeaturesOnDemand\it-it\baseless\Microsoft-Windows-ServerManager-Tools-FoD-Package~31bf3856ad364e35~AMD64~it-it~.psf" PayloadType="ExpressPSF" />
      </Payload>
    </Package>
    <Package ID="Microsoft-Windows-ServerManager-Tools-FoD-Package~31bf3856ad364e35~wow64~it-it~" InstalledSize="1227101" Version="10.0.17763.1">
      <SatelliteInfo>
        <ApplyToInfo>
          <ApplyTo Type="arch" Value="wow64" />
          <ApplyTo Type="language" Value="it-IT" />
        </ApplyToInfo>
      </SatelliteInfo>
      <Payload>
        <PayloadItem PayloadHash="HUZ+kaKITUYi+B8jmoCBzdodch66VuMY0NGTeDAmhQE=" PayloadSize="19689" Path="FeaturesOnDemand\it-it\baseless\Microsoft-Windows-ServerManager-Tools-FoD-Package~31bf3856ad364e35~wow64~it-it~.cab" PayloadType="ExpressCab" />
        <PayloadItem PayloadHash="jeqxuHpGIBWXux9Pi1j0gQvjRLY1KkI0inwVlKc3zg8=" PayloadSize="366788" Path="FeaturesOnDemand\it-it\baseless\Microsoft-Windows-ServerManager-Tools-FoD-Package~31bf3856ad364e35~wow64~it-it~.psf" PayloadType="ExpressPSF" />
      </Payload>
    </Package>
    <Package ID="Microsoft-Windows-Shielded-VM-Tools-FoD-Package~31bf3856ad364e35~AMD64~it-it~" InstalledSize="411954" Version="10.0.17763.1">
      <SatelliteInfo>
        <ApplyToInfo>
          <ApplyTo Type="language" Value="it-IT" />
        </ApplyToInfo>
      </SatelliteInfo>
      <Payload>
        <PayloadItem PayloadHash="I9rRCBBAWTWEMpKzW9q1RaTS7gMonzG/1vCrsnuQWAc=" PayloadSize="23845" Path="FeaturesOnDemand\it-it\baseless\Microsoft-Windows-Shielded-VM-Tools-FoD-Package~31bf3856ad364e35~AMD64~it-it~.cab" PayloadType="ExpressCab" />
        <PayloadItem PayloadHash="kF2CfMf8OwrumHq1SGOxMLDu5OQ4B6mIMPNZPzI6qIA=" PayloadSize="184231" Path="FeaturesOnDemand\it-it\baseless\Microsoft-Windows-Shielded-VM-Tools-FoD-Package~31bf3856ad364e35~AMD64~it-it~.psf" PayloadType="ExpressPSF" />
      </Payload>
    </Package>
    <Package ID="Microsoft-Windows-SNMP-Client-Package~31bf3856ad364e35~AMD64~it-it~" InstalledSize="142004" Version="10.0.17763.1">
      <SatelliteInfo>
        <ApplyToInfo>
          <ApplyTo Type="language" Value="it-IT" />
        </ApplyToInfo>
      </SatelliteInfo>
      <Payload>
        <PayloadItem PayloadHash="4+hCTZZ8dPDMRaqGq52IjDSI6f6dMu6OoKAJlwa8rxM=" PayloadSize="20537" Path="FeaturesOnDemand\it-it\baseless\Microsoft-Windows-SNMP-Client-Package~31bf3856ad364e35~AMD64~it-it~.cab" PayloadType="ExpressCab" />
        <PayloadItem PayloadHash="OrlIC6+Z0MOQdqPPAssfxzmhvCKSjQZ904TsYtMqHRc=" PayloadSize="102678" Path="FeaturesOnDemand\it-it\baseless\Microsoft-Windows-SNMP-Client-Package~31bf3856ad364e35~AMD64~it-it~.psf" PayloadType="ExpressPSF" />
      </Payload>
    </Package>
    <Package ID="Microsoft-Windows-SNMP-Client-Package~31bf3856ad364e35~wow64~it-it~" InstalledSize="142325" Version="10.0.17763.1">
      <SatelliteInfo>
        <ApplyToInfo>
          <ApplyTo Type="arch" Value="wow64" />
          <ApplyTo Type="language" Value="it-IT" />
        </ApplyToInfo>
      </SatelliteInfo>
      <Payload>
        <PayloadItem PayloadHash="DGVBENehL69vLrGWJohDKPrF18K8KV+RdaON1Itl9rk=" PayloadSize="20085" Path="FeaturesOnDemand\it-it\baseless\Microsoft-Windows-SNMP-Client-Package~31bf3856ad364e35~wow64~it-it~.cab" PayloadType="ExpressCab" />
        <PayloadItem PayloadHash="LjFtu+KxnsbbDxhbfyMZZYMhwx4IivkccIQySGqd0A8=" PayloadSize="103042" Path="FeaturesOnDemand\it-it\baseless\Microsoft-Windows-SNMP-Client-Package~31bf3856ad364e35~wow64~it-it~.psf" PayloadType="ExpressPSF" />
      </Payload>
    </Package>
    <Package ID="Microsoft-Windows-StorageManagement-FoD-Package~31bf3856ad364e35~AMD64~it-it~" InstalledSize="1621604" Version="10.0.17763.1">
      <SatelliteInfo>
        <ApplyToInfo>
          <ApplyTo Type="language" Value="it-IT" />
        </ApplyToInfo>
      </SatelliteInfo>
      <Payload>
        <PayloadItem PayloadHash="kPylUzac55Uc20E7egP92K6/iGIBDJ0dZNQ/lXdcm4k=" PayloadSize="21651" Path="FeaturesOnDemand\it-it\baseless\Microsoft-Windows-StorageManagement-FoD-Package~31bf3856ad364e35~AMD64~it-it~.cab" PayloadType="ExpressCab" />
        <PayloadItem PayloadHash="x8Dpqtz5sGAmOfPcZPJDuRpXkjC8c+ZhLqeVMaraUu4=" PayloadSize="210852" Path="FeaturesOnDemand\it-it\baseless\Microsoft-Windows-StorageManagement-FoD-Package~31bf3856ad364e35~AMD64~it-it~.psf" PayloadType="ExpressPSF" />
      </Payload>
    </Package>
    <Package ID="Microsoft-Windows-StorageManagement-FoD-Package~31bf3856ad364e35~wow64~it-it~" InstalledSize="1119562" Version="10.0.17763.1">
      <SatelliteInfo>
        <ApplyToInfo>
          <ApplyTo Type="arch" Value="wow64" />
          <ApplyTo Type="language" Value="it-IT" />
        </ApplyToInfo>
      </SatelliteInfo>
      <Payload>
        <PayloadItem PayloadHash="mgEsGJkLwma3bcML55NhyjFQneGyKyuVkun/HA9mezk=" PayloadSize="20469" Path="FeaturesOnDemand\it-it\baseless\Microsoft-Windows-StorageManagement-FoD-Package~31bf3856ad364e35~wow64~it-it~.cab" PayloadType="ExpressCab" />
        <PayloadItem PayloadHash="DAc+cVxmpfeTMXiWxVoU61L3Ms3UCXQIAm067TUPqEM=" PayloadSize="140572" Path="FeaturesOnDemand\it-it\baseless\Microsoft-Windows-StorageManagement-FoD-Package~31bf3856ad364e35~wow64~it-it~.psf" PayloadType="ExpressPSF" />
      </Payload>
    </Package>
    <Package ID="Microsoft-Windows-StorageMigrationService-Management-Tools-FOD-Package~31bf3856ad364e35~AMD64~it-it~" InstalledSize="59627" Version="10.0.17763.1">
      <SatelliteInfo>
        <ApplyToInfo>
          <ApplyTo Type="language" Value="it-IT" />
        </ApplyToInfo>
      </SatelliteInfo>
      <Payload>
        <PayloadItem PayloadHash="yd3nKNMUrjCUMp98O3ZsZh0isk9WVF/Ot1CHuplLWz4=" PayloadSize="18787" Path="FeaturesOnDemand\it-it\baseless\Microsoft-Windows-StorageMigrationService-Management-Tools-FOD-Package~31bf3856ad364e35~AMD64~it-it~.cab" PayloadType="ExpressCab" />
        <PayloadItem PayloadHash="I94JdnWyOTgISXcZHLtJEJsCnyjhW1QTMZd8vgvB5kY=" PayloadSize="73689" Path="FeaturesOnDemand\it-it\baseless\Microsoft-Windows-StorageMigrationService-Management-Tools-FOD-Package~31bf3856ad364e35~AMD64~it-it~.psf" PayloadType="ExpressPSF" />
      </Payload>
    </Package>
    <Package ID="Microsoft-Windows-StorageReplica-Tools-FoD-Package~31bf3856ad364e35~AMD64~it-it~" InstalledSize="436965" Version="10.0.17763.1">
      <SatelliteInfo>
        <ApplyToInfo>
          <ApplyTo Type="language" Value="it-IT" />
        </ApplyToInfo>
      </SatelliteInfo>
      <Payload>
        <PayloadItem PayloadHash="aSJkwxzp5nq0azwB3b7Rj4ccYV2as12LfCMfNhmGdXw=" PayloadSize="19165" Path="FeaturesOnDemand\it-it\baseless\Microsoft-Windows-StorageReplica-Tools-FoD-Package~31bf3856ad364e35~AMD64~it-it~.cab" PayloadType="ExpressCab" />
        <PayloadItem PayloadHash="yYBxv0fRE8di7PT/FY2hkMsGZpEJRz1NSMLUm/jbevU=" PayloadSize="118939" Path="FeaturesOnDemand\it-it\baseless\Microsoft-Windows-StorageReplica-Tools-FoD-Package~31bf3856ad364e35~AMD64~it-it~.psf" PayloadType="ExpressPSF" />
      </Payload>
    </Package>
    <Package ID="Microsoft-Windows-SystemInsights-Management-Tools-FOD-Package~31bf3856ad364e35~AMD64~it-it~" InstalledSize="43464" Version="10.0.17763.1">
      <SatelliteInfo>
        <ApplyToInfo>
          <ApplyTo Type="language" Value="it-IT" />
        </ApplyToInfo>
      </SatelliteInfo>
      <Payload>
        <PayloadItem PayloadHash="mF+ztnZHR1+wVVUYU2/GA+rKaUnqqfg7rqp5tskmE+M=" PayloadSize="18755" Path="FeaturesOnDemand\it-it\baseless\Microsoft-Windows-SystemInsights-Management-Tools-FOD-Package~31bf3856ad364e35~AMD64~it-it~.cab" PayloadType="ExpressCab" />
        <PayloadItem PayloadHash="usrFU3RyFiyonqBuBajBh1DyvPW8cpkE00onRuZCdoA=" PayloadSize="70938" Path="FeaturesOnDemand\it-it\baseless\Microsoft-Windows-SystemInsights-Management-Tools-FOD-Package~31bf3856ad364e35~AMD64~it-it~.psf" PayloadType="ExpressPSF" />
      </Payload>
    </Package>
    <Package ID="Microsoft-Windows-VolumeActivation-Tools-FoD-Package~31bf3856ad364e35~AMD64~it-it~" InstalledSize="229013" Version="10.0.17763.1">
      <SatelliteInfo>
        <ApplyToInfo>
          <ApplyTo Type="language" Value="it-IT" />
        </ApplyToInfo>
      </SatelliteInfo>
      <Payload>
        <PayloadItem PayloadHash="NccR1cJTchggu2j7xkz84mMDE4FfLK4zKLYDzedlCpI=" PayloadSize="18835" Path="FeaturesOnDemand\it-it\baseless\Microsoft-Windows-VolumeActivation-Tools-FoD-Package~31bf3856ad364e35~AMD64~it-it~.cab" PayloadType="ExpressCab" />
        <PayloadItem PayloadHash="PB4okGk94YeALObYLORLTN5KIX2HWAeJsf2DtjR7qlg=" PayloadSize="181397" Path="FeaturesOnDemand\it-it\baseless\Microsoft-Windows-VolumeActivation-Tools-FoD-Package~31bf3856ad364e35~AMD64~it-it~.psf" PayloadType="ExpressPSF" />
      </Payload>
    </Package>
    <Package ID="Microsoft-Windows-WMI-SNMP-Provider-Client-Package~31bf3856ad364e35~AMD64~it-it~" InstalledSize="57195" Version="10.0.17763.1">
      <SatelliteInfo>
        <ApplyToInfo>
          <ApplyTo Type="language" Value="it-IT" />
        </ApplyToInfo>
      </SatelliteInfo>
      <Payload>
        <PayloadItem PayloadHash="bPEja6mFtYGDE9H1SXAO8u9ygT0WPmHlhI5/7FsMs7A=" PayloadSize="19283" Path="FeaturesOnDemand\it-it\baseless\Microsoft-Windows-WMI-SNMP-Provider-Client-Package~31bf3856ad364e35~AMD64~it-it~.cab" PayloadType="ExpressCab" />
        <PayloadItem PayloadHash="tj1AsuSC9ZZM9ZYa3lBBriK0LsEh24OvwPb38m87cDA=" PayloadSize="74026" Path="FeaturesOnDemand\it-it\baseless\Microsoft-Windows-WMI-SNMP-Provider-Client-Package~31bf3856ad364e35~AMD64~it-it~.psf" PayloadType="ExpressPSF" />
      </Payload>
    </Package>
    <Package ID="Microsoft-Windows-WMI-SNMP-Provider-Client-Package~31bf3856ad364e35~wow64~it-it~" InstalledSize="57262" Version="10.0.17763.1">
      <SatelliteInfo>
        <ApplyToInfo>
          <ApplyTo Type="arch" Value="wow64" />
          <ApplyTo Type="language" Value="it-IT" />
        </ApplyToInfo>
      </SatelliteInfo>
      <Payload>
        <PayloadItem PayloadHash="9l3tzRVlSkKF7pNfrRiOiy3PXyMi1OHIFM2W4Xmd8q4=" PayloadSize="19105" Path="FeaturesOnDemand\it-it\baseless\Microsoft-Windows-WMI-SNMP-Provider-Client-Package~31bf3856ad364e35~wow64~it-it~.cab" PayloadType="ExpressCab" />
        <PayloadItem PayloadHash="Bf7xI0EVwyDJ1qx/VyL8Lp3jWpeFi2FSJVsUDCxZTfU=" PayloadSize="73978" Path="FeaturesOnDemand\it-it\baseless\Microsoft-Windows-WMI-SNMP-Provider-Client-Package~31bf3856ad364e35~wow64~it-it~.psf" PayloadType="ExpressPSF" />
      </Payload>
    </Package>
    <Package ID="Microsoft-Windows-WSUS-Tools-FoD-Package~31bf3856ad364e35~AMD64~it-it~" InstalledSize="2925486" Version="10.0.17763.1">
      <SatelliteInfo>
        <ApplyToInfo>
          <ApplyTo Type="language" Value="it-IT" />
        </ApplyToInfo>
      </SatelliteInfo>
      <Payload>
        <PayloadItem PayloadHash="gMucp9m+JibN6olnxnkNPP7U00FuOKlbKMx38zgbugk=" PayloadSize="19959" Path="FeaturesOnDemand\it-it\baseless\Microsoft-Windows-WSUS-Tools-FoD-Package~31bf3856ad364e35~AMD64~it-it~.cab" PayloadType="ExpressCab" />
        <PayloadItem PayloadHash="ashaQ45tWAa/mutWz1XrmARBx96CS7Owv23oRV14pcg=" PayloadSize="385705" Path="FeaturesOnDemand\it-it\baseless\Microsoft-Windows-WSUS-Tools-FoD-Package~31bf3856ad364e35~AMD64~it-it~.psf" PayloadType="ExpressPSF" />
      </Payload>
    </Package>
  </Packages>
</CompDB>