<?xml version="1.0" encoding="utf-8"?>
<CompDB xmlns:xsi="http://www.w3.org/2001/XMLSchema-instance" xmlns:xsd="http://www.w3.org/2001/XMLSchema" CreatedDate="2018-11-15T20:00:21.8225423Z" Revision="1" SchemaVersion="1.2" Product="Desktop" BuildID="80154b57-1148-3590-c1b9-d2ce93ee1fac" BuildInfo="rs5_release.17763.1.180914-1434" OSVersion="10.0.17763.1" BuildArch="amd64" ReleaseType="Production" Type="Build" xmlns="http://schemas.microsoft.com/embedded/2004/10/ImageUpdate">
  <Tags Type="Language">
    <Tag Name="Language" Value="cs-CZ" />
    <Tag Name="UpdateType" Value="Canonical" />
  </Tags>
  <Features>
    <Feature Type="LanguagePack" FeatureID="Language.UI.Server~cs-cz" FMID="MSDL" Group="Microsoft">
      <Packages>
        <Package ID="Microsoft-Windows-Server-LanguagePack-Package_cs-cz~31bf3856ad364e35~amd64~cs-cz~" PackageType="FeaturePackage" />
      </Packages>
    </Feature>
    <Feature Type="OnDemandFeature" FeatureID="Microsoft.Onecore.StorageManagement~~1.0" FMID="MSDN" Group="Microsoft">
      <Packages>
        <Package ID="Microsoft-OneCore-StorageManagement-FoD-Package~31bf3856ad364e35~AMD64~cs-cz~" PackageType="SatellitePackage" />
        <Package ID="Microsoft-OneCore-StorageManagement-FoD-Package~31bf3856ad364e35~wow64~cs-cz~" PackageType="SatellitePackage" />
      </Packages>
    </Feature>
    <Feature Type="OnDemandFeature" FeatureID="Rsat.ActiveDirectory.DS-LDS.Tools~~1.0" FMID="MSDN" Group="Microsoft">
      <Dependencies>
        <Feature FeatureID="Rsat.ServerManager.Tools~~1.0" />
      </Dependencies>
      <Packages>
        <Package ID="Microsoft-Windows-ActiveDirectory-DS-LDS-Tools-FoD-Package~31bf3856ad364e35~AMD64~cs-cz~" PackageType="SatellitePackage" />
        <Package ID="Microsoft-Windows-ActiveDirectory-DS-LDS-Tools-FoD-Package~31bf3856ad364e35~wow64~cs-cz~" PackageType="SatellitePackage" />
      </Packages>
    </Feature>
    <Feature Type="OnDemandFeature" FeatureID="Rsat.BitLocker.Recovery.Tools~~1.0" FMID="MSDN" Group="Microsoft">
      <Dependencies>
        <Feature FeatureID="Rsat.ActiveDirectory.DS-LDS.Tools~~1.0" />
      </Dependencies>
      <Packages>
        <Package ID="Microsoft-Windows-BitLocker-Recovery-Tools-FoD-Package~31bf3856ad364e35~AMD64~cs-cz~" PackageType="SatellitePackage" />
      </Packages>
    </Feature>
    <Feature Type="OnDemandFeature" FeatureID="Rsat.CertificateServices.Tools~~1.0" FMID="MSDN" Group="Microsoft">
      <Packages>
        <Package ID="Microsoft-Windows-CertificateServices-Tools-FoD-Package~31bf3856ad364e35~AMD64~cs-cz~" PackageType="SatellitePackage" />
      </Packages>
    </Feature>
    <Feature Type="OnDemandFeature" FeatureID="Rsat.DHCP.Tools~~1.0" FMID="MSDN" Group="Microsoft">
      <Packages>
        <Package ID="Microsoft-Windows-DHCP-Tools-FoD-Package~31bf3856ad364e35~AMD64~cs-cz~" PackageType="SatellitePackage" />
        <Package ID="Microsoft-Windows-DHCP-Tools-FoD-Package~31bf3856ad364e35~wow64~cs-cz~" PackageType="SatellitePackage" />
      </Packages>
    </Feature>
    <Feature Type="OnDemandFeature" FeatureID="Rsat.Dns.Tools~~1.0" FMID="MSDN" Group="Microsoft">
      <Packages>
        <Package ID="Microsoft-Windows-DNS-Tools-FoD-Package~31bf3856ad364e35~AMD64~cs-cz~" PackageType="SatellitePackage" />
        <Package ID="Microsoft-Windows-DNS-Tools-FoD-Package~31bf3856ad364e35~wow64~cs-cz~" PackageType="SatellitePackage" />
      </Packages>
    </Feature>
    <Feature Type="OnDemandFeature" FeatureID="Rsat.FailoverCluster.Management.Tools~~1.0" FMID="MSDN" Group="Microsoft">
      <Dependencies>
        <Feature FeatureID="Rsat.FileServices.Tools~~1.0" />
      </Dependencies>
      <Packages>
        <Package ID="Microsoft-Windows-FailoverCluster-Management-Tools-FOD-Package~31bf3856ad364e35~AMD64~cs-cz~" PackageType="SatellitePackage" />
        <Package ID="Microsoft-Windows-FailoverCluster-Management-Tools-FOD-Package~31bf3856ad364e35~wow64~cs-cz~" PackageType="SatellitePackage" />
      </Packages>
    </Feature>
    <Feature Type="OnDemandFeature" FeatureID="Rsat.FileServices.Tools~~1.0" FMID="MSDN" Group="Microsoft">
      <Dependencies>
        <Feature FeatureID="Rsat.ServerManager.Tools~~1.0" />
      </Dependencies>
      <Packages>
        <Package ID="Microsoft-Windows-FileServices-Tools-FoD-Package~31bf3856ad364e35~AMD64~cs-cz~" PackageType="SatellitePackage" />
        <Package ID="Microsoft-Windows-FileServices-Tools-FoD-Package~31bf3856ad364e35~wow64~cs-cz~" PackageType="SatellitePackage" />
      </Packages>
    </Feature>
    <Feature Type="OnDemandFeature" FeatureID="Rsat.GroupPolicy.Management.Tools~~1.0" FMID="MSDN" Group="Microsoft">
      <Packages>
        <Package ID="Microsoft-Windows-GroupPolicy-Management-Tools-FoD-Package~31bf3856ad364e35~AMD64~cs-cz~" PackageType="SatellitePackage" />
        <Package ID="Microsoft-Windows-GroupPolicy-Management-Tools-FoD-Package~31bf3856ad364e35~wow64~cs-cz~" PackageType="SatellitePackage" />
      </Packages>
    </Feature>
    <Feature Type="OnDemandFeature" FeatureID="Rsat.IPAM.Client.Tools~~1.0" FMID="MSDN" Group="Microsoft">
      <Dependencies>
        <Feature FeatureID="Rsat.ServerManager.Tools~~1.0" />
      </Dependencies>
      <Packages>
        <Package ID="Microsoft-Windows-IPAM-Client-FoD-Package~31bf3856ad364e35~AMD64~cs-cz~" PackageType="SatellitePackage" />
        <Package ID="Microsoft-Windows-IPAM-Client-FoD-Package~31bf3856ad364e35~wow64~cs-cz~" PackageType="SatellitePackage" />
      </Packages>
    </Feature>
    <Feature Type="OnDemandFeature" FeatureID="Rsat.NetworkController.Tools~~1.0" FMID="MSDN" Group="Microsoft">
      <Packages>
        <Package ID="Microsoft-Windows-NetworkController-Tools-FoD-Package~31bf3856ad364e35~AMD64~cs-cz~" PackageType="SatellitePackage" />
      </Packages>
    </Feature>
    <Feature Type="OnDemandFeature" FeatureID="Rsat.NetworkLoadBalancing.Tools~~1.0" FMID="MSDN" Group="Microsoft">
      <Packages>
        <Package ID="Microsoft-Windows-NetworkLoadBalancing-Tools-FoD-Package~31bf3856ad364e35~AMD64~cs-cz~" PackageType="SatellitePackage" />
      </Packages>
    </Feature>
    <Feature Type="OnDemandFeature" FeatureID="RasCMAK.Client~~1.0" FMID="MSDN" Group="Microsoft">
      <Packages>
        <Package ID="Microsoft-Windows-RasCMAK-Client-Package~31bf3856ad364e35~AMD64~cs-cz~" PackageType="SatellitePackage" />
        <Package ID="Microsoft-Windows-RasCMAK-Client-Package~31bf3856ad364e35~wow64~cs-cz~" PackageType="SatellitePackage" />
      </Packages>
    </Feature>
    <Feature Type="OnDemandFeature" FeatureID="RIP.Listener~~1.0" FMID="MSDN" Group="Microsoft">
      <Packages>
        <Package ID="Microsoft-Windows-RasRip-Package~31bf3856ad364e35~AMD64~cs-cz~" PackageType="SatellitePackage" />
      </Packages>
    </Feature>
    <Feature Type="OnDemandFeature" FeatureID="Rsat.RemoteAccess.Management.Tools~~1.0" FMID="MSDN" Group="Microsoft">
      <Dependencies>
        <Feature FeatureID="Rsat.GroupPolicy.Management.Tools~~1.0" />
        <Feature FeatureID="Rsat.ServerManager.Tools~~1.0" />
      </Dependencies>
      <Packages>
        <Package ID="Microsoft-Windows-RemoteAccess-Management-Tools-FoD-Package~31bf3856ad364e35~AMD64~cs-cz~" PackageType="SatellitePackage" />
        <Package ID="Microsoft-Windows-RemoteAccess-Management-Tools-FoD-Package~31bf3856ad364e35~wow64~cs-cz~" PackageType="SatellitePackage" />
      </Packages>
    </Feature>
    <Feature Type="OnDemandFeature" FeatureID="Rsat.RemoteDesktop.Services.Tools~~1.0" FMID="MSDN" Group="Microsoft">
      <Packages>
        <Package ID="Microsoft-Windows-RemoteDesktop-Services-Tools-FoD-Package~31bf3856ad364e35~AMD64~cs-cz~" PackageType="SatellitePackage" />
      </Packages>
    </Feature>
    <Feature Type="OnDemandFeature" FeatureID="ServerCore.AppCompatibility~~1.0" FMID="MSDN" Group="Microsoft">
      <Packages>
        <Package ID="Microsoft-Windows-Server-AppCompat-FoD-Package~31bf3856ad364e35~AMD64~cs-cz~" PackageType="SatellitePackage" />
      </Packages>
    </Feature>
    <Feature Type="OnDemandFeature" FeatureID="Rsat.ServerManager.Tools~~1.0" FMID="MSDN" Group="Microsoft">
      <Packages>
        <Package ID="Microsoft-Windows-ServerManager-Tools-FoD-Package~31bf3856ad364e35~AMD64~cs-cz~" PackageType="SatellitePackage" />
        <Package ID="Microsoft-Windows-ServerManager-Tools-FoD-Package~31bf3856ad364e35~wow64~cs-cz~" PackageType="SatellitePackage" />
      </Packages>
    </Feature>
    <Feature Type="OnDemandFeature" FeatureID="Rsat.Shielded.VM.Tools~~1.0" FMID="MSDN" Group="Microsoft">
      <Dependencies>
        <Feature FeatureID="Rsat.ServerManager.Tools~~1.0" />
      </Dependencies>
      <Packages>
        <Package ID="Microsoft-Windows-Shielded-VM-Tools-FoD-Package~31bf3856ad364e35~AMD64~cs-cz~" PackageType="SatellitePackage" />
      </Packages>
    </Feature>
    <Feature Type="OnDemandFeature" FeatureID="SNMP.Client~~1.0" FMID="MSDN" Group="Microsoft">
      <Packages>
        <Package ID="Microsoft-Windows-SNMP-Client-Package~31bf3856ad364e35~AMD64~cs-cz~" PackageType="SatellitePackage" />
        <Package ID="Microsoft-Windows-SNMP-Client-Package~31bf3856ad364e35~wow64~cs-cz~" PackageType="SatellitePackage" />
      </Packages>
    </Feature>
    <Feature Type="OnDemandFeature" FeatureID="Microsoft.Windows.StorageManagement~~1.0" FMID="MSDN" Group="Microsoft">
      <Packages>
        <Package ID="Microsoft-Windows-StorageManagement-FoD-Package~31bf3856ad364e35~AMD64~cs-cz~" PackageType="SatellitePackage" />
        <Package ID="Microsoft-Windows-StorageManagement-FoD-Package~31bf3856ad364e35~wow64~cs-cz~" PackageType="SatellitePackage" />
      </Packages>
    </Feature>
    <Feature Type="OnDemandFeature" FeatureID="Rsat.StorageMigrationService.Management.Tools~~1.0" FMID="MSDN" Group="Microsoft">
      <Packages>
        <Package ID="Microsoft-Windows-StorageMigrationService-Management-Tools-FOD-Package~31bf3856ad364e35~AMD64~cs-cz~" PackageType="SatellitePackage" />
      </Packages>
    </Feature>
    <Feature Type="OnDemandFeature" FeatureID="Rsat.StorageReplica.Tools~~1.0" FMID="MSDN" Group="Microsoft">
      <Packages>
        <Package ID="Microsoft-Windows-StorageReplica-Tools-FoD-Package~31bf3856ad364e35~AMD64~cs-cz~" PackageType="SatellitePackage" />
      </Packages>
    </Feature>
    <Feature Type="OnDemandFeature" FeatureID="Rsat.SystemInsights.Management.Tools~~1.0" FMID="MSDN" Group="Microsoft">
      <Packages>
        <Package ID="Microsoft-Windows-SystemInsights-Management-Tools-FOD-Package~31bf3856ad364e35~AMD64~cs-cz~" PackageType="SatellitePackage" />
      </Packages>
    </Feature>
    <Feature Type="OnDemandFeature" FeatureID="Rsat.VolumeActivation.Tools~~1.0" FMID="MSDN" Group="Microsoft">
      <Packages>
        <Package ID="Microsoft-Windows-VolumeActivation-Tools-FoD-Package~31bf3856ad364e35~AMD64~cs-cz~" PackageType="SatellitePackage" />
      </Packages>
    </Feature>
    <Feature Type="OnDemandFeature" FeatureID="WMI-SNMP-Provider.Client~~1.0" FMID="MSDN" Group="Microsoft">
      <Dependencies>
        <Feature FeatureID="SNMP.Client~~1.0" />
      </Dependencies>
      <Packages>
        <Package ID="Microsoft-Windows-WMI-SNMP-Provider-Client-Package~31bf3856ad364e35~AMD64~cs-cz~" PackageType="SatellitePackage" />
        <Package ID="Microsoft-Windows-WMI-SNMP-Provider-Client-Package~31bf3856ad364e35~wow64~cs-cz~" PackageType="SatellitePackage" />
      </Packages>
    </Feature>
    <Feature Type="OnDemandFeature" FeatureID="Rsat.WSUS.Tools~~1.0" FMID="MSDN" Group="Microsoft">
      <Packages>
        <Package ID="Microsoft-Windows-WSUS-Tools-FoD-Package~31bf3856ad364e35~AMD64~cs-cz~" PackageType="SatellitePackage" />
      </Packages>
    </Feature>
  </Features>
  <Packages>
    <Package ID="Microsoft-Windows-Server-LanguagePack-Package_cs-cz~31bf3856ad364e35~amd64~cs-cz~" InstalledSize="1117071422" Version="10.0.17763.1">
      <SatelliteInfo>
        <DeclareInfo>
          <Declare Type="language" Value="cs-CZ" />
        </DeclareInfo>
      </SatelliteInfo>
      <Payload>
        <PayloadItem PayloadHash="TEC5MsDagx4yn4XHfFaSlURZjNZsfFfdY5gAJCj1ge4=" PayloadSize="39438033" Path="UUP\Desktop\editionpackages\Server\cs-cz\Microsoft-Windows-Server-LanguagePack-Package_cs-cz~31bf3856ad364e35~amd64~cs-cz~.esd" PayloadType="Canonical" />
      </Payload>
    </Package>
    <Package ID="Microsoft-OneCore-StorageManagement-FoD-Package~31bf3856ad364e35~AMD64~cs-cz~" InstalledSize="1962473" Version="10.0.17763.1">
      <SatelliteInfo>
        <ApplyToInfo>
          <ApplyTo Type="language" Value="cs-CZ" />
        </ApplyToInfo>
      </SatelliteInfo>
      <Payload>
        <PayloadItem PayloadHash="8PcRI4NAcRr6nSpr6o4ZlrFBn7lQUiOzKzo3VLPj+0Y=" PayloadSize="133913" Path="FeaturesOnDemand\cs-cz\cabs\Microsoft-OneCore-StorageManagement-FoD-Package~31bf3856ad364e35~AMD64~cs-cz~.cab" PayloadType="Canonical" />
      </Payload>
    </Package>
    <Package ID="Microsoft-OneCore-StorageManagement-FoD-Package~31bf3856ad364e35~wow64~cs-cz~" InstalledSize="1079714" Version="10.0.17763.1">
      <SatelliteInfo>
        <ApplyToInfo>
          <ApplyTo Type="arch" Value="wow64" />
          <ApplyTo Type="language" Value="cs-CZ" />
        </ApplyToInfo>
      </SatelliteInfo>
      <Payload>
        <PayloadItem PayloadHash="gc4nYkpD65WbmjSewRkYTFL5bzrDT8AmPGW6gpR1L3o=" PayloadSize="88538" Path="FeaturesOnDemand\cs-cz\cabs\Microsoft-OneCore-StorageManagement-FoD-Package~31bf3856ad364e35~wow64~cs-cz~.cab" PayloadType="Canonical" />
      </Payload>
    </Package>
    <Package ID="Microsoft-Windows-ActiveDirectory-DS-LDS-Tools-FoD-Package~31bf3856ad364e35~AMD64~cs-cz~" InstalledSize="5778680" Version="10.0.17763.1">
      <SatelliteInfo>
        <ApplyToInfo>
          <ApplyTo Type="language" Value="cs-CZ" />
        </ApplyToInfo>
      </SatelliteInfo>
      <Payload>
        <PayloadItem PayloadHash="VAl4oH7VURE5DL/qT2hTfweMMNYWKQbtYyEbjzdEQe4=" PayloadSize="801273" Path="FeaturesOnDemand\cs-cz\cabs\Microsoft-Windows-ActiveDirectory-DS-LDS-Tools-FoD-Package~31bf3856ad364e35~AMD64~cs-cz~.cab" PayloadType="Canonical" />
      </Payload>
    </Package>
    <Package ID="Microsoft-Windows-ActiveDirectory-DS-LDS-Tools-FoD-Package~31bf3856ad364e35~wow64~cs-cz~" InstalledSize="804893" Version="10.0.17763.1">
      <SatelliteInfo>
        <ApplyToInfo>
          <ApplyTo Type="arch" Value="wow64" />
          <ApplyTo Type="language" Value="cs-CZ" />
        </ApplyToInfo>
      </SatelliteInfo>
      <Payload>
        <PayloadItem PayloadHash="+ee+byTEPFUgiGZaYIIx4Zew5hwI7oRAfiOVOBZSNGY=" PayloadSize="108095" Path="FeaturesOnDemand\cs-cz\cabs\Microsoft-Windows-ActiveDirectory-DS-LDS-Tools-FoD-Package~31bf3856ad364e35~wow64~cs-cz~.cab" PayloadType="Canonical" />
      </Payload>
    </Package>
    <Package ID="Microsoft-Windows-BitLocker-Recovery-Tools-FoD-Package~31bf3856ad364e35~AMD64~cs-cz~" InstalledSize="33929" Version="10.0.17763.1">
      <SatelliteInfo>
        <ApplyToInfo>
          <ApplyTo Type="language" Value="cs-CZ" />
        </ApplyToInfo>
      </SatelliteInfo>
      <Payload>
        <PayloadItem PayloadHash="G1+cbqsISlRVWzu6CYf7zXx8IjoksK3ZkWhEMcB8Q6E=" PayloadSize="31280" Path="FeaturesOnDemand\cs-cz\cabs\Microsoft-Windows-BitLocker-Recovery-Tools-FoD-Package~31bf3856ad364e35~AMD64~cs-cz~.cab" PayloadType="Canonical" />
      </Payload>
    </Package>
    <Package ID="Microsoft-Windows-CertificateServices-Tools-FoD-Package~31bf3856ad364e35~AMD64~cs-cz~" InstalledSize="1036592" Version="10.0.17763.1">
      <SatelliteInfo>
        <ApplyToInfo>
          <ApplyTo Type="language" Value="cs-CZ" />
        </ApplyToInfo>
      </SatelliteInfo>
      <Payload>
        <PayloadItem PayloadHash="jHC2fDKI6GpFbXp4l+F2X++Y4T/k092fk8DGdGWhOec=" PayloadSize="155646" Path="FeaturesOnDemand\cs-cz\cabs\Microsoft-Windows-CertificateServices-Tools-FoD-Package~31bf3856ad364e35~AMD64~cs-cz~.cab" PayloadType="Canonical" />
      </Payload>
    </Package>
    <Package ID="Microsoft-Windows-DHCP-Tools-FoD-Package~31bf3856ad364e35~AMD64~cs-cz~" InstalledSize="1809710" Version="10.0.17763.1">
      <SatelliteInfo>
        <ApplyToInfo>
          <ApplyTo Type="language" Value="cs-CZ" />
        </ApplyToInfo>
      </SatelliteInfo>
      <Payload>
        <PayloadItem PayloadHash="ZGevspAJMY5Zj/iMdmz7KuoRM37v+GEmaDlNcV1OzhI=" PayloadSize="168502" Path="FeaturesOnDemand\cs-cz\cabs\Microsoft-Windows-DHCP-Tools-FoD-Package~31bf3856ad364e35~AMD64~cs-cz~.cab" PayloadType="Canonical" />
      </Payload>
    </Package>
    <Package ID="Microsoft-Windows-DHCP-Tools-FoD-Package~31bf3856ad364e35~wow64~cs-cz~" InstalledSize="464726" Version="10.0.17763.1">
      <SatelliteInfo>
        <ApplyToInfo>
          <ApplyTo Type="arch" Value="wow64" />
          <ApplyTo Type="language" Value="cs-CZ" />
        </ApplyToInfo>
      </SatelliteInfo>
      <Payload>
        <PayloadItem PayloadHash="T9bBoMVcGp3tZoK/WdJDgZgwD0NTBPoQg5I4h3Y/o+w=" PayloadSize="64107" Path="FeaturesOnDemand\cs-cz\cabs\Microsoft-Windows-DHCP-Tools-FoD-Package~31bf3856ad364e35~wow64~cs-cz~.cab" PayloadType="Canonical" />
      </Payload>
    </Package>
    <Package ID="Microsoft-Windows-DNS-Tools-FoD-Package~31bf3856ad364e35~AMD64~cs-cz~" InstalledSize="1914170" Version="10.0.17763.1">
      <SatelliteInfo>
        <ApplyToInfo>
          <ApplyTo Type="language" Value="cs-CZ" />
        </ApplyToInfo>
      </SatelliteInfo>
      <Payload>
        <PayloadItem PayloadHash="D65+HpqSGVEyzFz3SZSIY43MmPXH2oONUrCG+b0LhNQ=" PayloadSize="187656" Path="FeaturesOnDemand\cs-cz\cabs\Microsoft-Windows-DNS-Tools-FoD-Package~31bf3856ad364e35~AMD64~cs-cz~.cab" PayloadType="Canonical" />
      </Payload>
    </Package>
    <Package ID="Microsoft-Windows-DNS-Tools-FoD-Package~31bf3856ad364e35~wow64~cs-cz~" InstalledSize="13440" Version="10.0.17763.1">
      <SatelliteInfo>
        <ApplyToInfo>
          <ApplyTo Type="arch" Value="wow64" />
          <ApplyTo Type="language" Value="cs-CZ" />
        </ApplyToInfo>
      </SatelliteInfo>
      <Payload>
        <PayloadItem PayloadHash="mAJNGFKOAINAs021SZTZ+8OpqNHrwGPL915z6iqms8s=" PayloadSize="25741" Path="FeaturesOnDemand\cs-cz\cabs\Microsoft-Windows-DNS-Tools-FoD-Package~31bf3856ad364e35~wow64~cs-cz~.cab" PayloadType="Canonical" />
      </Payload>
    </Package>
    <Package ID="Microsoft-Windows-FailoverCluster-Management-Tools-FOD-Package~31bf3856ad364e35~AMD64~cs-cz~" InstalledSize="9049997" Version="10.0.17763.1">
      <SatelliteInfo>
        <ApplyToInfo>
          <ApplyTo Type="language" Value="cs-CZ" />
        </ApplyToInfo>
      </SatelliteInfo>
      <Payload>
        <PayloadItem PayloadHash="Ux8CxWmt2clFUdJ83aaHFrpiRCF4vCO+Cxh264B9XRI=" PayloadSize="2374262" Path="FeaturesOnDemand\cs-cz\cabs\Microsoft-Windows-FailoverCluster-Management-Tools-FOD-Package~31bf3856ad364e35~AMD64~cs-cz~.cab" PayloadType="Canonical" />
      </Payload>
    </Package>
    <Package ID="Microsoft-Windows-FailoverCluster-Management-Tools-FOD-Package~31bf3856ad364e35~wow64~cs-cz~" InstalledSize="82485" Version="10.0.17763.1">
      <SatelliteInfo>
        <ApplyToInfo>
          <ApplyTo Type="arch" Value="wow64" />
          <ApplyTo Type="language" Value="cs-CZ" />
        </ApplyToInfo>
      </SatelliteInfo>
      <Payload>
        <PayloadItem PayloadHash="jzpLMrby2M3dh1r1UuZl5AvU3fOdTgxfdJPKrXQY4fY=" PayloadSize="40078" Path="FeaturesOnDemand\cs-cz\cabs\Microsoft-Windows-FailoverCluster-Management-Tools-FOD-Package~31bf3856ad364e35~wow64~cs-cz~.cab" PayloadType="Canonical" />
      </Payload>
    </Package>
    <Package ID="Microsoft-Windows-FileServices-Tools-FoD-Package~31bf3856ad364e35~AMD64~cs-cz~" InstalledSize="4195554" Version="10.0.17763.1">
      <SatelliteInfo>
        <ApplyToInfo>
          <ApplyTo Type="language" Value="cs-CZ" />
        </ApplyToInfo>
      </SatelliteInfo>
      <Payload>
        <PayloadItem PayloadHash="ojysivdtX+NldbkpfGZSk7saq4nFcyZ1gx1Myom+B2I=" PayloadSize="556777" Path="FeaturesOnDemand\cs-cz\cabs\Microsoft-Windows-FileServices-Tools-FoD-Package~31bf3856ad364e35~AMD64~cs-cz~.cab" PayloadType="Canonical" />
      </Payload>
    </Package>
    <Package ID="Microsoft-Windows-FileServices-Tools-FoD-Package~31bf3856ad364e35~wow64~cs-cz~" InstalledSize="190566" Version="10.0.17763.1">
      <SatelliteInfo>
        <ApplyToInfo>
          <ApplyTo Type="arch" Value="wow64" />
          <ApplyTo Type="language" Value="cs-CZ" />
        </ApplyToInfo>
      </SatelliteInfo>
      <Payload>
        <PayloadItem PayloadHash="E6FBwb1OWaUxe3uRHKHPQcUsQx3ya4LT2YnBSi366qE=" PayloadSize="54545" Path="FeaturesOnDemand\cs-cz\cabs\Microsoft-Windows-FileServices-Tools-FoD-Package~31bf3856ad364e35~wow64~cs-cz~.cab" PayloadType="Canonical" />
      </Payload>
    </Package>
    <Package ID="Microsoft-Windows-GroupPolicy-Management-Tools-FoD-Package~31bf3856ad364e35~AMD64~cs-cz~" InstalledSize="2339121" Version="10.0.17763.1">
      <SatelliteInfo>
        <ApplyToInfo>
          <ApplyTo Type="language" Value="cs-CZ" />
        </ApplyToInfo>
      </SatelliteInfo>
      <Payload>
        <PayloadItem PayloadHash="hKCSV7LWwwkELH1YVIVkkofhEzoLem1gbWW8ah9mDB8=" PayloadSize="290873" Path="FeaturesOnDemand\cs-cz\cabs\Microsoft-Windows-GroupPolicy-Management-Tools-FoD-Package~31bf3856ad364e35~AMD64~cs-cz~.cab" PayloadType="Canonical" />
      </Payload>
    </Package>
    <Package ID="Microsoft-Windows-GroupPolicy-Management-Tools-FoD-Package~31bf3856ad364e35~wow64~cs-cz~" InstalledSize="324597" Version="10.0.17763.1">
      <SatelliteInfo>
        <ApplyToInfo>
          <ApplyTo Type="arch" Value="wow64" />
          <ApplyTo Type="language" Value="cs-CZ" />
        </ApplyToInfo>
      </SatelliteInfo>
      <Payload>
        <PayloadItem PayloadHash="6MRJfjpm0WZ3tR1vAQ7jHD20NZP3scMX3dKxD0UXGhk=" PayloadSize="66481" Path="FeaturesOnDemand\cs-cz\cabs\Microsoft-Windows-GroupPolicy-Management-Tools-FoD-Package~31bf3856ad364e35~wow64~cs-cz~.cab" PayloadType="Canonical" />
      </Payload>
    </Package>
    <Package ID="Microsoft-Windows-IPAM-Client-FoD-Package~31bf3856ad364e35~AMD64~cs-cz~" InstalledSize="107164" Version="10.0.17763.1">
      <SatelliteInfo>
        <ApplyToInfo>
          <ApplyTo Type="language" Value="cs-CZ" />
        </ApplyToInfo>
      </SatelliteInfo>
      <Payload>
        <PayloadItem PayloadHash="MTE4oMrydoc9T/cE3sgEWok6Yzb0Lh4dMl7Up4aa/T4=" PayloadSize="38779" Path="FeaturesOnDemand\cs-cz\cabs\Microsoft-Windows-IPAM-Client-FoD-Package~31bf3856ad364e35~AMD64~cs-cz~.cab" PayloadType="Canonical" />
      </Payload>
    </Package>
    <Package ID="Microsoft-Windows-IPAM-Client-FoD-Package~31bf3856ad364e35~wow64~cs-cz~" InstalledSize="27677" Version="10.0.17763.1">
      <SatelliteInfo>
        <ApplyToInfo>
          <ApplyTo Type="arch" Value="wow64" />
          <ApplyTo Type="language" Value="cs-CZ" />
        </ApplyToInfo>
      </SatelliteInfo>
      <Payload>
        <PayloadItem PayloadHash="sMYRr7w6dxjr9TLM+plxMV0iLkveJ3oeZULv7A6Lrck=" PayloadSize="28650" Path="FeaturesOnDemand\cs-cz\cabs\Microsoft-Windows-IPAM-Client-FoD-Package~31bf3856ad364e35~wow64~cs-cz~.cab" PayloadType="Canonical" />
      </Payload>
    </Package>
    <Package ID="Microsoft-Windows-NetworkController-Tools-FoD-Package~31bf3856ad364e35~AMD64~cs-cz~" InstalledSize="69863" Version="10.0.17763.1">
      <SatelliteInfo>
        <ApplyToInfo>
          <ApplyTo Type="language" Value="cs-CZ" />
        </ApplyToInfo>
      </SatelliteInfo>
      <Payload>
        <PayloadItem PayloadHash="xxcso/6iN/Cao2ySznR9f7Zqzxn/i+sT+f0HdP3QHMo=" PayloadSize="41563" Path="FeaturesOnDemand\cs-cz\cabs\Microsoft-Windows-NetworkController-Tools-FoD-Package~31bf3856ad364e35~AMD64~cs-cz~.cab" PayloadType="Canonical" />
      </Payload>
    </Package>
    <Package ID="Microsoft-Windows-NetworkLoadBalancing-Tools-FoD-Package~31bf3856ad364e35~AMD64~cs-cz~" InstalledSize="228823" Version="10.0.17763.1">
      <SatelliteInfo>
        <ApplyToInfo>
          <ApplyTo Type="language" Value="cs-CZ" />
        </ApplyToInfo>
      </SatelliteInfo>
      <Payload>
        <PayloadItem PayloadHash="xWNJklZoy26ku/FQyisE+30R/5x+iOgAnjfbcLFRUsI=" PayloadSize="56825" Path="FeaturesOnDemand\cs-cz\cabs\Microsoft-Windows-NetworkLoadBalancing-Tools-FoD-Package~31bf3856ad364e35~AMD64~cs-cz~.cab" PayloadType="Canonical" />
      </Payload>
    </Package>
    <Package ID="Microsoft-Windows-RasCMAK-Client-Package~31bf3856ad364e35~AMD64~cs-cz~" InstalledSize="226397" Version="10.0.17763.1">
      <SatelliteInfo>
        <ApplyToInfo>
          <ApplyTo Type="language" Value="cs-CZ" />
        </ApplyToInfo>
      </SatelliteInfo>
      <Payload>
        <PayloadItem PayloadHash="lTbc8+hxdsahASlWa4hj2j6za89B0SUUDv+KEReexQY=" PayloadSize="86048" Path="FeaturesOnDemand\cs-cz\cabs\Microsoft-Windows-RasCMAK-Client-Package~31bf3856ad364e35~AMD64~cs-cz~.cab" PayloadType="Canonical" />
      </Payload>
    </Package>
    <Package ID="Microsoft-Windows-RasCMAK-Client-Package~31bf3856ad364e35~wow64~cs-cz~" InstalledSize="492034" Version="10.0.17763.1">
      <SatelliteInfo>
        <ApplyToInfo>
          <ApplyTo Type="arch" Value="wow64" />
          <ApplyTo Type="language" Value="cs-CZ" />
        </ApplyToInfo>
      </SatelliteInfo>
      <Payload>
        <PayloadItem PayloadHash="za4fnNnx/SUTrr0qFCRgwAbBLRJqcyEeYv7p6mrVu/Q=" PayloadSize="361203" Path="FeaturesOnDemand\cs-cz\cabs\Microsoft-Windows-RasCMAK-Client-Package~31bf3856ad364e35~wow64~cs-cz~.cab" PayloadType="Canonical" />
      </Payload>
    </Package>
    <Package ID="Microsoft-Windows-RasRip-Package~31bf3856ad364e35~AMD64~cs-cz~" InstalledSize="27543" Version="10.0.17763.1">
      <SatelliteInfo>
        <ApplyToInfo>
          <ApplyTo Type="language" Value="cs-CZ" />
        </ApplyToInfo>
      </SatelliteInfo>
      <Payload>
        <PayloadItem PayloadHash="y5DDCYnHO7bKLDx+J+gTtDSzUdley9ytVh0QHRBlmeo=" PayloadSize="29109" Path="FeaturesOnDemand\cs-cz\cabs\Microsoft-Windows-RasRip-Package~31bf3856ad364e35~AMD64~cs-cz~.cab" PayloadType="Canonical" />
      </Payload>
    </Package>
    <Package ID="Microsoft-Windows-RemoteAccess-Management-Tools-FoD-Package~31bf3856ad364e35~AMD64~cs-cz~" InstalledSize="18621000" Version="10.0.17763.1">
      <SatelliteInfo>
        <ApplyToInfo>
          <ApplyTo Type="language" Value="cs-CZ" />
        </ApplyToInfo>
      </SatelliteInfo>
      <Payload>
        <PayloadItem PayloadHash="STagDULZv8HrSuOL2A7T4hq0Is/STozVXxSYapvDgSI=" PayloadSize="4052242" Path="FeaturesOnDemand\cs-cz\cabs\Microsoft-Windows-RemoteAccess-Management-Tools-FoD-Package~31bf3856ad364e35~AMD64~cs-cz~.cab" PayloadType="Canonical" />
      </Payload>
    </Package>
    <Package ID="Microsoft-Windows-RemoteAccess-Management-Tools-FoD-Package~31bf3856ad364e35~wow64~cs-cz~" InstalledSize="13719" Version="10.0.17763.1">
      <SatelliteInfo>
        <ApplyToInfo>
          <ApplyTo Type="arch" Value="wow64" />
          <ApplyTo Type="language" Value="cs-CZ" />
        </ApplyToInfo>
      </SatelliteInfo>
      <Payload>
        <PayloadItem PayloadHash="ihSxWwrsRQvwK3gE1C74c5+XO1sH/4jrMfDyGBzINq4=" PayloadSize="25711" Path="FeaturesOnDemand\cs-cz\cabs\Microsoft-Windows-RemoteAccess-Management-Tools-FoD-Package~31bf3856ad364e35~wow64~cs-cz~.cab" PayloadType="Canonical" />
      </Payload>
    </Package>
    <Package ID="Microsoft-Windows-RemoteDesktop-Services-Tools-FoD-Package~31bf3856ad364e35~AMD64~cs-cz~" InstalledSize="1527881" Version="10.0.17763.1">
      <SatelliteInfo>
        <ApplyToInfo>
          <ApplyTo Type="language" Value="cs-CZ" />
        </ApplyToInfo>
      </SatelliteInfo>
      <Payload>
        <PayloadItem PayloadHash="be8Lc2Z55TfzShuONN8XJmfEsKX8S7QQXgxSFcouCA8=" PayloadSize="259309" Path="FeaturesOnDemand\cs-cz\cabs\Microsoft-Windows-RemoteDesktop-Services-Tools-FoD-Package~31bf3856ad364e35~AMD64~cs-cz~.cab" PayloadType="Canonical" />
      </Payload>
    </Package>
    <Package ID="Microsoft-Windows-Server-AppCompat-FoD-Package~31bf3856ad364e35~AMD64~cs-cz~" InstalledSize="28344512" Version="10.0.17763.1">
      <SatelliteInfo>
        <ApplyToInfo>
          <ApplyTo Type="language" Value="cs-CZ" />
        </ApplyToInfo>
      </SatelliteInfo>
      <Payload>
        <PayloadItem PayloadHash="Nm7264/OhTtwerPZKfpf8pa5r82RjnKbhZFOPJLnsL8=" PayloadSize="5977185" Path="FeaturesOnDemand\cs-cz\cabs\Microsoft-Windows-Server-AppCompat-FoD-Package~31bf3856ad364e35~AMD64~cs-cz~.cab" PayloadType="Canonical" />
      </Payload>
    </Package>
    <Package ID="Microsoft-Windows-ServerManager-Tools-FoD-Package~31bf3856ad364e35~AMD64~cs-cz~" InstalledSize="11989692" Version="10.0.17763.1">
      <SatelliteInfo>
        <ApplyToInfo>
          <ApplyTo Type="language" Value="cs-CZ" />
        </ApplyToInfo>
      </SatelliteInfo>
      <Payload>
        <PayloadItem PayloadHash="9M8WI9Qjdnz8rKUhi3eL0ryN9aRLllrtteGr8drX51o=" PayloadSize="1943277" Path="FeaturesOnDemand\cs-cz\cabs\Microsoft-Windows-ServerManager-Tools-FoD-Package~31bf3856ad364e35~AMD64~cs-cz~.cab" PayloadType="Canonical" />
      </Payload>
    </Package>
    <Package ID="Microsoft-Windows-ServerManager-Tools-FoD-Package~31bf3856ad364e35~wow64~cs-cz~" InstalledSize="1225284" Version="10.0.17763.1">
      <SatelliteInfo>
        <ApplyToInfo>
          <ApplyTo Type="arch" Value="wow64" />
          <ApplyTo Type="language" Value="cs-CZ" />
        </ApplyToInfo>
      </SatelliteInfo>
      <Payload>
        <PayloadItem PayloadHash="T6ZzBqHE3jMQOd/Mi9DPmq22jU612AYWTRNegIAeKNs=" PayloadSize="325556" Path="FeaturesOnDemand\cs-cz\cabs\Microsoft-Windows-ServerManager-Tools-FoD-Package~31bf3856ad364e35~wow64~cs-cz~.cab" PayloadType="Canonical" />
      </Payload>
    </Package>
    <Package ID="Microsoft-Windows-Shielded-VM-Tools-FoD-Package~31bf3856ad364e35~AMD64~cs-cz~" InstalledSize="397948" Version="10.0.17763.1">
      <SatelliteInfo>
        <ApplyToInfo>
          <ApplyTo Type="language" Value="cs-CZ" />
        </ApplyToInfo>
      </SatelliteInfo>
      <Payload>
        <PayloadItem PayloadHash="aXdK6YiVuJkMQaHLteKUFWiujnUxHrAyXteM9Ssrxcw=" PayloadSize="106400" Path="FeaturesOnDemand\cs-cz\cabs\Microsoft-Windows-Shielded-VM-Tools-FoD-Package~31bf3856ad364e35~AMD64~cs-cz~.cab" PayloadType="Canonical" />
      </Payload>
    </Package>
    <Package ID="Microsoft-Windows-SNMP-Client-Package~31bf3856ad364e35~AMD64~cs-cz~" InstalledSize="135047" Version="10.0.17763.1">
      <SatelliteInfo>
        <ApplyToInfo>
          <ApplyTo Type="language" Value="cs-CZ" />
        </ApplyToInfo>
      </SatelliteInfo>
      <Payload>
        <PayloadItem PayloadHash="f21ZDAvpC+Rb1qLJIPDuSb76wFyypbHycylfXYPOiUQ=" PayloadSize="50217" Path="FeaturesOnDemand\cs-cz\cabs\Microsoft-Windows-SNMP-Client-Package~31bf3856ad364e35~AMD64~cs-cz~.cab" PayloadType="Canonical" />
      </Payload>
    </Package>
    <Package ID="Microsoft-Windows-SNMP-Client-Package~31bf3856ad364e35~wow64~cs-cz~" InstalledSize="136015" Version="10.0.17763.1">
      <SatelliteInfo>
        <ApplyToInfo>
          <ApplyTo Type="arch" Value="wow64" />
          <ApplyTo Type="language" Value="cs-CZ" />
        </ApplyToInfo>
      </SatelliteInfo>
      <Payload>
        <PayloadItem PayloadHash="5uAhx784TEphBAXJ9ZFJwrve/fuU4W3aEV3tVd36iCQ=" PayloadSize="50617" Path="FeaturesOnDemand\cs-cz\cabs\Microsoft-Windows-SNMP-Client-Package~31bf3856ad364e35~wow64~cs-cz~.cab" PayloadType="Canonical" />
      </Payload>
    </Package>
    <Package ID="Microsoft-Windows-StorageManagement-FoD-Package~31bf3856ad364e35~AMD64~cs-cz~" InstalledSize="1619272" Version="10.0.17763.1">
      <SatelliteInfo>
        <ApplyToInfo>
          <ApplyTo Type="language" Value="cs-CZ" />
        </ApplyToInfo>
      </SatelliteInfo>
      <Payload>
        <PayloadItem PayloadHash="ZPxM8FvIa0sUH/E/LGl6r8WexUqa0AuV1EHZFmeIz+A=" PayloadSize="132773" Path="FeaturesOnDemand\cs-cz\cabs\Microsoft-Windows-StorageManagement-FoD-Package~31bf3856ad364e35~AMD64~cs-cz~.cab" PayloadType="Canonical" />
      </Payload>
    </Package>
    <Package ID="Microsoft-Windows-StorageManagement-FoD-Package~31bf3856ad364e35~wow64~cs-cz~" InstalledSize="1119351" Version="10.0.17763.1">
      <SatelliteInfo>
        <ApplyToInfo>
          <ApplyTo Type="arch" Value="wow64" />
          <ApplyTo Type="language" Value="cs-CZ" />
        </ApplyToInfo>
      </SatelliteInfo>
      <Payload>
        <PayloadItem PayloadHash="3mIssST76UkoY8H815fv/Q5vPevli8OF15B4nJRbTQc=" PayloadSize="96926" Path="FeaturesOnDemand\cs-cz\cabs\Microsoft-Windows-StorageManagement-FoD-Package~31bf3856ad364e35~wow64~cs-cz~.cab" PayloadType="Canonical" />
      </Payload>
    </Package>
    <Package ID="Microsoft-Windows-StorageMigrationService-Management-Tools-FOD-Package~31bf3856ad364e35~AMD64~cs-cz~" InstalledSize="56987" Version="10.0.17763.1">
      <SatelliteInfo>
        <ApplyToInfo>
          <ApplyTo Type="language" Value="cs-CZ" />
        </ApplyToInfo>
      </SatelliteInfo>
      <Payload>
        <PayloadItem PayloadHash="iNrJVPPDCefq8QOIhJEXQrhI+Y337O7nQ7p+TIgojy8=" PayloadSize="36349" Path="FeaturesOnDemand\cs-cz\cabs\Microsoft-Windows-StorageMigrationService-Management-Tools-FOD-Package~31bf3856ad364e35~AMD64~cs-cz~.cab" PayloadType="Canonical" />
      </Payload>
    </Package>
    <Package ID="Microsoft-Windows-StorageReplica-Tools-FoD-Package~31bf3856ad364e35~AMD64~cs-cz~" InstalledSize="401658" Version="10.0.17763.1">
      <SatelliteInfo>
        <ApplyToInfo>
          <ApplyTo Type="language" Value="cs-CZ" />
        </ApplyToInfo>
      </SatelliteInfo>
      <Payload>
        <PayloadItem PayloadHash="Fg7QDQdiAcS/QyCiEbA9H0z3RMs3mh7RzRCHvQ9mBDY=" PayloadSize="72497" Path="FeaturesOnDemand\cs-cz\cabs\Microsoft-Windows-StorageReplica-Tools-FoD-Package~31bf3856ad364e35~AMD64~cs-cz~.cab" PayloadType="Canonical" />
      </Payload>
    </Package>
    <Package ID="Microsoft-Windows-SystemInsights-Management-Tools-FOD-Package~31bf3856ad364e35~AMD64~cs-cz~" InstalledSize="41654" Version="10.0.17763.1">
      <SatelliteInfo>
        <ApplyToInfo>
          <ApplyTo Type="language" Value="cs-CZ" />
        </ApplyToInfo>
      </SatelliteInfo>
      <Payload>
        <PayloadItem PayloadHash="5W27oufLgxG4nyuU6i8HDE+jqMwKrwRy1SXg+6jY43I=" PayloadSize="33416" Path="FeaturesOnDemand\cs-cz\cabs\Microsoft-Windows-SystemInsights-Management-Tools-FOD-Package~31bf3856ad364e35~AMD64~cs-cz~.cab" PayloadType="Canonical" />
      </Payload>
    </Package>
    <Package ID="Microsoft-Windows-VolumeActivation-Tools-FoD-Package~31bf3856ad364e35~AMD64~cs-cz~" InstalledSize="227477" Version="10.0.17763.1">
      <SatelliteInfo>
        <ApplyToInfo>
          <ApplyTo Type="language" Value="cs-CZ" />
        </ApplyToInfo>
      </SatelliteInfo>
      <Payload>
        <PayloadItem PayloadHash="1VZUeyrWsOC7Z5R4XrcYPMocZ5MpzyOcy12XEd92xoM=" PayloadSize="148449" Path="FeaturesOnDemand\cs-cz\cabs\Microsoft-Windows-VolumeActivation-Tools-FoD-Package~31bf3856ad364e35~AMD64~cs-cz~.cab" PayloadType="Canonical" />
      </Payload>
    </Package>
    <Package ID="Microsoft-Windows-WMI-SNMP-Provider-Client-Package~31bf3856ad364e35~AMD64~cs-cz~" InstalledSize="57408" Version="10.0.17763.1">
      <SatelliteInfo>
        <ApplyToInfo>
          <ApplyTo Type="language" Value="cs-CZ" />
        </ApplyToInfo>
      </SatelliteInfo>
      <Payload>
        <PayloadItem PayloadHash="0Rgq9zbPbRVQIaq2/pOxitdwAIHJqWmFVBrHYHcGu+I=" PayloadSize="34919" Path="FeaturesOnDemand\cs-cz\cabs\Microsoft-Windows-WMI-SNMP-Provider-Client-Package~31bf3856ad364e35~AMD64~cs-cz~.cab" PayloadType="Canonical" />
      </Payload>
    </Package>
    <Package ID="Microsoft-Windows-WMI-SNMP-Provider-Client-Package~31bf3856ad364e35~wow64~cs-cz~" InstalledSize="57262" Version="10.0.17763.1">
      <SatelliteInfo>
        <ApplyToInfo>
          <ApplyTo Type="arch" Value="wow64" />
          <ApplyTo Type="language" Value="cs-CZ" />
        </ApplyToInfo>
      </SatelliteInfo>
      <Payload>
        <PayloadItem PayloadHash="2dtQXgd4wijLmgftskib/QePUaC40ihu2RoP1ltCvTU=" PayloadSize="35227" Path="FeaturesOnDemand\cs-cz\cabs\Microsoft-Windows-WMI-SNMP-Provider-Client-Package~31bf3856ad364e35~wow64~cs-cz~.cab" PayloadType="Canonical" />
      </Payload>
    </Package>
    <Package ID="Microsoft-Windows-WSUS-Tools-FoD-Package~31bf3856ad364e35~AMD64~cs-cz~" InstalledSize="2955921" Version="10.0.17763.1">
      <SatelliteInfo>
        <ApplyToInfo>
          <ApplyTo Type="language" Value="cs-CZ" />
        </ApplyToInfo>
      </SatelliteInfo>
      <Payload>
        <PayloadItem PayloadHash="/4teKRUGl4pONjv2SpiuNlBEvwIjA2D1H0n1a+N2ZJo=" PayloadSize="371028" Path="FeaturesOnDemand\cs-cz\cabs\Microsoft-Windows-WSUS-Tools-FoD-Package~31bf3856ad364e35~AMD64~cs-cz~.cab" PayloadType="Canonical" />
      </Payload>
    </Package>
  </Packages>
</CompDB>