<?xml version="1.0" encoding="utf-8"?>
<CompDB xmlns:xsi="http://www.w3.org/2001/XMLSchema-instance" xmlns:xsd="http://www.w3.org/2001/XMLSchema" CreatedDate="2018-11-15T21:32:20.8209806Z" Revision="1" SchemaVersion="1.2" Product="Desktop" BuildID="80154b57-1148-3590-c1b9-d2ce93ee1fac" BuildInfo="rs5_release.17763.1.180914-1434" OSVersion="10.0.17763.1" BuildArch="amd64" ReleaseType="Production" Type="Build" xmlns="http://schemas.microsoft.com/embedded/2004/10/ImageUpdate">
  <Tags Type="Language">
    <Tag Name="Language" Value="fr-FR" />
    <Tag Name="UpdateType" Value="Canonical" />
  </Tags>
  <Features>
    <Feature Type="LanguagePack" FeatureID="Language.UI.Server~fr-fr" FMID="MSDL" Group="Microsoft">
      <Packages>
        <Package ID="Microsoft-Windows-Server-LanguagePack-Package_fr-fr~31bf3856ad364e35~amd64~fr-fr~" PackageType="FeaturePackage" />
      </Packages>
    </Feature>
    <Feature Type="OnDemandFeature" FeatureID="Microsoft.Onecore.StorageManagement~~1.0" FMID="MSDN" Group="Microsoft">
      <Packages>
        <Package ID="Microsoft-OneCore-StorageManagement-FoD-Package~31bf3856ad364e35~AMD64~fr-fr~" PackageType="SatellitePackage" />
        <Package ID="Microsoft-OneCore-StorageManagement-FoD-Package~31bf3856ad364e35~wow64~fr-fr~" PackageType="SatellitePackage" />
      </Packages>
    </Feature>
    <Feature Type="OnDemandFeature" FeatureID="Rsat.ActiveDirectory.DS-LDS.Tools~~1.0" FMID="MSDN" Group="Microsoft">
      <Dependencies>
        <Feature FeatureID="Rsat.ServerManager.Tools~~1.0" />
      </Dependencies>
      <Packages>
        <Package ID="Microsoft-Windows-ActiveDirectory-DS-LDS-Tools-FoD-Package~31bf3856ad364e35~AMD64~fr-fr~" PackageType="SatellitePackage" />
        <Package ID="Microsoft-Windows-ActiveDirectory-DS-LDS-Tools-FoD-Package~31bf3856ad364e35~wow64~fr-fr~" PackageType="SatellitePackage" />
      </Packages>
    </Feature>
    <Feature Type="OnDemandFeature" FeatureID="Rsat.BitLocker.Recovery.Tools~~1.0" FMID="MSDN" Group="Microsoft">
      <Dependencies>
        <Feature FeatureID="Rsat.ActiveDirectory.DS-LDS.Tools~~1.0" />
      </Dependencies>
      <Packages>
        <Package ID="Microsoft-Windows-BitLocker-Recovery-Tools-FoD-Package~31bf3856ad364e35~AMD64~fr-fr~" PackageType="SatellitePackage" />
      </Packages>
    </Feature>
    <Feature Type="OnDemandFeature" FeatureID="Rsat.CertificateServices.Tools~~1.0" FMID="MSDN" Group="Microsoft">
      <Packages>
        <Package ID="Microsoft-Windows-CertificateServices-Tools-FoD-Package~31bf3856ad364e35~AMD64~fr-fr~" PackageType="SatellitePackage" />
      </Packages>
    </Feature>
    <Feature Type="OnDemandFeature" FeatureID="Rsat.DHCP.Tools~~1.0" FMID="MSDN" Group="Microsoft">
      <Packages>
        <Package ID="Microsoft-Windows-DHCP-Tools-FoD-Package~31bf3856ad364e35~AMD64~fr-fr~" PackageType="SatellitePackage" />
        <Package ID="Microsoft-Windows-DHCP-Tools-FoD-Package~31bf3856ad364e35~wow64~fr-fr~" PackageType="SatellitePackage" />
      </Packages>
    </Feature>
    <Feature Type="OnDemandFeature" FeatureID="Rsat.Dns.Tools~~1.0" FMID="MSDN" Group="Microsoft">
      <Packages>
        <Package ID="Microsoft-Windows-DNS-Tools-FoD-Package~31bf3856ad364e35~AMD64~fr-fr~" PackageType="SatellitePackage" />
        <Package ID="Microsoft-Windows-DNS-Tools-FoD-Package~31bf3856ad364e35~wow64~fr-fr~" PackageType="SatellitePackage" />
      </Packages>
    </Feature>
    <Feature Type="OnDemandFeature" FeatureID="Rsat.FailoverCluster.Management.Tools~~1.0" FMID="MSDN" Group="Microsoft">
      <Dependencies>
        <Feature FeatureID="Rsat.FileServices.Tools~~1.0" />
      </Dependencies>
      <Packages>
        <Package ID="Microsoft-Windows-FailoverCluster-Management-Tools-FOD-Package~31bf3856ad364e35~AMD64~fr-fr~" PackageType="SatellitePackage" />
        <Package ID="Microsoft-Windows-FailoverCluster-Management-Tools-FOD-Package~31bf3856ad364e35~wow64~fr-fr~" PackageType="SatellitePackage" />
      </Packages>
    </Feature>
    <Feature Type="OnDemandFeature" FeatureID="Rsat.FileServices.Tools~~1.0" FMID="MSDN" Group="Microsoft">
      <Dependencies>
        <Feature FeatureID="Rsat.ServerManager.Tools~~1.0" />
      </Dependencies>
      <Packages>
        <Package ID="Microsoft-Windows-FileServices-Tools-FoD-Package~31bf3856ad364e35~AMD64~fr-fr~" PackageType="SatellitePackage" />
        <Package ID="Microsoft-Windows-FileServices-Tools-FoD-Package~31bf3856ad364e35~wow64~fr-fr~" PackageType="SatellitePackage" />
      </Packages>
    </Feature>
    <Feature Type="OnDemandFeature" FeatureID="Rsat.GroupPolicy.Management.Tools~~1.0" FMID="MSDN" Group="Microsoft">
      <Packages>
        <Package ID="Microsoft-Windows-GroupPolicy-Management-Tools-FoD-Package~31bf3856ad364e35~AMD64~fr-fr~" PackageType="SatellitePackage" />
        <Package ID="Microsoft-Windows-GroupPolicy-Management-Tools-FoD-Package~31bf3856ad364e35~wow64~fr-fr~" PackageType="SatellitePackage" />
      </Packages>
    </Feature>
    <Feature Type="OnDemandFeature" FeatureID="Rsat.IPAM.Client.Tools~~1.0" FMID="MSDN" Group="Microsoft">
      <Dependencies>
        <Feature FeatureID="Rsat.ServerManager.Tools~~1.0" />
      </Dependencies>
      <Packages>
        <Package ID="Microsoft-Windows-IPAM-Client-FoD-Package~31bf3856ad364e35~AMD64~fr-fr~" PackageType="SatellitePackage" />
        <Package ID="Microsoft-Windows-IPAM-Client-FoD-Package~31bf3856ad364e35~wow64~fr-fr~" PackageType="SatellitePackage" />
      </Packages>
    </Feature>
    <Feature Type="OnDemandFeature" FeatureID="Rsat.NetworkController.Tools~~1.0" FMID="MSDN" Group="Microsoft">
      <Packages>
        <Package ID="Microsoft-Windows-NetworkController-Tools-FoD-Package~31bf3856ad364e35~AMD64~fr-fr~" PackageType="SatellitePackage" />
      </Packages>
    </Feature>
    <Feature Type="OnDemandFeature" FeatureID="Rsat.NetworkLoadBalancing.Tools~~1.0" FMID="MSDN" Group="Microsoft">
      <Packages>
        <Package ID="Microsoft-Windows-NetworkLoadBalancing-Tools-FoD-Package~31bf3856ad364e35~AMD64~fr-fr~" PackageType="SatellitePackage" />
      </Packages>
    </Feature>
    <Feature Type="OnDemandFeature" FeatureID="RasCMAK.Client~~1.0" FMID="MSDN" Group="Microsoft">
      <Packages>
        <Package ID="Microsoft-Windows-RasCMAK-Client-Package~31bf3856ad364e35~AMD64~fr-fr~" PackageType="SatellitePackage" />
        <Package ID="Microsoft-Windows-RasCMAK-Client-Package~31bf3856ad364e35~wow64~fr-fr~" PackageType="SatellitePackage" />
      </Packages>
    </Feature>
    <Feature Type="OnDemandFeature" FeatureID="RIP.Listener~~1.0" FMID="MSDN" Group="Microsoft">
      <Packages>
        <Package ID="Microsoft-Windows-RasRip-Package~31bf3856ad364e35~AMD64~fr-fr~" PackageType="SatellitePackage" />
      </Packages>
    </Feature>
    <Feature Type="OnDemandFeature" FeatureID="Rsat.RemoteAccess.Management.Tools~~1.0" FMID="MSDN" Group="Microsoft">
      <Dependencies>
        <Feature FeatureID="Rsat.GroupPolicy.Management.Tools~~1.0" />
        <Feature FeatureID="Rsat.ServerManager.Tools~~1.0" />
      </Dependencies>
      <Packages>
        <Package ID="Microsoft-Windows-RemoteAccess-Management-Tools-FoD-Package~31bf3856ad364e35~AMD64~fr-fr~" PackageType="SatellitePackage" />
        <Package ID="Microsoft-Windows-RemoteAccess-Management-Tools-FoD-Package~31bf3856ad364e35~wow64~fr-fr~" PackageType="SatellitePackage" />
      </Packages>
    </Feature>
    <Feature Type="OnDemandFeature" FeatureID="Rsat.RemoteDesktop.Services.Tools~~1.0" FMID="MSDN" Group="Microsoft">
      <Packages>
        <Package ID="Microsoft-Windows-RemoteDesktop-Services-Tools-FoD-Package~31bf3856ad364e35~AMD64~fr-fr~" PackageType="SatellitePackage" />
      </Packages>
    </Feature>
    <Feature Type="OnDemandFeature" FeatureID="ServerCore.AppCompatibility~~1.0" FMID="MSDN" Group="Microsoft">
      <Packages>
        <Package ID="Microsoft-Windows-Server-AppCompat-FoD-Package~31bf3856ad364e35~AMD64~fr-fr~" PackageType="SatellitePackage" />
      </Packages>
    </Feature>
    <Feature Type="OnDemandFeature" FeatureID="Rsat.ServerManager.Tools~~1.0" FMID="MSDN" Group="Microsoft">
      <Packages>
        <Package ID="Microsoft-Windows-ServerManager-Tools-FoD-Package~31bf3856ad364e35~AMD64~fr-fr~" PackageType="SatellitePackage" />
        <Package ID="Microsoft-Windows-ServerManager-Tools-FoD-Package~31bf3856ad364e35~wow64~fr-fr~" PackageType="SatellitePackage" />
      </Packages>
    </Feature>
    <Feature Type="OnDemandFeature" FeatureID="Rsat.Shielded.VM.Tools~~1.0" FMID="MSDN" Group="Microsoft">
      <Dependencies>
        <Feature FeatureID="Rsat.ServerManager.Tools~~1.0" />
      </Dependencies>
      <Packages>
        <Package ID="Microsoft-Windows-Shielded-VM-Tools-FoD-Package~31bf3856ad364e35~AMD64~fr-fr~" PackageType="SatellitePackage" />
      </Packages>
    </Feature>
    <Feature Type="OnDemandFeature" FeatureID="SNMP.Client~~1.0" FMID="MSDN" Group="Microsoft">
      <Packages>
        <Package ID="Microsoft-Windows-SNMP-Client-Package~31bf3856ad364e35~AMD64~fr-fr~" PackageType="SatellitePackage" />
        <Package ID="Microsoft-Windows-SNMP-Client-Package~31bf3856ad364e35~wow64~fr-fr~" PackageType="SatellitePackage" />
      </Packages>
    </Feature>
    <Feature Type="OnDemandFeature" FeatureID="Microsoft.Windows.StorageManagement~~1.0" FMID="MSDN" Group="Microsoft">
      <Packages>
        <Package ID="Microsoft-Windows-StorageManagement-FoD-Package~31bf3856ad364e35~AMD64~fr-fr~" PackageType="SatellitePackage" />
        <Package ID="Microsoft-Windows-StorageManagement-FoD-Package~31bf3856ad364e35~wow64~fr-fr~" PackageType="SatellitePackage" />
      </Packages>
    </Feature>
    <Feature Type="OnDemandFeature" FeatureID="Rsat.StorageMigrationService.Management.Tools~~1.0" FMID="MSDN" Group="Microsoft">
      <Packages>
        <Package ID="Microsoft-Windows-StorageMigrationService-Management-Tools-FOD-Package~31bf3856ad364e35~AMD64~fr-fr~" PackageType="SatellitePackage" />
      </Packages>
    </Feature>
    <Feature Type="OnDemandFeature" FeatureID="Rsat.StorageReplica.Tools~~1.0" FMID="MSDN" Group="Microsoft">
      <Packages>
        <Package ID="Microsoft-Windows-StorageReplica-Tools-FoD-Package~31bf3856ad364e35~AMD64~fr-fr~" PackageType="SatellitePackage" />
      </Packages>
    </Feature>
    <Feature Type="OnDemandFeature" FeatureID="Rsat.SystemInsights.Management.Tools~~1.0" FMID="MSDN" Group="Microsoft">
      <Packages>
        <Package ID="Microsoft-Windows-SystemInsights-Management-Tools-FOD-Package~31bf3856ad364e35~AMD64~fr-fr~" PackageType="SatellitePackage" />
      </Packages>
    </Feature>
    <Feature Type="OnDemandFeature" FeatureID="Rsat.VolumeActivation.Tools~~1.0" FMID="MSDN" Group="Microsoft">
      <Packages>
        <Package ID="Microsoft-Windows-VolumeActivation-Tools-FoD-Package~31bf3856ad364e35~AMD64~fr-fr~" PackageType="SatellitePackage" />
      </Packages>
    </Feature>
    <Feature Type="OnDemandFeature" FeatureID="WMI-SNMP-Provider.Client~~1.0" FMID="MSDN" Group="Microsoft">
      <Dependencies>
        <Feature FeatureID="SNMP.Client~~1.0" />
      </Dependencies>
      <Packages>
        <Package ID="Microsoft-Windows-WMI-SNMP-Provider-Client-Package~31bf3856ad364e35~AMD64~fr-fr~" PackageType="SatellitePackage" />
        <Package ID="Microsoft-Windows-WMI-SNMP-Provider-Client-Package~31bf3856ad364e35~wow64~fr-fr~" PackageType="SatellitePackage" />
      </Packages>
    </Feature>
    <Feature Type="OnDemandFeature" FeatureID="Rsat.WSUS.Tools~~1.0" FMID="MSDN" Group="Microsoft">
      <Packages>
        <Package ID="Microsoft-Windows-WSUS-Tools-FoD-Package~31bf3856ad364e35~AMD64~fr-fr~" PackageType="SatellitePackage" />
      </Packages>
    </Feature>
  </Features>
  <Packages>
    <Package ID="Microsoft-Windows-Server-LanguagePack-Package_fr-fr~31bf3856ad364e35~amd64~fr-fr~" InstalledSize="1185300397" Version="10.0.17763.1">
      <SatelliteInfo>
        <DeclareInfo>
          <Declare Type="language" Value="fr-FR" />
        </DeclareInfo>
      </SatelliteInfo>
      <Payload>
        <PayloadItem PayloadHash="nFzyXzu2lz1BO/H8V27v2RrxiMrbUo9wOUipSXui7+4=" PayloadSize="39759828" Path="UUP\Desktop\editionpackages\Server\fr-fr\Microsoft-Windows-Server-LanguagePack-Package_fr-fr~31bf3856ad364e35~amd64~fr-fr~.esd" PayloadType="Canonical" />
      </Payload>
    </Package>
    <Package ID="Microsoft-OneCore-StorageManagement-FoD-Package~31bf3856ad364e35~AMD64~fr-fr~" InstalledSize="1971728" Version="10.0.17763.1">
      <SatelliteInfo>
        <ApplyToInfo>
          <ApplyTo Type="language" Value="fr-FR" />
        </ApplyToInfo>
      </SatelliteInfo>
      <Payload>
        <PayloadItem PayloadHash="bP2uQsmpGBoongxa2aH1B5Iw6KvxQWq2rrMKKlIUD10=" PayloadSize="134701" Path="FeaturesOnDemand\fr-fr\cabs\Microsoft-OneCore-StorageManagement-FoD-Package~31bf3856ad364e35~AMD64~fr-fr~.cab" PayloadType="Canonical" />
      </Payload>
    </Package>
    <Package ID="Microsoft-OneCore-StorageManagement-FoD-Package~31bf3856ad364e35~wow64~fr-fr~" InstalledSize="1079717" Version="10.0.17763.1">
      <SatelliteInfo>
        <ApplyToInfo>
          <ApplyTo Type="arch" Value="wow64" />
          <ApplyTo Type="language" Value="fr-FR" />
        </ApplyToInfo>
      </SatelliteInfo>
      <Payload>
        <PayloadItem PayloadHash="RAr8pog/Onoy1fINXHXLsfCfZFf2fdjBHtI3/48qKh8=" PayloadSize="88868" Path="FeaturesOnDemand\fr-fr\cabs\Microsoft-OneCore-StorageManagement-FoD-Package~31bf3856ad364e35~wow64~fr-fr~.cab" PayloadType="Canonical" />
      </Payload>
    </Package>
    <Package ID="Microsoft-Windows-ActiveDirectory-DS-LDS-Tools-FoD-Package~31bf3856ad364e35~AMD64~fr-fr~" InstalledSize="6244635" Version="10.0.17763.1">
      <SatelliteInfo>
        <ApplyToInfo>
          <ApplyTo Type="language" Value="fr-FR" />
        </ApplyToInfo>
      </SatelliteInfo>
      <Payload>
        <PayloadItem PayloadHash="vbBR78gwG8okwKF7+cQgQGxZkCTdZGXpzqqVlIMwVGM=" PayloadSize="813693" Path="FeaturesOnDemand\fr-fr\cabs\Microsoft-Windows-ActiveDirectory-DS-LDS-Tools-FoD-Package~31bf3856ad364e35~AMD64~fr-fr~.cab" PayloadType="Canonical" />
      </Payload>
    </Package>
    <Package ID="Microsoft-Windows-ActiveDirectory-DS-LDS-Tools-FoD-Package~31bf3856ad364e35~wow64~fr-fr~" InstalledSize="827009" Version="10.0.17763.1">
      <SatelliteInfo>
        <ApplyToInfo>
          <ApplyTo Type="arch" Value="wow64" />
          <ApplyTo Type="language" Value="fr-FR" />
        </ApplyToInfo>
      </SatelliteInfo>
      <Payload>
        <PayloadItem PayloadHash="cnEicV+IxwJal9HyBhqC4qF+j9iBWjcAvxJ1lB5Upgc=" PayloadSize="110239" Path="FeaturesOnDemand\fr-fr\cabs\Microsoft-Windows-ActiveDirectory-DS-LDS-Tools-FoD-Package~31bf3856ad364e35~wow64~fr-fr~.cab" PayloadType="Canonical" />
      </Payload>
    </Package>
    <Package ID="Microsoft-Windows-BitLocker-Recovery-Tools-FoD-Package~31bf3856ad364e35~AMD64~fr-fr~" InstalledSize="35689" Version="10.0.17763.1">
      <SatelliteInfo>
        <ApplyToInfo>
          <ApplyTo Type="language" Value="fr-FR" />
        </ApplyToInfo>
      </SatelliteInfo>
      <Payload>
        <PayloadItem PayloadHash="0lQ0qiq/YUX5aHYyK6y2ooIR5hl0RFoibVnlfg7WLg4=" PayloadSize="31352" Path="FeaturesOnDemand\fr-fr\cabs\Microsoft-Windows-BitLocker-Recovery-Tools-FoD-Package~31bf3856ad364e35~AMD64~fr-fr~.cab" PayloadType="Canonical" />
      </Payload>
    </Package>
    <Package ID="Microsoft-Windows-CertificateServices-Tools-FoD-Package~31bf3856ad364e35~AMD64~fr-fr~" InstalledSize="1070991" Version="10.0.17763.1">
      <SatelliteInfo>
        <ApplyToInfo>
          <ApplyTo Type="language" Value="fr-FR" />
        </ApplyToInfo>
      </SatelliteInfo>
      <Payload>
        <PayloadItem PayloadHash="UcAHCQr999eKJPmCorf61LEOztWsWHZbOjZ3iAJ7hJc=" PayloadSize="154914" Path="FeaturesOnDemand\fr-fr\cabs\Microsoft-Windows-CertificateServices-Tools-FoD-Package~31bf3856ad364e35~AMD64~fr-fr~.cab" PayloadType="Canonical" />
      </Payload>
    </Package>
    <Package ID="Microsoft-Windows-DHCP-Tools-FoD-Package~31bf3856ad364e35~AMD64~fr-fr~" InstalledSize="1912433" Version="10.0.17763.1">
      <SatelliteInfo>
        <ApplyToInfo>
          <ApplyTo Type="language" Value="fr-FR" />
        </ApplyToInfo>
      </SatelliteInfo>
      <Payload>
        <PayloadItem PayloadHash="YI583MhmZwjZCtkQ+t/CHztMQ4bqJSwlratWiJ4Cw98=" PayloadSize="173794" Path="FeaturesOnDemand\fr-fr\cabs\Microsoft-Windows-DHCP-Tools-FoD-Package~31bf3856ad364e35~AMD64~fr-fr~.cab" PayloadType="Canonical" />
      </Payload>
    </Package>
    <Package ID="Microsoft-Windows-DHCP-Tools-FoD-Package~31bf3856ad364e35~wow64~fr-fr~" InstalledSize="523742" Version="10.0.17763.1">
      <SatelliteInfo>
        <ApplyToInfo>
          <ApplyTo Type="arch" Value="wow64" />
          <ApplyTo Type="language" Value="fr-FR" />
        </ApplyToInfo>
      </SatelliteInfo>
      <Payload>
        <PayloadItem PayloadHash="v93Z1Fi0CZHreBrHhV2r66MYJR7TJSHp2RhL9lOyE3o=" PayloadSize="70607" Path="FeaturesOnDemand\fr-fr\cabs\Microsoft-Windows-DHCP-Tools-FoD-Package~31bf3856ad364e35~wow64~fr-fr~.cab" PayloadType="Canonical" />
      </Payload>
    </Package>
    <Package ID="Microsoft-Windows-DNS-Tools-FoD-Package~31bf3856ad364e35~AMD64~fr-fr~" InstalledSize="2047772" Version="10.0.17763.1">
      <SatelliteInfo>
        <ApplyToInfo>
          <ApplyTo Type="language" Value="fr-FR" />
        </ApplyToInfo>
      </SatelliteInfo>
      <Payload>
        <PayloadItem PayloadHash="x8W9eAW8V7vQNmsKrl+lkf3iYTQvtJ1wWqNP422WRiI=" PayloadSize="208240" Path="FeaturesOnDemand\fr-fr\cabs\Microsoft-Windows-DNS-Tools-FoD-Package~31bf3856ad364e35~AMD64~fr-fr~.cab" PayloadType="Canonical" />
      </Payload>
    </Package>
    <Package ID="Microsoft-Windows-DNS-Tools-FoD-Package~31bf3856ad364e35~wow64~fr-fr~" InstalledSize="13653" Version="10.0.17763.1">
      <SatelliteInfo>
        <ApplyToInfo>
          <ApplyTo Type="arch" Value="wow64" />
          <ApplyTo Type="language" Value="fr-FR" />
        </ApplyToInfo>
      </SatelliteInfo>
      <Payload>
        <PayloadItem PayloadHash="EEnuBURaTG7H9jbP3Fr3S235O8Bgl5nR5LHfrAP6M4M=" PayloadSize="25535" Path="FeaturesOnDemand\fr-fr\cabs\Microsoft-Windows-DNS-Tools-FoD-Package~31bf3856ad364e35~wow64~fr-fr~.cab" PayloadType="Canonical" />
      </Payload>
    </Package>
    <Package ID="Microsoft-Windows-FailoverCluster-Management-Tools-FOD-Package~31bf3856ad364e35~AMD64~fr-fr~" InstalledSize="9130633" Version="10.0.17763.1">
      <SatelliteInfo>
        <ApplyToInfo>
          <ApplyTo Type="language" Value="fr-FR" />
        </ApplyToInfo>
      </SatelliteInfo>
      <Payload>
        <PayloadItem PayloadHash="X4+grQJYZFkRJjUbsHvTsR4W6JRAe/zxVm7Z0lDo7tQ=" PayloadSize="2367604" Path="FeaturesOnDemand\fr-fr\cabs\Microsoft-Windows-FailoverCluster-Management-Tools-FOD-Package~31bf3856ad364e35~AMD64~fr-fr~.cab" PayloadType="Canonical" />
      </Payload>
    </Package>
    <Package ID="Microsoft-Windows-FailoverCluster-Management-Tools-FOD-Package~31bf3856ad364e35~wow64~fr-fr~" InstalledSize="80161" Version="10.0.17763.1">
      <SatelliteInfo>
        <ApplyToInfo>
          <ApplyTo Type="arch" Value="wow64" />
          <ApplyTo Type="language" Value="fr-FR" />
        </ApplyToInfo>
      </SatelliteInfo>
      <Payload>
        <PayloadItem PayloadHash="QJimFZ+Xs5NpoQAKZI0uviu0ehfovoGGQbCeG11Xyeo=" PayloadSize="40376" Path="FeaturesOnDemand\fr-fr\cabs\Microsoft-Windows-FailoverCluster-Management-Tools-FOD-Package~31bf3856ad364e35~wow64~fr-fr~.cab" PayloadType="Canonical" />
      </Payload>
    </Package>
    <Package ID="Microsoft-Windows-FileServices-Tools-FoD-Package~31bf3856ad364e35~AMD64~fr-fr~" InstalledSize="4389028" Version="10.0.17763.1">
      <SatelliteInfo>
        <ApplyToInfo>
          <ApplyTo Type="language" Value="fr-FR" />
        </ApplyToInfo>
      </SatelliteInfo>
      <Payload>
        <PayloadItem PayloadHash="Q2CW9tp088LkAVtelKH7wqR6F+1+uHKcFRsYp29yIpk=" PayloadSize="566623" Path="FeaturesOnDemand\fr-fr\cabs\Microsoft-Windows-FileServices-Tools-FoD-Package~31bf3856ad364e35~AMD64~fr-fr~.cab" PayloadType="Canonical" />
      </Payload>
    </Package>
    <Package ID="Microsoft-Windows-FileServices-Tools-FoD-Package~31bf3856ad364e35~wow64~fr-fr~" InstalledSize="191968" Version="10.0.17763.1">
      <SatelliteInfo>
        <ApplyToInfo>
          <ApplyTo Type="arch" Value="wow64" />
          <ApplyTo Type="language" Value="fr-FR" />
        </ApplyToInfo>
      </SatelliteInfo>
      <Payload>
        <PayloadItem PayloadHash="Oz//VU5EOOZjIFrSvkcfiVyVRkinAOClzHW6YmgR8pQ=" PayloadSize="53543" Path="FeaturesOnDemand\fr-fr\cabs\Microsoft-Windows-FileServices-Tools-FoD-Package~31bf3856ad364e35~wow64~fr-fr~.cab" PayloadType="Canonical" />
      </Payload>
    </Package>
    <Package ID="Microsoft-Windows-GroupPolicy-Management-Tools-FoD-Package~31bf3856ad364e35~AMD64~fr-fr~" InstalledSize="2426653" Version="10.0.17763.1">
      <SatelliteInfo>
        <ApplyToInfo>
          <ApplyTo Type="language" Value="fr-FR" />
        </ApplyToInfo>
      </SatelliteInfo>
      <Payload>
        <PayloadItem PayloadHash="w6ZPbv3H+WDZ6yLUBcJVoPyNhj742vl2KJvoaZ3a2b0=" PayloadSize="292589" Path="FeaturesOnDemand\fr-fr\cabs\Microsoft-Windows-GroupPolicy-Management-Tools-FoD-Package~31bf3856ad364e35~AMD64~fr-fr~.cab" PayloadType="Canonical" />
      </Payload>
    </Package>
    <Package ID="Microsoft-Windows-GroupPolicy-Management-Tools-FoD-Package~31bf3856ad364e35~wow64~fr-fr~" InstalledSize="337070" Version="10.0.17763.1">
      <SatelliteInfo>
        <ApplyToInfo>
          <ApplyTo Type="arch" Value="wow64" />
          <ApplyTo Type="language" Value="fr-FR" />
        </ApplyToInfo>
      </SatelliteInfo>
      <Payload>
        <PayloadItem PayloadHash="iBFUqDVpuEHeLBSoCkgMfm1Uo/9wo2G4Lk7/eTzL0ts=" PayloadSize="66385" Path="FeaturesOnDemand\fr-fr\cabs\Microsoft-Windows-GroupPolicy-Management-Tools-FoD-Package~31bf3856ad364e35~wow64~fr-fr~.cab" PayloadType="Canonical" />
      </Payload>
    </Package>
    <Package ID="Microsoft-Windows-IPAM-Client-FoD-Package~31bf3856ad364e35~AMD64~fr-fr~" InstalledSize="121006" Version="10.0.17763.1">
      <SatelliteInfo>
        <ApplyToInfo>
          <ApplyTo Type="language" Value="fr-FR" />
        </ApplyToInfo>
      </SatelliteInfo>
      <Payload>
        <PayloadItem PayloadHash="EDUayVMUI79d+yXE/B6zpSCtW5Z/WElWhAyNzl34ROA=" PayloadSize="38775" Path="FeaturesOnDemand\fr-fr\cabs\Microsoft-Windows-IPAM-Client-FoD-Package~31bf3856ad364e35~AMD64~fr-fr~.cab" PayloadType="Canonical" />
      </Payload>
    </Package>
    <Package ID="Microsoft-Windows-IPAM-Client-FoD-Package~31bf3856ad364e35~wow64~fr-fr~" InstalledSize="28725" Version="10.0.17763.1">
      <SatelliteInfo>
        <ApplyToInfo>
          <ApplyTo Type="arch" Value="wow64" />
          <ApplyTo Type="language" Value="fr-FR" />
        </ApplyToInfo>
      </SatelliteInfo>
      <Payload>
        <PayloadItem PayloadHash="DkNfoqO7oj3BCKnYaik+aaAPiPX36Knh8dV5phMmJyM=" PayloadSize="29140" Path="FeaturesOnDemand\fr-fr\cabs\Microsoft-Windows-IPAM-Client-FoD-Package~31bf3856ad364e35~wow64~fr-fr~.cab" PayloadType="Canonical" />
      </Payload>
    </Package>
    <Package ID="Microsoft-Windows-NetworkController-Tools-FoD-Package~31bf3856ad364e35~AMD64~fr-fr~" InstalledSize="74748" Version="10.0.17763.1">
      <SatelliteInfo>
        <ApplyToInfo>
          <ApplyTo Type="language" Value="fr-FR" />
        </ApplyToInfo>
      </SatelliteInfo>
      <Payload>
        <PayloadItem PayloadHash="X3/dqz5K8ZWhI9EOBhy5fU5ia4GvK7SCisXOkALAE84=" PayloadSize="42011" Path="FeaturesOnDemand\fr-fr\cabs\Microsoft-Windows-NetworkController-Tools-FoD-Package~31bf3856ad364e35~AMD64~fr-fr~.cab" PayloadType="Canonical" />
      </Payload>
    </Package>
    <Package ID="Microsoft-Windows-NetworkLoadBalancing-Tools-FoD-Package~31bf3856ad364e35~AMD64~fr-fr~" InstalledSize="252150" Version="10.0.17763.1">
      <SatelliteInfo>
        <ApplyToInfo>
          <ApplyTo Type="language" Value="fr-FR" />
        </ApplyToInfo>
      </SatelliteInfo>
      <Payload>
        <PayloadItem PayloadHash="YNVORT0UXFsOAbL666C2n7rQHzoIwI87afWI3JurKPU=" PayloadSize="57781" Path="FeaturesOnDemand\fr-fr\cabs\Microsoft-Windows-NetworkLoadBalancing-Tools-FoD-Package~31bf3856ad364e35~AMD64~fr-fr~.cab" PayloadType="Canonical" />
      </Payload>
    </Package>
    <Package ID="Microsoft-Windows-RasCMAK-Client-Package~31bf3856ad364e35~AMD64~fr-fr~" InstalledSize="241223" Version="10.0.17763.1">
      <SatelliteInfo>
        <ApplyToInfo>
          <ApplyTo Type="language" Value="fr-FR" />
        </ApplyToInfo>
      </SatelliteInfo>
      <Payload>
        <PayloadItem PayloadHash="kId8lCqG5KLROID0MA3ZRs1wAoku3g0v0T64hC7jUmM=" PayloadSize="85428" Path="FeaturesOnDemand\fr-fr\cabs\Microsoft-Windows-RasCMAK-Client-Package~31bf3856ad364e35~AMD64~fr-fr~.cab" PayloadType="Canonical" />
      </Payload>
    </Package>
    <Package ID="Microsoft-Windows-RasCMAK-Client-Package~31bf3856ad364e35~wow64~fr-fr~" InstalledSize="503791" Version="10.0.17763.1">
      <SatelliteInfo>
        <ApplyToInfo>
          <ApplyTo Type="arch" Value="wow64" />
          <ApplyTo Type="language" Value="fr-FR" />
        </ApplyToInfo>
      </SatelliteInfo>
      <Payload>
        <PayloadItem PayloadHash="8jFuaB0rHsqtDuwM4TZZBZoj2hgpNbmSM04wCcP5PUo=" PayloadSize="361571" Path="FeaturesOnDemand\fr-fr\cabs\Microsoft-Windows-RasCMAK-Client-Package~31bf3856ad364e35~wow64~fr-fr~.cab" PayloadType="Canonical" />
      </Payload>
    </Package>
    <Package ID="Microsoft-Windows-RasRip-Package~31bf3856ad364e35~AMD64~fr-fr~" InstalledSize="27543" Version="10.0.17763.1">
      <SatelliteInfo>
        <ApplyToInfo>
          <ApplyTo Type="language" Value="fr-FR" />
        </ApplyToInfo>
      </SatelliteInfo>
      <Payload>
        <PayloadItem PayloadHash="ywGYESI+Pue9LYZ9QG6Y79GaJda2rpBbG3Tr6VS+1Ws=" PayloadSize="28967" Path="FeaturesOnDemand\fr-fr\cabs\Microsoft-Windows-RasRip-Package~31bf3856ad364e35~AMD64~fr-fr~.cab" PayloadType="Canonical" />
      </Payload>
    </Package>
    <Package ID="Microsoft-Windows-RemoteAccess-Management-Tools-FoD-Package~31bf3856ad364e35~AMD64~fr-fr~" InstalledSize="18784191" Version="10.0.17763.1">
      <SatelliteInfo>
        <ApplyToInfo>
          <ApplyTo Type="language" Value="fr-FR" />
        </ApplyToInfo>
      </SatelliteInfo>
      <Payload>
        <PayloadItem PayloadHash="KVwhBhqCzxeW2gPyM4YyxUATeFcMII9LZgO0VVZ+mK4=" PayloadSize="4143960" Path="FeaturesOnDemand\fr-fr\cabs\Microsoft-Windows-RemoteAccess-Management-Tools-FoD-Package~31bf3856ad364e35~AMD64~fr-fr~.cab" PayloadType="Canonical" />
      </Payload>
    </Package>
    <Package ID="Microsoft-Windows-RemoteAccess-Management-Tools-FoD-Package~31bf3856ad364e35~wow64~fr-fr~" InstalledSize="13730" Version="10.0.17763.1">
      <SatelliteInfo>
        <ApplyToInfo>
          <ApplyTo Type="arch" Value="wow64" />
          <ApplyTo Type="language" Value="fr-FR" />
        </ApplyToInfo>
      </SatelliteInfo>
      <Payload>
        <PayloadItem PayloadHash="WkfMbxI8FmMfDAdQ7RnT0uJ3H2itibkn6l4E14kqHm4=" PayloadSize="25937" Path="FeaturesOnDemand\fr-fr\cabs\Microsoft-Windows-RemoteAccess-Management-Tools-FoD-Package~31bf3856ad364e35~wow64~fr-fr~.cab" PayloadType="Canonical" />
      </Payload>
    </Package>
    <Package ID="Microsoft-Windows-RemoteDesktop-Services-Tools-FoD-Package~31bf3856ad364e35~AMD64~fr-fr~" InstalledSize="1569078" Version="10.0.17763.1">
      <SatelliteInfo>
        <ApplyToInfo>
          <ApplyTo Type="language" Value="fr-FR" />
        </ApplyToInfo>
      </SatelliteInfo>
      <Payload>
        <PayloadItem PayloadHash="W25v73rU5FYk+0DE4bPSEL9Axhfv2Dt3OmQISBsU5bQ=" PayloadSize="257381" Path="FeaturesOnDemand\fr-fr\cabs\Microsoft-Windows-RemoteDesktop-Services-Tools-FoD-Package~31bf3856ad364e35~AMD64~fr-fr~.cab" PayloadType="Canonical" />
      </Payload>
    </Package>
    <Package ID="Microsoft-Windows-Server-AppCompat-FoD-Package~31bf3856ad364e35~AMD64~fr-fr~" InstalledSize="29108677" Version="10.0.17763.1">
      <SatelliteInfo>
        <ApplyToInfo>
          <ApplyTo Type="language" Value="fr-FR" />
        </ApplyToInfo>
      </SatelliteInfo>
      <Payload>
        <PayloadItem PayloadHash="MHRm/la7Wmv++r8l2sbk+0byTXAC0Vv6Qc1C93vVkuc=" PayloadSize="5978745" Path="FeaturesOnDemand\fr-fr\cabs\Microsoft-Windows-Server-AppCompat-FoD-Package~31bf3856ad364e35~AMD64~fr-fr~.cab" PayloadType="Canonical" />
      </Payload>
    </Package>
    <Package ID="Microsoft-Windows-ServerManager-Tools-FoD-Package~31bf3856ad364e35~AMD64~fr-fr~" InstalledSize="12132487" Version="10.0.17763.1">
      <SatelliteInfo>
        <ApplyToInfo>
          <ApplyTo Type="language" Value="fr-FR" />
        </ApplyToInfo>
      </SatelliteInfo>
      <Payload>
        <PayloadItem PayloadHash="vQi1scEdrlOjtrEl6w7colL75h5iyPiMHkLRqCwz1Cc=" PayloadSize="1940703" Path="FeaturesOnDemand\fr-fr\cabs\Microsoft-Windows-ServerManager-Tools-FoD-Package~31bf3856ad364e35~AMD64~fr-fr~.cab" PayloadType="Canonical" />
      </Payload>
    </Package>
    <Package ID="Microsoft-Windows-ServerManager-Tools-FoD-Package~31bf3856ad364e35~wow64~fr-fr~" InstalledSize="1242839" Version="10.0.17763.1">
      <SatelliteInfo>
        <ApplyToInfo>
          <ApplyTo Type="arch" Value="wow64" />
          <ApplyTo Type="language" Value="fr-FR" />
        </ApplyToInfo>
      </SatelliteInfo>
      <Payload>
        <PayloadItem PayloadHash="nyBHUg+LVmVsPzFv7Y9k28RCHmyFFt98NFMyc/qZNPY=" PayloadSize="325242" Path="FeaturesOnDemand\fr-fr\cabs\Microsoft-Windows-ServerManager-Tools-FoD-Package~31bf3856ad364e35~wow64~fr-fr~.cab" PayloadType="Canonical" />
      </Payload>
    </Package>
    <Package ID="Microsoft-Windows-Shielded-VM-Tools-FoD-Package~31bf3856ad364e35~AMD64~fr-fr~" InstalledSize="414792" Version="10.0.17763.1">
      <SatelliteInfo>
        <ApplyToInfo>
          <ApplyTo Type="language" Value="fr-FR" />
        </ApplyToInfo>
      </SatelliteInfo>
      <Payload>
        <PayloadItem PayloadHash="BwklB7kStGmMbpXSiB5OrbhQpnXCRCmyoVYLA4T70as=" PayloadSize="109192" Path="FeaturesOnDemand\fr-fr\cabs\Microsoft-Windows-Shielded-VM-Tools-FoD-Package~31bf3856ad364e35~AMD64~fr-fr~.cab" PayloadType="Canonical" />
      </Payload>
    </Package>
    <Package ID="Microsoft-Windows-SNMP-Client-Package~31bf3856ad364e35~AMD64~fr-fr~" InstalledSize="146597" Version="10.0.17763.1">
      <SatelliteInfo>
        <ApplyToInfo>
          <ApplyTo Type="language" Value="fr-FR" />
        </ApplyToInfo>
      </SatelliteInfo>
      <Payload>
        <PayloadItem PayloadHash="QngqRTk3JIYTyvvk870EN5LCKVEUcL7x0U9xYihC49s=" PayloadSize="50125" Path="FeaturesOnDemand\fr-fr\cabs\Microsoft-Windows-SNMP-Client-Package~31bf3856ad364e35~AMD64~fr-fr~.cab" PayloadType="Canonical" />
      </Payload>
    </Package>
    <Package ID="Microsoft-Windows-SNMP-Client-Package~31bf3856ad364e35~wow64~fr-fr~" InstalledSize="146950" Version="10.0.17763.1">
      <SatelliteInfo>
        <ApplyToInfo>
          <ApplyTo Type="arch" Value="wow64" />
          <ApplyTo Type="language" Value="fr-FR" />
        </ApplyToInfo>
      </SatelliteInfo>
      <Payload>
        <PayloadItem PayloadHash="zjwL3cjtD8ywaYizLxQvo0T1dUdmYbdQosJOA/uA/mY=" PayloadSize="50373" Path="FeaturesOnDemand\fr-fr\cabs\Microsoft-Windows-SNMP-Client-Package~31bf3856ad364e35~wow64~fr-fr~.cab" PayloadType="Canonical" />
      </Payload>
    </Package>
    <Package ID="Microsoft-Windows-StorageManagement-FoD-Package~31bf3856ad364e35~AMD64~fr-fr~" InstalledSize="1622828" Version="10.0.17763.1">
      <SatelliteInfo>
        <ApplyToInfo>
          <ApplyTo Type="language" Value="fr-FR" />
        </ApplyToInfo>
      </SatelliteInfo>
      <Payload>
        <PayloadItem PayloadHash="OFcaXRHkKkbXGlI/JY6EkfpBcOdVlq3JpEOEJVWKDbE=" PayloadSize="132171" Path="FeaturesOnDemand\fr-fr\cabs\Microsoft-Windows-StorageManagement-FoD-Package~31bf3856ad364e35~AMD64~fr-fr~.cab" PayloadType="Canonical" />
      </Payload>
    </Package>
    <Package ID="Microsoft-Windows-StorageManagement-FoD-Package~31bf3856ad364e35~wow64~fr-fr~" InstalledSize="1119984" Version="10.0.17763.1">
      <SatelliteInfo>
        <ApplyToInfo>
          <ApplyTo Type="arch" Value="wow64" />
          <ApplyTo Type="language" Value="fr-FR" />
        </ApplyToInfo>
      </SatelliteInfo>
      <Payload>
        <PayloadItem PayloadHash="ZzubVIhFTGSNaVqhoDV/L9eQXUFpsl5TGdrRirmu5j0=" PayloadSize="98228" Path="FeaturesOnDemand\fr-fr\cabs\Microsoft-Windows-StorageManagement-FoD-Package~31bf3856ad364e35~wow64~fr-fr~.cab" PayloadType="Canonical" />
      </Payload>
    </Package>
    <Package ID="Microsoft-Windows-StorageMigrationService-Management-Tools-FOD-Package~31bf3856ad364e35~AMD64~fr-fr~" InstalledSize="61176" Version="10.0.17763.1">
      <SatelliteInfo>
        <ApplyToInfo>
          <ApplyTo Type="language" Value="fr-FR" />
        </ApplyToInfo>
      </SatelliteInfo>
      <Payload>
        <PayloadItem PayloadHash="0GHN/g5U6fTpt9OzSm64o90kKZ1NHfbWmLSKkvP6vQI=" PayloadSize="37187" Path="FeaturesOnDemand\fr-fr\cabs\Microsoft-Windows-StorageMigrationService-Management-Tools-FOD-Package~31bf3856ad364e35~AMD64~fr-fr~.cab" PayloadType="Canonical" />
      </Payload>
    </Package>
    <Package ID="Microsoft-Windows-StorageReplica-Tools-FoD-Package~31bf3856ad364e35~AMD64~fr-fr~" InstalledSize="444330" Version="10.0.17763.1">
      <SatelliteInfo>
        <ApplyToInfo>
          <ApplyTo Type="language" Value="fr-FR" />
        </ApplyToInfo>
      </SatelliteInfo>
      <Payload>
        <PayloadItem PayloadHash="eHhDK/VEuS4OZeLfx3psdQpkT0lohJ+AABoOk9F1kyg=" PayloadSize="84993" Path="FeaturesOnDemand\fr-fr\cabs\Microsoft-Windows-StorageReplica-Tools-FoD-Package~31bf3856ad364e35~AMD64~fr-fr~.cab" PayloadType="Canonical" />
      </Payload>
    </Package>
    <Package ID="Microsoft-Windows-SystemInsights-Management-Tools-FOD-Package~31bf3856ad364e35~AMD64~fr-fr~" InstalledSize="44506" Version="10.0.17763.1">
      <SatelliteInfo>
        <ApplyToInfo>
          <ApplyTo Type="language" Value="fr-FR" />
        </ApplyToInfo>
      </SatelliteInfo>
      <Payload>
        <PayloadItem PayloadHash="s5TV/J6BpFPUVpwqV7PbFtrraxFaEZBUpIej8dhpD0g=" PayloadSize="33646" Path="FeaturesOnDemand\fr-fr\cabs\Microsoft-Windows-SystemInsights-Management-Tools-FOD-Package~31bf3856ad364e35~AMD64~fr-fr~.cab" PayloadType="Canonical" />
      </Payload>
    </Package>
    <Package ID="Microsoft-Windows-VolumeActivation-Tools-FoD-Package~31bf3856ad364e35~AMD64~fr-fr~" InstalledSize="228697" Version="10.0.17763.1">
      <SatelliteInfo>
        <ApplyToInfo>
          <ApplyTo Type="language" Value="fr-FR" />
        </ApplyToInfo>
      </SatelliteInfo>
      <Payload>
        <PayloadItem PayloadHash="5Z2O0MTVAh2LE4TRh0kG4tF7b9xf7TRC66h+lNElMVo=" PayloadSize="148251" Path="FeaturesOnDemand\fr-fr\cabs\Microsoft-Windows-VolumeActivation-Tools-FoD-Package~31bf3856ad364e35~AMD64~fr-fr~.cab" PayloadType="Canonical" />
      </Payload>
    </Package>
    <Package ID="Microsoft-Windows-WMI-SNMP-Provider-Client-Package~31bf3856ad364e35~AMD64~fr-fr~" InstalledSize="57179" Version="10.0.17763.1">
      <SatelliteInfo>
        <ApplyToInfo>
          <ApplyTo Type="language" Value="fr-FR" />
        </ApplyToInfo>
      </SatelliteInfo>
      <Payload>
        <PayloadItem PayloadHash="AaxccXaqU2NPnyYsl7YxcgHbO/ggWbLSi4+Ht6lQ6Cg=" PayloadSize="34529" Path="FeaturesOnDemand\fr-fr\cabs\Microsoft-Windows-WMI-SNMP-Provider-Client-Package~31bf3856ad364e35~AMD64~fr-fr~.cab" PayloadType="Canonical" />
      </Payload>
    </Package>
    <Package ID="Microsoft-Windows-WMI-SNMP-Provider-Client-Package~31bf3856ad364e35~wow64~fr-fr~" InstalledSize="57275" Version="10.0.17763.1">
      <SatelliteInfo>
        <ApplyToInfo>
          <ApplyTo Type="arch" Value="wow64" />
          <ApplyTo Type="language" Value="fr-FR" />
        </ApplyToInfo>
      </SatelliteInfo>
      <Payload>
        <PayloadItem PayloadHash="2FqedhYGJSM1KOCh3V4MFc4KJpoAAw0+hPALaNC6DHA=" PayloadSize="35165" Path="FeaturesOnDemand\fr-fr\cabs\Microsoft-Windows-WMI-SNMP-Provider-Client-Package~31bf3856ad364e35~wow64~fr-fr~.cab" PayloadType="Canonical" />
      </Payload>
    </Package>
    <Package ID="Microsoft-Windows-WSUS-Tools-FoD-Package~31bf3856ad364e35~AMD64~fr-fr~" InstalledSize="2945905" Version="10.0.17763.1">
      <SatelliteInfo>
        <ApplyToInfo>
          <ApplyTo Type="language" Value="fr-FR" />
        </ApplyToInfo>
      </SatelliteInfo>
      <Payload>
        <PayloadItem PayloadHash="L1Pld3y9K8lsT3Kqlv1jpFsRVKT3C+9cSXqZ3p+cdYE=" PayloadSize="357384" Path="FeaturesOnDemand\fr-fr\cabs\Microsoft-Windows-WSUS-Tools-FoD-Package~31bf3856ad364e35~AMD64~fr-fr~.cab" PayloadType="Canonical" />
      </Payload>
    </Package>
  </Packages>
</CompDB>