<?xml version="1.0" encoding="utf-8"?>
<CompDB xmlns:xsi="http://www.w3.org/2001/XMLSchema-instance" xmlns:xsd="http://www.w3.org/2001/XMLSchema" CreatedDate="2018-11-15T22:39:00.1657668Z" Revision="1" SchemaVersion="1.2" Product="Desktop" BuildID="80154b57-1148-3590-c1b9-d2ce93ee1fac" BuildInfo="rs5_release.17763.1.180914-1434" OSVersion="10.0.17763.1" BuildArch="amd64" ReleaseType="Production" Type="Baseless" xmlns="http://schemas.microsoft.com/embedded/2004/10/ImageUpdate">
  <Tags Type="Language">
    <Tag Name="Language" Value="lv-LV" />
    <Tag Name="UpdateType" Value="Baseless" />
  </Tags>
  <Features>
    <Feature Type="LanguagePack" FeatureID="Language.UI.Server~lv-lv" FMID="MSDL" Group="Microsoft">
      <Packages>
        <Package ID="Microsoft-Windows-Server-LanguagePack-Package_lv-lv~31bf3856ad364e35~amd64~lv-lv~" PackageType="FeaturePackage" />
      </Packages>
    </Feature>
    <Feature Type="OnDemandFeature" FeatureID="Microsoft.Onecore.StorageManagement~~1.0" FMID="MSDN" Group="Microsoft">
      <Packages>
        <Package ID="Microsoft-OneCore-StorageManagement-FoD-Package~31bf3856ad364e35~AMD64~lv-lv~" PackageType="SatellitePackage" />
        <Package ID="Microsoft-OneCore-StorageManagement-FoD-Package~31bf3856ad364e35~wow64~lv-lv~" PackageType="SatellitePackage" />
      </Packages>
    </Feature>
    <Feature Type="OnDemandFeature" FeatureID="Rsat.ActiveDirectory.DS-LDS.Tools~~1.0" FMID="MSDN" Group="Microsoft">
      <Dependencies>
        <Feature FeatureID="Rsat.ServerManager.Tools~~1.0" />
      </Dependencies>
      <Packages>
        <Package ID="Microsoft-Windows-ActiveDirectory-DS-LDS-Tools-FoD-Package~31bf3856ad364e35~AMD64~lv-lv~" PackageType="SatellitePackage" />
        <Package ID="Microsoft-Windows-ActiveDirectory-DS-LDS-Tools-FoD-Package~31bf3856ad364e35~wow64~lv-lv~" PackageType="SatellitePackage" />
      </Packages>
    </Feature>
    <Feature Type="OnDemandFeature" FeatureID="Rsat.BitLocker.Recovery.Tools~~1.0" FMID="MSDN" Group="Microsoft">
      <Dependencies>
        <Feature FeatureID="Rsat.ActiveDirectory.DS-LDS.Tools~~1.0" />
      </Dependencies>
      <Packages>
        <Package ID="Microsoft-Windows-BitLocker-Recovery-Tools-FoD-Package~31bf3856ad364e35~AMD64~lv-lv~" PackageType="SatellitePackage" />
      </Packages>
    </Feature>
    <Feature Type="OnDemandFeature" FeatureID="Rsat.CertificateServices.Tools~~1.0" FMID="MSDN" Group="Microsoft">
      <Packages>
        <Package ID="Microsoft-Windows-CertificateServices-Tools-FoD-Package~31bf3856ad364e35~AMD64~lv-lv~" PackageType="SatellitePackage" />
      </Packages>
    </Feature>
    <Feature Type="OnDemandFeature" FeatureID="Rsat.DHCP.Tools~~1.0" FMID="MSDN" Group="Microsoft">
      <Packages>
        <Package ID="Microsoft-Windows-DHCP-Tools-FoD-Package~31bf3856ad364e35~AMD64~lv-lv~" PackageType="SatellitePackage" />
        <Package ID="Microsoft-Windows-DHCP-Tools-FoD-Package~31bf3856ad364e35~wow64~lv-lv~" PackageType="SatellitePackage" />
      </Packages>
    </Feature>
    <Feature Type="OnDemandFeature" FeatureID="Rsat.Dns.Tools~~1.0" FMID="MSDN" Group="Microsoft">
      <Packages>
        <Package ID="Microsoft-Windows-DNS-Tools-FoD-Package~31bf3856ad364e35~AMD64~lv-lv~" PackageType="SatellitePackage" />
        <Package ID="Microsoft-Windows-DNS-Tools-FoD-Package~31bf3856ad364e35~wow64~lv-lv~" PackageType="SatellitePackage" />
      </Packages>
    </Feature>
    <Feature Type="OnDemandFeature" FeatureID="Rsat.FailoverCluster.Management.Tools~~1.0" FMID="MSDN" Group="Microsoft">
      <Dependencies>
        <Feature FeatureID="Rsat.FileServices.Tools~~1.0" />
      </Dependencies>
      <Packages>
        <Package ID="Microsoft-Windows-FailoverCluster-Management-Tools-FOD-Package~31bf3856ad364e35~AMD64~lv-lv~" PackageType="SatellitePackage" />
        <Package ID="Microsoft-Windows-FailoverCluster-Management-Tools-FOD-Package~31bf3856ad364e35~wow64~lv-lv~" PackageType="SatellitePackage" />
      </Packages>
    </Feature>
    <Feature Type="OnDemandFeature" FeatureID="Rsat.FileServices.Tools~~1.0" FMID="MSDN" Group="Microsoft">
      <Dependencies>
        <Feature FeatureID="Rsat.ServerManager.Tools~~1.0" />
      </Dependencies>
      <Packages>
        <Package ID="Microsoft-Windows-FileServices-Tools-FoD-Package~31bf3856ad364e35~AMD64~lv-lv~" PackageType="SatellitePackage" />
        <Package ID="Microsoft-Windows-FileServices-Tools-FoD-Package~31bf3856ad364e35~wow64~lv-lv~" PackageType="SatellitePackage" />
      </Packages>
    </Feature>
    <Feature Type="OnDemandFeature" FeatureID="Rsat.GroupPolicy.Management.Tools~~1.0" FMID="MSDN" Group="Microsoft">
      <Packages>
        <Package ID="Microsoft-Windows-GroupPolicy-Management-Tools-FoD-Package~31bf3856ad364e35~AMD64~lv-lv~" PackageType="SatellitePackage" />
        <Package ID="Microsoft-Windows-GroupPolicy-Management-Tools-FoD-Package~31bf3856ad364e35~wow64~lv-lv~" PackageType="SatellitePackage" />
      </Packages>
    </Feature>
    <Feature Type="OnDemandFeature" FeatureID="Rsat.IPAM.Client.Tools~~1.0" FMID="MSDN" Group="Microsoft">
      <Dependencies>
        <Feature FeatureID="Rsat.ServerManager.Tools~~1.0" />
      </Dependencies>
      <Packages>
        <Package ID="Microsoft-Windows-IPAM-Client-FoD-Package~31bf3856ad364e35~AMD64~lv-lv~" PackageType="SatellitePackage" />
        <Package ID="Microsoft-Windows-IPAM-Client-FoD-Package~31bf3856ad364e35~wow64~lv-lv~" PackageType="SatellitePackage" />
      </Packages>
    </Feature>
    <Feature Type="OnDemandFeature" FeatureID="Rsat.NetworkController.Tools~~1.0" FMID="MSDN" Group="Microsoft">
      <Packages>
        <Package ID="Microsoft-Windows-NetworkController-Tools-FoD-Package~31bf3856ad364e35~AMD64~lv-lv~" PackageType="SatellitePackage" />
      </Packages>
    </Feature>
    <Feature Type="OnDemandFeature" FeatureID="Rsat.NetworkLoadBalancing.Tools~~1.0" FMID="MSDN" Group="Microsoft">
      <Packages>
        <Package ID="Microsoft-Windows-NetworkLoadBalancing-Tools-FoD-Package~31bf3856ad364e35~AMD64~lv-lv~" PackageType="SatellitePackage" />
      </Packages>
    </Feature>
    <Feature Type="OnDemandFeature" FeatureID="RasCMAK.Client~~1.0" FMID="MSDN" Group="Microsoft">
      <Packages>
        <Package ID="Microsoft-Windows-RasCMAK-Client-Package~31bf3856ad364e35~AMD64~lv-lv~" PackageType="SatellitePackage" />
        <Package ID="Microsoft-Windows-RasCMAK-Client-Package~31bf3856ad364e35~wow64~lv-lv~" PackageType="SatellitePackage" />
      </Packages>
    </Feature>
    <Feature Type="OnDemandFeature" FeatureID="RIP.Listener~~1.0" FMID="MSDN" Group="Microsoft">
      <Packages>
        <Package ID="Microsoft-Windows-RasRip-Package~31bf3856ad364e35~AMD64~lv-lv~" PackageType="SatellitePackage" />
      </Packages>
    </Feature>
    <Feature Type="OnDemandFeature" FeatureID="Rsat.RemoteAccess.Management.Tools~~1.0" FMID="MSDN" Group="Microsoft">
      <Dependencies>
        <Feature FeatureID="Rsat.GroupPolicy.Management.Tools~~1.0" />
        <Feature FeatureID="Rsat.ServerManager.Tools~~1.0" />
      </Dependencies>
      <Packages>
        <Package ID="Microsoft-Windows-RemoteAccess-Management-Tools-FoD-Package~31bf3856ad364e35~AMD64~lv-lv~" PackageType="SatellitePackage" />
        <Package ID="Microsoft-Windows-RemoteAccess-Management-Tools-FoD-Package~31bf3856ad364e35~wow64~lv-lv~" PackageType="SatellitePackage" />
      </Packages>
    </Feature>
    <Feature Type="OnDemandFeature" FeatureID="Rsat.RemoteDesktop.Services.Tools~~1.0" FMID="MSDN" Group="Microsoft">
      <Packages>
        <Package ID="Microsoft-Windows-RemoteDesktop-Services-Tools-FoD-Package~31bf3856ad364e35~AMD64~lv-lv~" PackageType="SatellitePackage" />
      </Packages>
    </Feature>
    <Feature Type="OnDemandFeature" FeatureID="ServerCore.AppCompatibility~~1.0" FMID="MSDN" Group="Microsoft">
      <Packages>
        <Package ID="Microsoft-Windows-Server-AppCompat-FoD-Package~31bf3856ad364e35~AMD64~lv-lv~" PackageType="SatellitePackage" />
      </Packages>
    </Feature>
    <Feature Type="OnDemandFeature" FeatureID="Rsat.ServerManager.Tools~~1.0" FMID="MSDN" Group="Microsoft">
      <Packages>
        <Package ID="Microsoft-Windows-ServerManager-Tools-FoD-Package~31bf3856ad364e35~AMD64~lv-lv~" PackageType="SatellitePackage" />
        <Package ID="Microsoft-Windows-ServerManager-Tools-FoD-Package~31bf3856ad364e35~wow64~lv-lv~" PackageType="SatellitePackage" />
      </Packages>
    </Feature>
    <Feature Type="OnDemandFeature" FeatureID="Rsat.Shielded.VM.Tools~~1.0" FMID="MSDN" Group="Microsoft">
      <Dependencies>
        <Feature FeatureID="Rsat.ServerManager.Tools~~1.0" />
      </Dependencies>
      <Packages>
        <Package ID="Microsoft-Windows-Shielded-VM-Tools-FoD-Package~31bf3856ad364e35~AMD64~lv-lv~" PackageType="SatellitePackage" />
      </Packages>
    </Feature>
    <Feature Type="OnDemandFeature" FeatureID="SNMP.Client~~1.0" FMID="MSDN" Group="Microsoft">
      <Packages>
        <Package ID="Microsoft-Windows-SNMP-Client-Package~31bf3856ad364e35~AMD64~lv-lv~" PackageType="SatellitePackage" />
        <Package ID="Microsoft-Windows-SNMP-Client-Package~31bf3856ad364e35~wow64~lv-lv~" PackageType="SatellitePackage" />
      </Packages>
    </Feature>
    <Feature Type="OnDemandFeature" FeatureID="Microsoft.Windows.StorageManagement~~1.0" FMID="MSDN" Group="Microsoft">
      <Packages>
        <Package ID="Microsoft-Windows-StorageManagement-FoD-Package~31bf3856ad364e35~AMD64~lv-lv~" PackageType="SatellitePackage" />
        <Package ID="Microsoft-Windows-StorageManagement-FoD-Package~31bf3856ad364e35~wow64~lv-lv~" PackageType="SatellitePackage" />
      </Packages>
    </Feature>
    <Feature Type="OnDemandFeature" FeatureID="Rsat.StorageMigrationService.Management.Tools~~1.0" FMID="MSDN" Group="Microsoft">
      <Packages>
        <Package ID="Microsoft-Windows-StorageMigrationService-Management-Tools-FOD-Package~31bf3856ad364e35~AMD64~lv-lv~" PackageType="SatellitePackage" />
      </Packages>
    </Feature>
    <Feature Type="OnDemandFeature" FeatureID="Rsat.StorageReplica.Tools~~1.0" FMID="MSDN" Group="Microsoft">
      <Packages>
        <Package ID="Microsoft-Windows-StorageReplica-Tools-FoD-Package~31bf3856ad364e35~AMD64~lv-lv~" PackageType="SatellitePackage" />
      </Packages>
    </Feature>
    <Feature Type="OnDemandFeature" FeatureID="Rsat.SystemInsights.Management.Tools~~1.0" FMID="MSDN" Group="Microsoft">
      <Packages>
        <Package ID="Microsoft-Windows-SystemInsights-Management-Tools-FOD-Package~31bf3856ad364e35~AMD64~lv-lv~" PackageType="SatellitePackage" />
      </Packages>
    </Feature>
    <Feature Type="OnDemandFeature" FeatureID="Rsat.VolumeActivation.Tools~~1.0" FMID="MSDN" Group="Microsoft">
      <Packages>
        <Package ID="Microsoft-Windows-VolumeActivation-Tools-FoD-Package~31bf3856ad364e35~AMD64~lv-lv~" PackageType="SatellitePackage" />
      </Packages>
    </Feature>
    <Feature Type="OnDemandFeature" FeatureID="WMI-SNMP-Provider.Client~~1.0" FMID="MSDN" Group="Microsoft">
      <Dependencies>
        <Feature FeatureID="SNMP.Client~~1.0" />
      </Dependencies>
      <Packages>
        <Package ID="Microsoft-Windows-WMI-SNMP-Provider-Client-Package~31bf3856ad364e35~AMD64~lv-lv~" PackageType="SatellitePackage" />
        <Package ID="Microsoft-Windows-WMI-SNMP-Provider-Client-Package~31bf3856ad364e35~wow64~lv-lv~" PackageType="SatellitePackage" />
      </Packages>
    </Feature>
    <Feature Type="OnDemandFeature" FeatureID="Rsat.WSUS.Tools~~1.0" FMID="MSDN" Group="Microsoft">
      <Packages>
        <Package ID="Microsoft-Windows-WSUS-Tools-FoD-Package~31bf3856ad364e35~AMD64~lv-lv~" PackageType="SatellitePackage" />
      </Packages>
    </Feature>
  </Features>
  <Packages>
    <Package ID="Microsoft-Windows-Server-LanguagePack-Package_lv-lv~31bf3856ad364e35~amd64~lv-lv~" InstalledSize="886751940" Version="10.0.17763.1">
      <SatelliteInfo>
        <DeclareInfo>
          <Declare Type="language" Value="lv-LV" />
        </DeclareInfo>
      </SatelliteInfo>
      <Payload>
        <PayloadItem PayloadHash="2EcHdoPGpToMlR7pTmqxVe3mDvQpIFNGuTWi6/YKjDE=" PayloadSize="1619359" Path="UUP\Desktop\editionpackages\Server\lv-lv\baseless\Microsoft-Windows-Server-LanguagePack-Package_lv-lv~31bf3856ad364e35~amd64~lv-lv~.cab" PayloadType="ExpressCab" />
        <PayloadItem PayloadHash="CxSI/W1+kOf2UWvTetV/OSjhMGJe2CJl/zJVRlhPB14=" PayloadSize="67601090" Path="UUP\Desktop\editionpackages\Server\lv-lv\baseless\Microsoft-Windows-Server-LanguagePack-Package_lv-lv~31bf3856ad364e35~amd64~lv-lv~.psf" PayloadType="ExpressPSF" />
      </Payload>
    </Package>
    <Package ID="Microsoft-OneCore-StorageManagement-FoD-Package~31bf3856ad364e35~AMD64~lv-lv~" InstalledSize="1961172" Version="10.0.17763.1">
      <SatelliteInfo>
        <ApplyToInfo>
          <ApplyTo Type="language" Value="lv-LV" />
        </ApplyToInfo>
      </SatelliteInfo>
      <Payload>
        <PayloadItem PayloadHash="7FJ2G+RyH0E56vOSuVt8JKDSoDTAFslZcyZhQY9WcvY=" PayloadSize="20589" Path="FeaturesOnDemand\lv-lv\baseless\Microsoft-OneCore-StorageManagement-FoD-Package~31bf3856ad364e35~AMD64~lv-lv~.cab" PayloadType="ExpressCab" />
        <PayloadItem PayloadHash="tFCXLYmqrbSbmcUYwM6eMk6UUU5VJpxr1zGTtNE5PJM=" PayloadSize="207511" Path="FeaturesOnDemand\lv-lv\baseless\Microsoft-OneCore-StorageManagement-FoD-Package~31bf3856ad364e35~AMD64~lv-lv~.psf" PayloadType="ExpressPSF" />
      </Payload>
    </Package>
    <Package ID="Microsoft-OneCore-StorageManagement-FoD-Package~31bf3856ad364e35~wow64~lv-lv~" InstalledSize="1079505" Version="10.0.17763.1">
      <SatelliteInfo>
        <ApplyToInfo>
          <ApplyTo Type="arch" Value="wow64" />
          <ApplyTo Type="language" Value="lv-LV" />
        </ApplyToInfo>
      </SatelliteInfo>
      <Payload>
        <PayloadItem PayloadHash="p55/i+xjdPeckARuKtVBf+lQbefMie9cuikkadifPqU=" PayloadSize="18795" Path="FeaturesOnDemand\lv-lv\baseless\Microsoft-OneCore-StorageManagement-FoD-Package~31bf3856ad364e35~wow64~lv-lv~.cab" PayloadType="ExpressCab" />
        <PayloadItem PayloadHash="fFFXU5eDBT+buXRMVrBxm1qzdYDie1vFjinoHhNqFzg=" PayloadSize="116998" Path="FeaturesOnDemand\lv-lv\baseless\Microsoft-OneCore-StorageManagement-FoD-Package~31bf3856ad364e35~wow64~lv-lv~.psf" PayloadType="ExpressPSF" />
      </Payload>
    </Package>
    <Package ID="Microsoft-Windows-ActiveDirectory-DS-LDS-Tools-FoD-Package~31bf3856ad364e35~AMD64~lv-lv~" InstalledSize="5723226" Version="10.0.17763.1">
      <SatelliteInfo>
        <ApplyToInfo>
          <ApplyTo Type="language" Value="lv-LV" />
        </ApplyToInfo>
      </SatelliteInfo>
      <Payload>
        <PayloadItem PayloadHash="STLwlQxi/Ugtcv6dGH3hrXfOZy3CeDU661KGcham7bo=" PayloadSize="28105" Path="FeaturesOnDemand\lv-lv\baseless\Microsoft-Windows-ActiveDirectory-DS-LDS-Tools-FoD-Package~31bf3856ad364e35~AMD64~lv-lv~.cab" PayloadType="ExpressCab" />
        <PayloadItem PayloadHash="/J+71dWTVBlI5KsIKYI1aLmbdCje3/BcfUEJiga7hTs=" PayloadSize="957600" Path="FeaturesOnDemand\lv-lv\baseless\Microsoft-Windows-ActiveDirectory-DS-LDS-Tools-FoD-Package~31bf3856ad364e35~AMD64~lv-lv~.psf" PayloadType="ExpressPSF" />
      </Payload>
    </Package>
    <Package ID="Microsoft-Windows-ActiveDirectory-DS-LDS-Tools-FoD-Package~31bf3856ad364e35~wow64~lv-lv~" InstalledSize="797104" Version="10.0.17763.1">
      <SatelliteInfo>
        <ApplyToInfo>
          <ApplyTo Type="arch" Value="wow64" />
          <ApplyTo Type="language" Value="lv-LV" />
        </ApplyToInfo>
      </SatelliteInfo>
      <Payload>
        <PayloadItem PayloadHash="Tsn+Y1qDmAidWLa1zARB1Vz1dB9+OSxX94TBgfgLEIU=" PayloadSize="19659" Path="FeaturesOnDemand\lv-lv\baseless\Microsoft-Windows-ActiveDirectory-DS-LDS-Tools-FoD-Package~31bf3856ad364e35~wow64~lv-lv~.cab" PayloadType="ExpressCab" />
        <PayloadItem PayloadHash="bgmXLKdruogvJcgCYN+at+HGnG1aA9N9vLV1pKYpcLA=" PayloadSize="162856" Path="FeaturesOnDemand\lv-lv\baseless\Microsoft-Windows-ActiveDirectory-DS-LDS-Tools-FoD-Package~31bf3856ad364e35~wow64~lv-lv~.psf" PayloadType="ExpressPSF" />
      </Payload>
    </Package>
    <Package ID="Microsoft-Windows-BitLocker-Recovery-Tools-FoD-Package~31bf3856ad364e35~AMD64~lv-lv~" InstalledSize="33529" Version="10.0.17763.1">
      <SatelliteInfo>
        <ApplyToInfo>
          <ApplyTo Type="language" Value="lv-LV" />
        </ApplyToInfo>
      </SatelliteInfo>
      <Payload>
        <PayloadItem PayloadHash="gD0x2h8cqDRSTKIiAIpzqg1qeBpQVelGMtnmSARdUcw=" PayloadSize="18563" Path="FeaturesOnDemand\lv-lv\baseless\Microsoft-Windows-BitLocker-Recovery-Tools-FoD-Package~31bf3856ad364e35~AMD64~lv-lv~.cab" PayloadType="ExpressCab" />
        <PayloadItem PayloadHash="dwgkoCMZvJFGZF6TDEf2ZwXeGvTJnkv9aQko7WNtDPk=" PayloadSize="67851" Path="FeaturesOnDemand\lv-lv\baseless\Microsoft-Windows-BitLocker-Recovery-Tools-FoD-Package~31bf3856ad364e35~AMD64~lv-lv~.psf" PayloadType="ExpressPSF" />
      </Payload>
    </Package>
    <Package ID="Microsoft-Windows-CertificateServices-Tools-FoD-Package~31bf3856ad364e35~AMD64~lv-lv~" InstalledSize="1015095" Version="10.0.17763.1">
      <SatelliteInfo>
        <ApplyToInfo>
          <ApplyTo Type="language" Value="lv-LV" />
        </ApplyToInfo>
      </SatelliteInfo>
      <Payload>
        <PayloadItem PayloadHash="bd9jkPOFWkVMR2xOFAsVurL+HYJNHB5ZMq4Y3cdedXk=" PayloadSize="20979" Path="FeaturesOnDemand\lv-lv\baseless\Microsoft-Windows-CertificateServices-Tools-FoD-Package~31bf3856ad364e35~AMD64~lv-lv~.cab" PayloadType="ExpressCab" />
        <PayloadItem PayloadHash="1iQ3ejDUTauNwIRlJWeDur91dTzr8WHpbvLXwuwbOT0=" PayloadSize="205831" Path="FeaturesOnDemand\lv-lv\baseless\Microsoft-Windows-CertificateServices-Tools-FoD-Package~31bf3856ad364e35~AMD64~lv-lv~.psf" PayloadType="ExpressPSF" />
      </Payload>
    </Package>
    <Package ID="Microsoft-Windows-DHCP-Tools-FoD-Package~31bf3856ad364e35~AMD64~lv-lv~" InstalledSize="1789600" Version="10.0.17763.1">
      <SatelliteInfo>
        <ApplyToInfo>
          <ApplyTo Type="language" Value="lv-LV" />
        </ApplyToInfo>
      </SatelliteInfo>
      <Payload>
        <PayloadItem PayloadHash="b9rhKjxIKDh6e4NwvbMc74DC0TGXTL7Inawz01CSr04=" PayloadSize="19565" Path="FeaturesOnDemand\lv-lv\baseless\Microsoft-Windows-DHCP-Tools-FoD-Package~31bf3856ad364e35~AMD64~lv-lv~.cab" PayloadType="ExpressCab" />
        <PayloadItem PayloadHash="YnY69RUWnpwfLDjpJL4YnYvYJ0EvXyntto8XeGRlrvs=" PayloadSize="208110" Path="FeaturesOnDemand\lv-lv\baseless\Microsoft-Windows-DHCP-Tools-FoD-Package~31bf3856ad364e35~AMD64~lv-lv~.psf" PayloadType="ExpressPSF" />
      </Payload>
    </Package>
    <Package ID="Microsoft-Windows-DHCP-Tools-FoD-Package~31bf3856ad364e35~wow64~lv-lv~" InstalledSize="464531" Version="10.0.17763.1">
      <SatelliteInfo>
        <ApplyToInfo>
          <ApplyTo Type="arch" Value="wow64" />
          <ApplyTo Type="language" Value="lv-LV" />
        </ApplyToInfo>
      </SatelliteInfo>
      <Payload>
        <PayloadItem PayloadHash="RmdhvOmyI2e6SNTrz3Dfyb9CuWCJS79oO3JVOaiTjOw=" PayloadSize="18589" Path="FeaturesOnDemand\lv-lv\baseless\Microsoft-Windows-DHCP-Tools-FoD-Package~31bf3856ad364e35~wow64~lv-lv~.cab" PayloadType="ExpressCab" />
        <PayloadItem PayloadHash="IHGe5VEfHguKDhSBMAs3elybwvtQnkL5cF6bRJgTF2c=" PayloadSize="96745" Path="FeaturesOnDemand\lv-lv\baseless\Microsoft-Windows-DHCP-Tools-FoD-Package~31bf3856ad364e35~wow64~lv-lv~.psf" PayloadType="ExpressPSF" />
      </Payload>
    </Package>
    <Package ID="Microsoft-Windows-DNS-Tools-FoD-Package~31bf3856ad364e35~AMD64~lv-lv~" InstalledSize="1891814" Version="10.0.17763.1">
      <SatelliteInfo>
        <ApplyToInfo>
          <ApplyTo Type="language" Value="lv-LV" />
        </ApplyToInfo>
      </SatelliteInfo>
      <Payload>
        <PayloadItem PayloadHash="AbtGVNlAOuPffxj3lO+HZzI1C6auv1IYzaGrB73Sx3Y=" PayloadSize="20017" Path="FeaturesOnDemand\lv-lv\baseless\Microsoft-Windows-DNS-Tools-FoD-Package~31bf3856ad364e35~AMD64~lv-lv~.cab" PayloadType="ExpressCab" />
        <PayloadItem PayloadHash="XuGvhr/Nro17cFRlFO2Gr4roH9M0ZlGVYo32EyJzaRI=" PayloadSize="244303" Path="FeaturesOnDemand\lv-lv\baseless\Microsoft-Windows-DNS-Tools-FoD-Package~31bf3856ad364e35~AMD64~lv-lv~.psf" PayloadType="ExpressPSF" />
      </Payload>
    </Package>
    <Package ID="Microsoft-Windows-DNS-Tools-FoD-Package~31bf3856ad364e35~wow64~lv-lv~" InstalledSize="13439" Version="10.0.17763.1">
      <SatelliteInfo>
        <ApplyToInfo>
          <ApplyTo Type="arch" Value="wow64" />
          <ApplyTo Type="language" Value="lv-LV" />
        </ApplyToInfo>
      </SatelliteInfo>
      <Payload>
        <PayloadItem PayloadHash="pEmXPilH/A5noQcGuMbA4nLWOwnGHkiA9WU89tuI1/c=" PayloadSize="18579" Path="FeaturesOnDemand\lv-lv\baseless\Microsoft-Windows-DNS-Tools-FoD-Package~31bf3856ad364e35~wow64~lv-lv~.cab" PayloadType="ExpressCab" />
        <PayloadItem PayloadHash="vr8kZS07rtRAwTz3NsEb14eTuXQHPVBrNucGvqtHmek=" PayloadSize="58984" Path="FeaturesOnDemand\lv-lv\baseless\Microsoft-Windows-DNS-Tools-FoD-Package~31bf3856ad364e35~wow64~lv-lv~.psf" PayloadType="ExpressPSF" />
      </Payload>
    </Package>
    <Package ID="Microsoft-Windows-FailoverCluster-Management-Tools-FOD-Package~31bf3856ad364e35~AMD64~lv-lv~" InstalledSize="8934502" Version="10.0.17763.1">
      <SatelliteInfo>
        <ApplyToInfo>
          <ApplyTo Type="language" Value="lv-LV" />
        </ApplyToInfo>
      </SatelliteInfo>
      <Payload>
        <PayloadItem PayloadHash="+RxBaRPOiCUBegqLn1r+5A6jjNHeOe6svyWZJ+Jp+LM=" PayloadSize="27075" Path="FeaturesOnDemand\lv-lv\baseless\Microsoft-Windows-FailoverCluster-Management-Tools-FOD-Package~31bf3856ad364e35~AMD64~lv-lv~.cab" PayloadType="ExpressCab" />
        <PayloadItem PayloadHash="t/MMKdI05xBATS6zeu+r1RNpAFLe2XZRU+f4fR6SMaY=" PayloadSize="2464895" Path="FeaturesOnDemand\lv-lv\baseless\Microsoft-Windows-FailoverCluster-Management-Tools-FOD-Package~31bf3856ad364e35~AMD64~lv-lv~.psf" PayloadType="ExpressPSF" />
      </Payload>
    </Package>
    <Package ID="Microsoft-Windows-FailoverCluster-Management-Tools-FOD-Package~31bf3856ad364e35~wow64~lv-lv~" InstalledSize="76275" Version="10.0.17763.1">
      <SatelliteInfo>
        <ApplyToInfo>
          <ApplyTo Type="arch" Value="wow64" />
          <ApplyTo Type="language" Value="lv-LV" />
        </ApplyToInfo>
      </SatelliteInfo>
      <Payload>
        <PayloadItem PayloadHash="MtGteq4MyMTIUsRlfixPI1HofT7guSNr/TrOItysLgU=" PayloadSize="20051" Path="FeaturesOnDemand\lv-lv\baseless\Microsoft-Windows-FailoverCluster-Management-Tools-FOD-Package~31bf3856ad364e35~wow64~lv-lv~.cab" PayloadType="ExpressCab" />
        <PayloadItem PayloadHash="MFxvOW0vyYPFd6lVFGTRFZyzr9HaS7UXlect79SBBNE=" PayloadSize="88046" Path="FeaturesOnDemand\lv-lv\baseless\Microsoft-Windows-FailoverCluster-Management-Tools-FOD-Package~31bf3856ad364e35~wow64~lv-lv~.psf" PayloadType="ExpressPSF" />
      </Payload>
    </Package>
    <Package ID="Microsoft-Windows-FileServices-Tools-FoD-Package~31bf3856ad364e35~AMD64~lv-lv~" InstalledSize="4152939" Version="10.0.17763.1">
      <SatelliteInfo>
        <ApplyToInfo>
          <ApplyTo Type="language" Value="lv-LV" />
        </ApplyToInfo>
      </SatelliteInfo>
      <Payload>
        <PayloadItem PayloadHash="2ywHznsc+kBkf9ws1qvwOcjrz0+M5QxUqCznuPV2OqQ=" PayloadSize="24155" Path="FeaturesOnDemand\lv-lv\baseless\Microsoft-Windows-FileServices-Tools-FoD-Package~31bf3856ad364e35~AMD64~lv-lv~.cab" PayloadType="ExpressCab" />
        <PayloadItem PayloadHash="S4EgRsUcxryHx1uzO4ClO/kQWpvA5ExjLSkBI7jQafQ=" PayloadSize="621184" Path="FeaturesOnDemand\lv-lv\baseless\Microsoft-Windows-FileServices-Tools-FoD-Package~31bf3856ad364e35~AMD64~lv-lv~.psf" PayloadType="ExpressPSF" />
      </Payload>
    </Package>
    <Package ID="Microsoft-Windows-FileServices-Tools-FoD-Package~31bf3856ad364e35~wow64~lv-lv~" InstalledSize="177201" Version="10.0.17763.1">
      <SatelliteInfo>
        <ApplyToInfo>
          <ApplyTo Type="arch" Value="wow64" />
          <ApplyTo Type="language" Value="lv-LV" />
        </ApplyToInfo>
      </SatelliteInfo>
      <Payload>
        <PayloadItem PayloadHash="a2RWAYNOupbfUh9NBFtcKD4KGTaWaEJ8FDPmw/1STxM=" PayloadSize="19355" Path="FeaturesOnDemand\lv-lv\baseless\Microsoft-Windows-FileServices-Tools-FoD-Package~31bf3856ad364e35~wow64~lv-lv~.cab" PayloadType="ExpressCab" />
        <PayloadItem PayloadHash="h5kFMPiOtMaTVf3QiJAo/T8ZyXhHZf7B+EUwIs9fKZ4=" PayloadSize="86499" Path="FeaturesOnDemand\lv-lv\baseless\Microsoft-Windows-FileServices-Tools-FoD-Package~31bf3856ad364e35~wow64~lv-lv~.psf" PayloadType="ExpressPSF" />
      </Payload>
    </Package>
    <Package ID="Microsoft-Windows-GroupPolicy-Management-Tools-FoD-Package~31bf3856ad364e35~AMD64~lv-lv~" InstalledSize="2283302" Version="10.0.17763.1">
      <SatelliteInfo>
        <ApplyToInfo>
          <ApplyTo Type="language" Value="lv-LV" />
        </ApplyToInfo>
      </SatelliteInfo>
      <Payload>
        <PayloadItem PayloadHash="EeW0gKq6qHrzFRgQEXTNyLkHKokhzXpWCWUAkPzLG/Q=" PayloadSize="22993" Path="FeaturesOnDemand\lv-lv\baseless\Microsoft-Windows-GroupPolicy-Management-Tools-FoD-Package~31bf3856ad364e35~AMD64~lv-lv~.cab" PayloadType="ExpressCab" />
        <PayloadItem PayloadHash="6CJIN1j9Avo1mWFLFJnHn9dwPItcRuSRF2YtDEZgor0=" PayloadSize="352692" Path="FeaturesOnDemand\lv-lv\baseless\Microsoft-Windows-GroupPolicy-Management-Tools-FoD-Package~31bf3856ad364e35~AMD64~lv-lv~.psf" PayloadType="ExpressPSF" />
      </Payload>
    </Package>
    <Package ID="Microsoft-Windows-GroupPolicy-Management-Tools-FoD-Package~31bf3856ad364e35~wow64~lv-lv~" InstalledSize="310048" Version="10.0.17763.1">
      <SatelliteInfo>
        <ApplyToInfo>
          <ApplyTo Type="arch" Value="wow64" />
          <ApplyTo Type="language" Value="lv-LV" />
        </ApplyToInfo>
      </SatelliteInfo>
      <Payload>
        <PayloadItem PayloadHash="Dw+vEqTITcr7Vj+VHZVTrcuzL1/JICZvEqEwinKmZmY=" PayloadSize="18689" Path="FeaturesOnDemand\lv-lv\baseless\Microsoft-Windows-GroupPolicy-Management-Tools-FoD-Package~31bf3856ad364e35~wow64~lv-lv~.cab" PayloadType="ExpressCab" />
        <PayloadItem PayloadHash="95j6zX+0M5ixfYvd5ljTlvAyu2GfXXAs4bWWq3LwqJI=" PayloadSize="99699" Path="FeaturesOnDemand\lv-lv\baseless\Microsoft-Windows-GroupPolicy-Management-Tools-FoD-Package~31bf3856ad364e35~wow64~lv-lv~.psf" PayloadType="ExpressPSF" />
      </Payload>
    </Package>
    <Package ID="Microsoft-Windows-IPAM-Client-FoD-Package~31bf3856ad364e35~AMD64~lv-lv~" InstalledSize="103728" Version="10.0.17763.1">
      <SatelliteInfo>
        <ApplyToInfo>
          <ApplyTo Type="language" Value="lv-LV" />
        </ApplyToInfo>
      </SatelliteInfo>
      <Payload>
        <PayloadItem PayloadHash="5zfzo/30Gn8B/4eC0ZQF1KYc2RsnouLtUGHQxccYVWs=" PayloadSize="18577" Path="FeaturesOnDemand\lv-lv\baseless\Microsoft-Windows-IPAM-Client-FoD-Package~31bf3856ad364e35~AMD64~lv-lv~.cab" PayloadType="ExpressCab" />
        <PayloadItem PayloadHash="9Wv/SFXRuhO1BMMMKfJfsSsPSY9g8Cjbg7RLkIdk0xo=" PayloadSize="71341" Path="FeaturesOnDemand\lv-lv\baseless\Microsoft-Windows-IPAM-Client-FoD-Package~31bf3856ad364e35~AMD64~lv-lv~.psf" PayloadType="ExpressPSF" />
      </Payload>
    </Package>
    <Package ID="Microsoft-Windows-IPAM-Client-FoD-Package~31bf3856ad364e35~wow64~lv-lv~" InstalledSize="26598" Version="10.0.17763.1">
      <SatelliteInfo>
        <ApplyToInfo>
          <ApplyTo Type="arch" Value="wow64" />
          <ApplyTo Type="language" Value="lv-LV" />
        </ApplyToInfo>
      </SatelliteInfo>
      <Payload>
        <PayloadItem PayloadHash="komxS8cJYiwBpLmAQGK0hNve2+abRWke4F/Gx11b2o4=" PayloadSize="18717" Path="FeaturesOnDemand\lv-lv\baseless\Microsoft-Windows-IPAM-Client-FoD-Package~31bf3856ad364e35~wow64~lv-lv~.cab" PayloadType="ExpressCab" />
        <PayloadItem PayloadHash="Mf9jRxADFaeVReaYv+ZoUPlOQHMUDtUs2+NCY8G9lV0=" PayloadSize="61717" Path="FeaturesOnDemand\lv-lv\baseless\Microsoft-Windows-IPAM-Client-FoD-Package~31bf3856ad364e35~wow64~lv-lv~.psf" PayloadType="ExpressPSF" />
      </Payload>
    </Package>
    <Package ID="Microsoft-Windows-NetworkController-Tools-FoD-Package~31bf3856ad364e35~AMD64~lv-lv~" InstalledSize="69944" Version="10.0.17763.1">
      <SatelliteInfo>
        <ApplyToInfo>
          <ApplyTo Type="language" Value="lv-LV" />
        </ApplyToInfo>
      </SatelliteInfo>
      <Payload>
        <PayloadItem PayloadHash="Pv09iar6xvx214hu8fnlkpLi1C6tGzqcuYaj+TBVTnU=" PayloadSize="18841" Path="FeaturesOnDemand\lv-lv\baseless\Microsoft-Windows-NetworkController-Tools-FoD-Package~31bf3856ad364e35~AMD64~lv-lv~.cab" PayloadType="ExpressCab" />
        <PayloadItem PayloadHash="6wLYwu1J6JkFPPbgyan5p/pU6jh+rLmJwywvsWcz7p8=" PayloadSize="79634" Path="FeaturesOnDemand\lv-lv\baseless\Microsoft-Windows-NetworkController-Tools-FoD-Package~31bf3856ad364e35~AMD64~lv-lv~.psf" PayloadType="ExpressPSF" />
      </Payload>
    </Package>
    <Package ID="Microsoft-Windows-NetworkLoadBalancing-Tools-FoD-Package~31bf3856ad364e35~AMD64~lv-lv~" InstalledSize="222568" Version="10.0.17763.1">
      <SatelliteInfo>
        <ApplyToInfo>
          <ApplyTo Type="language" Value="lv-LV" />
        </ApplyToInfo>
      </SatelliteInfo>
      <Payload>
        <PayloadItem PayloadHash="GRTGYx2ZS7WLO/XtY2F9kSOFkc/82nUCXiN/2LQWhQ0=" PayloadSize="19353" Path="FeaturesOnDemand\lv-lv\baseless\Microsoft-Windows-NetworkLoadBalancing-Tools-FoD-Package~31bf3856ad364e35~AMD64~lv-lv~.cab" PayloadType="ExpressCab" />
        <PayloadItem PayloadHash="ZoLPxmDPcMaK2yk9Ho2r3iITKuQKbYuzrqAUTCM4ajc=" PayloadSize="97907" Path="FeaturesOnDemand\lv-lv\baseless\Microsoft-Windows-NetworkLoadBalancing-Tools-FoD-Package~31bf3856ad364e35~AMD64~lv-lv~.psf" PayloadType="ExpressPSF" />
      </Payload>
    </Package>
    <Package ID="Microsoft-Windows-RasCMAK-Client-Package~31bf3856ad364e35~AMD64~lv-lv~" InstalledSize="223229" Version="10.0.17763.1">
      <SatelliteInfo>
        <ApplyToInfo>
          <ApplyTo Type="language" Value="lv-LV" />
        </ApplyToInfo>
      </SatelliteInfo>
      <Payload>
        <PayloadItem PayloadHash="eOYsQhPXcOH9gP7rK8iAqioYa/TldoatiDQ2P73XmQU=" PayloadSize="19231" Path="FeaturesOnDemand\lv-lv\baseless\Microsoft-Windows-RasCMAK-Client-Package~31bf3856ad364e35~AMD64~lv-lv~.cab" PayloadType="ExpressCab" />
        <PayloadItem PayloadHash="qkKGyURGVMW3lYfCRmcltJ94olEnnhAHXS4liWrcnQc=" PayloadSize="124598" Path="FeaturesOnDemand\lv-lv\baseless\Microsoft-Windows-RasCMAK-Client-Package~31bf3856ad364e35~AMD64~lv-lv~.psf" PayloadType="ExpressPSF" />
      </Payload>
    </Package>
    <Package ID="Microsoft-Windows-RasCMAK-Client-Package~31bf3856ad364e35~wow64~lv-lv~" InstalledSize="398958" Version="10.0.17763.1">
      <SatelliteInfo>
        <ApplyToInfo>
          <ApplyTo Type="arch" Value="wow64" />
          <ApplyTo Type="language" Value="lv-LV" />
        </ApplyToInfo>
      </SatelliteInfo>
      <Payload>
        <PayloadItem PayloadHash="Q831ueyjCRI7RZRVsjAhva/0XIlSI0a2ps0rNDGBMiU=" PayloadSize="19365" Path="FeaturesOnDemand\lv-lv\baseless\Microsoft-Windows-RasCMAK-Client-Package~31bf3856ad364e35~wow64~lv-lv~.cab" PayloadType="ExpressCab" />
        <PayloadItem PayloadHash="xZUSVQ2hCR1bxqmgUJMVxh1mJyMgSBHlsi6UPUqpPTY=" PayloadSize="326765" Path="FeaturesOnDemand\lv-lv\baseless\Microsoft-Windows-RasCMAK-Client-Package~31bf3856ad364e35~wow64~lv-lv~.psf" PayloadType="ExpressPSF" />
      </Payload>
    </Package>
    <Package ID="Microsoft-Windows-RasRip-Package~31bf3856ad364e35~AMD64~lv-lv~" InstalledSize="27739" Version="10.0.17763.1">
      <SatelliteInfo>
        <ApplyToInfo>
          <ApplyTo Type="language" Value="lv-LV" />
        </ApplyToInfo>
      </SatelliteInfo>
      <Payload>
        <PayloadItem PayloadHash="TF3G6FWSzXQAcqO9o8+YVRRH3Jlky/KpD50C8Z2kQ+A=" PayloadSize="18531" Path="FeaturesOnDemand\lv-lv\baseless\Microsoft-Windows-RasRip-Package~31bf3856ad364e35~AMD64~lv-lv~.cab" PayloadType="ExpressCab" />
        <PayloadItem PayloadHash="GR2W4ufzFdMTAsspUxEfUKn/cU4DVizfZqrcpAacQkw=" PayloadSize="61765" Path="FeaturesOnDemand\lv-lv\baseless\Microsoft-Windows-RasRip-Package~31bf3856ad364e35~AMD64~lv-lv~.psf" PayloadType="ExpressPSF" />
      </Payload>
    </Package>
    <Package ID="Microsoft-Windows-RemoteAccess-Management-Tools-FoD-Package~31bf3856ad364e35~AMD64~lv-lv~" InstalledSize="18532553" Version="10.0.17763.1">
      <SatelliteInfo>
        <ApplyToInfo>
          <ApplyTo Type="language" Value="lv-LV" />
        </ApplyToInfo>
      </SatelliteInfo>
      <Payload>
        <PayloadItem PayloadHash="l/9LtEG2qdgJrSuVbran42rXyObF5KE4YLDekYmWx7M=" PayloadSize="21893" Path="FeaturesOnDemand\lv-lv\baseless\Microsoft-Windows-RemoteAccess-Management-Tools-FoD-Package~31bf3856ad364e35~AMD64~lv-lv~.cab" PayloadType="ExpressCab" />
        <PayloadItem PayloadHash="xSzD68G0+MMmu8H8od3cef1M2RnwY/i1WVHrIju2sT4=" PayloadSize="3400996" Path="FeaturesOnDemand\lv-lv\baseless\Microsoft-Windows-RemoteAccess-Management-Tools-FoD-Package~31bf3856ad364e35~AMD64~lv-lv~.psf" PayloadType="ExpressPSF" />
      </Payload>
    </Package>
    <Package ID="Microsoft-Windows-RemoteAccess-Management-Tools-FoD-Package~31bf3856ad364e35~wow64~lv-lv~" InstalledSize="13719" Version="10.0.17763.1">
      <SatelliteInfo>
        <ApplyToInfo>
          <ApplyTo Type="arch" Value="wow64" />
          <ApplyTo Type="language" Value="lv-LV" />
        </ApplyToInfo>
      </SatelliteInfo>
      <Payload>
        <PayloadItem PayloadHash="+uFZt3J0Jru+AhV9PfWdEM78o2blaJd41+f0Ws+lOW0=" PayloadSize="18591" Path="FeaturesOnDemand\lv-lv\baseless\Microsoft-Windows-RemoteAccess-Management-Tools-FoD-Package~31bf3856ad364e35~wow64~lv-lv~.cab" PayloadType="ExpressCab" />
        <PayloadItem PayloadHash="khjMAFfIcRQ62ShxTG053tJTDnGv5y2muDW4L3Tx6AY=" PayloadSize="59001" Path="FeaturesOnDemand\lv-lv\baseless\Microsoft-Windows-RemoteAccess-Management-Tools-FoD-Package~31bf3856ad364e35~wow64~lv-lv~.psf" PayloadType="ExpressPSF" />
      </Payload>
    </Package>
    <Package ID="Microsoft-Windows-RemoteDesktop-Services-Tools-FoD-Package~31bf3856ad364e35~AMD64~lv-lv~" InstalledSize="1514218" Version="10.0.17763.1">
      <SatelliteInfo>
        <ApplyToInfo>
          <ApplyTo Type="language" Value="lv-LV" />
        </ApplyToInfo>
      </SatelliteInfo>
      <Payload>
        <PayloadItem PayloadHash="XIsFa091z+Rw2vEPjXmJYIxz3e+ZOBYdu79z93syiRM=" PayloadSize="20723" Path="FeaturesOnDemand\lv-lv\baseless\Microsoft-Windows-RemoteDesktop-Services-Tools-FoD-Package~31bf3856ad364e35~AMD64~lv-lv~.cab" PayloadType="ExpressCab" />
        <PayloadItem PayloadHash="qIMF7fJEbpevuslAwP5UrhMJHms9s/42iFz6jQVzH4w=" PayloadSize="303601" Path="FeaturesOnDemand\lv-lv\baseless\Microsoft-Windows-RemoteDesktop-Services-Tools-FoD-Package~31bf3856ad364e35~AMD64~lv-lv~.psf" PayloadType="ExpressPSF" />
      </Payload>
    </Package>
    <Package ID="Microsoft-Windows-Server-AppCompat-FoD-Package~31bf3856ad364e35~AMD64~lv-lv~" InstalledSize="27999913" Version="10.0.17763.1">
      <SatelliteInfo>
        <ApplyToInfo>
          <ApplyTo Type="language" Value="lv-LV" />
        </ApplyToInfo>
      </SatelliteInfo>
      <Payload>
        <PayloadItem PayloadHash="KfY1/JdSLLoaEe00War7IQl3C45BVvIJKiYkr9LViPw=" PayloadSize="95949" Path="FeaturesOnDemand\lv-lv\baseless\Microsoft-Windows-Server-AppCompat-FoD-Package~31bf3856ad364e35~AMD64~lv-lv~.cab" PayloadType="ExpressCab" />
        <PayloadItem PayloadHash="QI71dAzFA0iBJCabBy5a/f5dEtyycqVFthAD+XLKabg=" PayloadSize="6833737" Path="FeaturesOnDemand\lv-lv\baseless\Microsoft-Windows-Server-AppCompat-FoD-Package~31bf3856ad364e35~AMD64~lv-lv~.psf" PayloadType="ExpressPSF" />
      </Payload>
    </Package>
    <Package ID="Microsoft-Windows-ServerManager-Tools-FoD-Package~31bf3856ad364e35~AMD64~lv-lv~" InstalledSize="11804100" Version="10.0.17763.1">
      <SatelliteInfo>
        <ApplyToInfo>
          <ApplyTo Type="language" Value="lv-LV" />
        </ApplyToInfo>
      </SatelliteInfo>
      <Payload>
        <PayloadItem PayloadHash="lh0BH205XUjerXTF/GKX2PvJ5UWFzsAwMygwKon2clw=" PayloadSize="38525" Path="FeaturesOnDemand\lv-lv\baseless\Microsoft-Windows-ServerManager-Tools-FoD-Package~31bf3856ad364e35~AMD64~lv-lv~.cab" PayloadType="ExpressCab" />
        <PayloadItem PayloadHash="nLp1COQDoW1wcy3oQ6JqpIhVNE2I8d3LO4fCQSa+Mg8=" PayloadSize="2311436" Path="FeaturesOnDemand\lv-lv\baseless\Microsoft-Windows-ServerManager-Tools-FoD-Package~31bf3856ad364e35~AMD64~lv-lv~.psf" PayloadType="ExpressPSF" />
      </Payload>
    </Package>
    <Package ID="Microsoft-Windows-ServerManager-Tools-FoD-Package~31bf3856ad364e35~wow64~lv-lv~" InstalledSize="1200236" Version="10.0.17763.1">
      <SatelliteInfo>
        <ApplyToInfo>
          <ApplyTo Type="arch" Value="wow64" />
          <ApplyTo Type="language" Value="lv-LV" />
        </ApplyToInfo>
      </SatelliteInfo>
      <Payload>
        <PayloadItem PayloadHash="MnxrnYEJJ61FCeg0/Q6w6Gge/c1zZJZbZtTAtsQEl0Q=" PayloadSize="20083" Path="FeaturesOnDemand\lv-lv\baseless\Microsoft-Windows-ServerManager-Tools-FoD-Package~31bf3856ad364e35~wow64~lv-lv~.cab" PayloadType="ExpressCab" />
        <PayloadItem PayloadHash="XJHRx3IC6Xbk0nyTvlC/XEzB7w1GpzzZlsfZOl/KPmc=" PayloadSize="365445" Path="FeaturesOnDemand\lv-lv\baseless\Microsoft-Windows-ServerManager-Tools-FoD-Package~31bf3856ad364e35~wow64~lv-lv~.psf" PayloadType="ExpressPSF" />
      </Payload>
    </Package>
    <Package ID="Microsoft-Windows-Shielded-VM-Tools-FoD-Package~31bf3856ad364e35~AMD64~lv-lv~" InstalledSize="389078" Version="10.0.17763.1">
      <SatelliteInfo>
        <ApplyToInfo>
          <ApplyTo Type="language" Value="lv-LV" />
        </ApplyToInfo>
      </SatelliteInfo>
      <Payload>
        <PayloadItem PayloadHash="mdrbUYrkaQ8cNGxPTTeKDXMORJEtzsV6qYmr4+He8iU=" PayloadSize="23817" Path="FeaturesOnDemand\lv-lv\baseless\Microsoft-Windows-Shielded-VM-Tools-FoD-Package~31bf3856ad364e35~AMD64~lv-lv~.cab" PayloadType="ExpressCab" />
        <PayloadItem PayloadHash="DkmITIJYInURoZdLTmc+EQBuFGs6zqpZdEQJeIRfpAI=" PayloadSize="180188" Path="FeaturesOnDemand\lv-lv\baseless\Microsoft-Windows-Shielded-VM-Tools-FoD-Package~31bf3856ad364e35~AMD64~lv-lv~.psf" PayloadType="ExpressPSF" />
      </Payload>
    </Package>
    <Package ID="Microsoft-Windows-SNMP-Client-Package~31bf3856ad364e35~AMD64~lv-lv~" InstalledSize="131594" Version="10.0.17763.1">
      <SatelliteInfo>
        <ApplyToInfo>
          <ApplyTo Type="language" Value="lv-LV" />
        </ApplyToInfo>
      </SatelliteInfo>
      <Payload>
        <PayloadItem PayloadHash="4kzMeQ2LNQxZIp/KfZA5AXtaCcK3LApQwsiVmp3wZZI=" PayloadSize="20553" Path="FeaturesOnDemand\lv-lv\baseless\Microsoft-Windows-SNMP-Client-Package~31bf3856ad364e35~AMD64~lv-lv~.cab" PayloadType="ExpressCab" />
        <PayloadItem PayloadHash="3+45x3xGOmmBffsjGPbPlfOs2nVmPFYhej8IYiiFpvw=" PayloadSize="101794" Path="FeaturesOnDemand\lv-lv\baseless\Microsoft-Windows-SNMP-Client-Package~31bf3856ad364e35~AMD64~lv-lv~.psf" PayloadType="ExpressPSF" />
      </Payload>
    </Package>
    <Package ID="Microsoft-Windows-SNMP-Client-Package~31bf3856ad364e35~wow64~lv-lv~" InstalledSize="131709" Version="10.0.17763.1">
      <SatelliteInfo>
        <ApplyToInfo>
          <ApplyTo Type="arch" Value="wow64" />
          <ApplyTo Type="language" Value="lv-LV" />
        </ApplyToInfo>
      </SatelliteInfo>
      <Payload>
        <PayloadItem PayloadHash="DQAnOW7CBSbI53rCtp9JPQpp1RBZoVj7CdkpsFcV0I8=" PayloadSize="20121" Path="FeaturesOnDemand\lv-lv\baseless\Microsoft-Windows-SNMP-Client-Package~31bf3856ad364e35~wow64~lv-lv~.cab" PayloadType="ExpressCab" />
        <PayloadItem PayloadHash="XFU5Jlq6+gvi9ZHFZAqSgJs9VqAOZlVi1ls4smg6Y2c=" PayloadSize="101400" Path="FeaturesOnDemand\lv-lv\baseless\Microsoft-Windows-SNMP-Client-Package~31bf3856ad364e35~wow64~lv-lv~.psf" PayloadType="ExpressPSF" />
      </Payload>
    </Package>
    <Package ID="Microsoft-Windows-StorageManagement-FoD-Package~31bf3856ad364e35~AMD64~lv-lv~" InstalledSize="1618331" Version="10.0.17763.1">
      <SatelliteInfo>
        <ApplyToInfo>
          <ApplyTo Type="language" Value="lv-LV" />
        </ApplyToInfo>
      </SatelliteInfo>
      <Payload>
        <PayloadItem PayloadHash="Pypgbtb7R8aQbWDpt4+qUPoBpaFGBTqGeQWTKWrzBPI=" PayloadSize="21599" Path="FeaturesOnDemand\lv-lv\baseless\Microsoft-Windows-StorageManagement-FoD-Package~31bf3856ad364e35~AMD64~lv-lv~.cab" PayloadType="ExpressCab" />
        <PayloadItem PayloadHash="sp38mmn9lo7MKYQQVhNvSK9tEbPh8b9lqUqXyoIed9A=" PayloadSize="210469" Path="FeaturesOnDemand\lv-lv\baseless\Microsoft-Windows-StorageManagement-FoD-Package~31bf3856ad364e35~AMD64~lv-lv~.psf" PayloadType="ExpressPSF" />
      </Payload>
    </Package>
    <Package ID="Microsoft-Windows-StorageManagement-FoD-Package~31bf3856ad364e35~wow64~lv-lv~" InstalledSize="1119367" Version="10.0.17763.1">
      <SatelliteInfo>
        <ApplyToInfo>
          <ApplyTo Type="arch" Value="wow64" />
          <ApplyTo Type="language" Value="lv-LV" />
        </ApplyToInfo>
      </SatelliteInfo>
      <Payload>
        <PayloadItem PayloadHash="cHIcFnFMDCruEeBWaGIDIHbcrM8D0PkivT8LWm6YFG4=" PayloadSize="20473" Path="FeaturesOnDemand\lv-lv\baseless\Microsoft-Windows-StorageManagement-FoD-Package~31bf3856ad364e35~wow64~lv-lv~.cab" PayloadType="ExpressCab" />
        <PayloadItem PayloadHash="yiRQCLSMliiHhxunHpA2QH545/yX4FR0BO+Zk1AkqSw=" PayloadSize="140650" Path="FeaturesOnDemand\lv-lv\baseless\Microsoft-Windows-StorageManagement-FoD-Package~31bf3856ad364e35~wow64~lv-lv~.psf" PayloadType="ExpressPSF" />
      </Payload>
    </Package>
    <Package ID="Microsoft-Windows-StorageMigrationService-Management-Tools-FOD-Package~31bf3856ad364e35~AMD64~lv-lv~" InstalledSize="56960" Version="10.0.17763.1">
      <SatelliteInfo>
        <ApplyToInfo>
          <ApplyTo Type="language" Value="lv-LV" />
        </ApplyToInfo>
      </SatelliteInfo>
      <Payload>
        <PayloadItem PayloadHash="kARJeZ1PuD1F9vE+ZPddPoYXchd1asNdw+iTJsPmWxU=" PayloadSize="18583" Path="FeaturesOnDemand\lv-lv\baseless\Microsoft-Windows-StorageMigrationService-Management-Tools-FOD-Package~31bf3856ad364e35~AMD64~lv-lv~.cab" PayloadType="ExpressCab" />
        <PayloadItem PayloadHash="ue+Lyph0ByGKGzIdIOvfkTynhIj8uliLZMOc/LCSdQg=" PayloadSize="73464" Path="FeaturesOnDemand\lv-lv\baseless\Microsoft-Windows-StorageMigrationService-Management-Tools-FOD-Package~31bf3856ad364e35~AMD64~lv-lv~.psf" PayloadType="ExpressPSF" />
      </Payload>
    </Package>
    <Package ID="Microsoft-Windows-StorageReplica-Tools-FoD-Package~31bf3856ad364e35~AMD64~lv-lv~" InstalledSize="401445" Version="10.0.17763.1">
      <SatelliteInfo>
        <ApplyToInfo>
          <ApplyTo Type="language" Value="lv-LV" />
        </ApplyToInfo>
      </SatelliteInfo>
      <Payload>
        <PayloadItem PayloadHash="fNGgCKm2ZHtmrKMFUSPUfKvX2x4Xd56tJt6Nr/wKI78=" PayloadSize="19403" Path="FeaturesOnDemand\lv-lv\baseless\Microsoft-Windows-StorageReplica-Tools-FoD-Package~31bf3856ad364e35~AMD64~lv-lv~.cab" PayloadType="ExpressCab" />
        <PayloadItem PayloadHash="ChX8kEJqzqJ2gnYRZqddLPeCckqof7nuFglDFEU47f8=" PayloadSize="116811" Path="FeaturesOnDemand\lv-lv\baseless\Microsoft-Windows-StorageReplica-Tools-FoD-Package~31bf3856ad364e35~AMD64~lv-lv~.psf" PayloadType="ExpressPSF" />
      </Payload>
    </Package>
    <Package ID="Microsoft-Windows-SystemInsights-Management-Tools-FOD-Package~31bf3856ad364e35~AMD64~lv-lv~" InstalledSize="41641" Version="10.0.17763.1">
      <SatelliteInfo>
        <ApplyToInfo>
          <ApplyTo Type="language" Value="lv-LV" />
        </ApplyToInfo>
      </SatelliteInfo>
      <Payload>
        <PayloadItem PayloadHash="5ENCDZi0Mp6X77rsQXC9kJgODamYc7Yv5jMmP2zjvgc=" PayloadSize="18975" Path="FeaturesOnDemand\lv-lv\baseless\Microsoft-Windows-SystemInsights-Management-Tools-FOD-Package~31bf3856ad364e35~AMD64~lv-lv~.cab" PayloadType="ExpressCab" />
        <PayloadItem PayloadHash="XvCHbihRAxSdacmvVKZc/PVzaSvQrmd97paFJoMptl0=" PayloadSize="70426" Path="FeaturesOnDemand\lv-lv\baseless\Microsoft-Windows-SystemInsights-Management-Tools-FOD-Package~31bf3856ad364e35~AMD64~lv-lv~.psf" PayloadType="ExpressPSF" />
      </Payload>
    </Package>
    <Package ID="Microsoft-Windows-VolumeActivation-Tools-FoD-Package~31bf3856ad364e35~AMD64~lv-lv~" InstalledSize="224922" Version="10.0.17763.1">
      <SatelliteInfo>
        <ApplyToInfo>
          <ApplyTo Type="language" Value="lv-LV" />
        </ApplyToInfo>
      </SatelliteInfo>
      <Payload>
        <PayloadItem PayloadHash="OKPmZhJ13HQ/QAx7aOcCbI5TcEjWxiWOkHHfaCuwdpA=" PayloadSize="18875" Path="FeaturesOnDemand\lv-lv\baseless\Microsoft-Windows-VolumeActivation-Tools-FoD-Package~31bf3856ad364e35~AMD64~lv-lv~.cab" PayloadType="ExpressCab" />
        <PayloadItem PayloadHash="ELjDdH/jiee4yYM1mO4XtsfVoTqRXBOkt+zvdMZUObk=" PayloadSize="180874" Path="FeaturesOnDemand\lv-lv\baseless\Microsoft-Windows-VolumeActivation-Tools-FoD-Package~31bf3856ad364e35~AMD64~lv-lv~.psf" PayloadType="ExpressPSF" />
      </Payload>
    </Package>
    <Package ID="Microsoft-Windows-WMI-SNMP-Provider-Client-Package~31bf3856ad364e35~AMD64~lv-lv~" InstalledSize="56983" Version="10.0.17763.1">
      <SatelliteInfo>
        <ApplyToInfo>
          <ApplyTo Type="language" Value="lv-LV" />
        </ApplyToInfo>
      </SatelliteInfo>
      <Payload>
        <PayloadItem PayloadHash="HRNE8elywzsTCQ4Y1zKyzUKUQeE5LMNhuFVBQ+YzmEg=" PayloadSize="18907" Path="FeaturesOnDemand\lv-lv\baseless\Microsoft-Windows-WMI-SNMP-Provider-Client-Package~31bf3856ad364e35~AMD64~lv-lv~.cab" PayloadType="ExpressCab" />
        <PayloadItem PayloadHash="bowBHrhCDfuiV2iCX55G4TjFI4kg4R8upTEdPFGuf5A=" PayloadSize="73823" Path="FeaturesOnDemand\lv-lv\baseless\Microsoft-Windows-WMI-SNMP-Provider-Client-Package~31bf3856ad364e35~AMD64~lv-lv~.psf" PayloadType="ExpressPSF" />
      </Payload>
    </Package>
    <Package ID="Microsoft-Windows-WMI-SNMP-Provider-Client-Package~31bf3856ad364e35~wow64~lv-lv~" InstalledSize="57473" Version="10.0.17763.1">
      <SatelliteInfo>
        <ApplyToInfo>
          <ApplyTo Type="arch" Value="wow64" />
          <ApplyTo Type="language" Value="lv-LV" />
        </ApplyToInfo>
      </SatelliteInfo>
      <Payload>
        <PayloadItem PayloadHash="KpwTwIMzkq3VD9td6Aniq2x+YL3UJI932eykiiC76UQ=" PayloadSize="19123" Path="FeaturesOnDemand\lv-lv\baseless\Microsoft-Windows-WMI-SNMP-Provider-Client-Package~31bf3856ad364e35~wow64~lv-lv~.cab" PayloadType="ExpressCab" />
        <PayloadItem PayloadHash="F1BbhaZoQ2fiUQJUyruO28ltTYxpqy6nKCBNrU728nA=" PayloadSize="74216" Path="FeaturesOnDemand\lv-lv\baseless\Microsoft-Windows-WMI-SNMP-Provider-Client-Package~31bf3856ad364e35~wow64~lv-lv~.psf" PayloadType="ExpressPSF" />
      </Payload>
    </Package>
    <Package ID="Microsoft-Windows-WSUS-Tools-FoD-Package~31bf3856ad364e35~AMD64~lv-lv~" InstalledSize="2929165" Version="10.0.17763.1">
      <SatelliteInfo>
        <ApplyToInfo>
          <ApplyTo Type="language" Value="lv-LV" />
        </ApplyToInfo>
      </SatelliteInfo>
      <Payload>
        <PayloadItem PayloadHash="m4aXfnptyJw5EvKAt884RGzc11WRvzsSSNu+Spfn9V0=" PayloadSize="19953" Path="FeaturesOnDemand\lv-lv\baseless\Microsoft-Windows-WSUS-Tools-FoD-Package~31bf3856ad364e35~AMD64~lv-lv~.cab" PayloadType="ExpressCab" />
        <PayloadItem PayloadHash="/vsvXdZLj6es8MCsvb+BjEik+C/gI3X8WXnv1HvW/XE=" PayloadSize="395264" Path="FeaturesOnDemand\lv-lv\baseless\Microsoft-Windows-WSUS-Tools-FoD-Package~31bf3856ad364e35~AMD64~lv-lv~.psf" PayloadType="ExpressPSF" />
      </Payload>
    </Package>
  </Packages>
</CompDB>