<?xml version="1.0" encoding="utf-8"?>
<CompDB xmlns:xsi="http://www.w3.org/2001/XMLSchema-instance" xmlns:xsd="http://www.w3.org/2001/XMLSchema" CreatedDate="2018-11-15T20:50:17.2197308Z" Revision="1" SchemaVersion="1.2" Product="Desktop" BuildID="80154b57-1148-3590-c1b9-d2ce93ee1fac" BuildInfo="rs5_release.17763.1.180914-1434" OSVersion="10.0.17763.1" BuildArch="amd64" ReleaseType="Production" Type="Baseless" xmlns="http://schemas.microsoft.com/embedded/2004/10/ImageUpdate">
  <Tags Type="Language">
    <Tag Name="Language" Value="es-ES" />
    <Tag Name="UpdateType" Value="Baseless" />
  </Tags>
  <Features>
    <Feature Type="LanguagePack" FeatureID="Language.UI.Server~es-es" FMID="MSDL" Group="Microsoft">
      <Packages>
        <Package ID="Microsoft-Windows-Server-LanguagePack-Package_es-es~31bf3856ad364e35~amd64~es-es~" PackageType="FeaturePackage" />
      </Packages>
    </Feature>
    <Feature Type="OnDemandFeature" FeatureID="Microsoft.Onecore.StorageManagement~~1.0" FMID="MSDN" Group="Microsoft">
      <Packages>
        <Package ID="Microsoft-OneCore-StorageManagement-FoD-Package~31bf3856ad364e35~AMD64~es-es~" PackageType="SatellitePackage" />
        <Package ID="Microsoft-OneCore-StorageManagement-FoD-Package~31bf3856ad364e35~wow64~es-es~" PackageType="SatellitePackage" />
      </Packages>
    </Feature>
    <Feature Type="OnDemandFeature" FeatureID="Rsat.ActiveDirectory.DS-LDS.Tools~~1.0" FMID="MSDN" Group="Microsoft">
      <Dependencies>
        <Feature FeatureID="Rsat.ServerManager.Tools~~1.0" />
      </Dependencies>
      <Packages>
        <Package ID="Microsoft-Windows-ActiveDirectory-DS-LDS-Tools-FoD-Package~31bf3856ad364e35~AMD64~es-es~" PackageType="SatellitePackage" />
        <Package ID="Microsoft-Windows-ActiveDirectory-DS-LDS-Tools-FoD-Package~31bf3856ad364e35~wow64~es-es~" PackageType="SatellitePackage" />
      </Packages>
    </Feature>
    <Feature Type="OnDemandFeature" FeatureID="Rsat.BitLocker.Recovery.Tools~~1.0" FMID="MSDN" Group="Microsoft">
      <Dependencies>
        <Feature FeatureID="Rsat.ActiveDirectory.DS-LDS.Tools~~1.0" />
      </Dependencies>
      <Packages>
        <Package ID="Microsoft-Windows-BitLocker-Recovery-Tools-FoD-Package~31bf3856ad364e35~AMD64~es-es~" PackageType="SatellitePackage" />
      </Packages>
    </Feature>
    <Feature Type="OnDemandFeature" FeatureID="Rsat.CertificateServices.Tools~~1.0" FMID="MSDN" Group="Microsoft">
      <Packages>
        <Package ID="Microsoft-Windows-CertificateServices-Tools-FoD-Package~31bf3856ad364e35~AMD64~es-es~" PackageType="SatellitePackage" />
      </Packages>
    </Feature>
    <Feature Type="OnDemandFeature" FeatureID="Rsat.DHCP.Tools~~1.0" FMID="MSDN" Group="Microsoft">
      <Packages>
        <Package ID="Microsoft-Windows-DHCP-Tools-FoD-Package~31bf3856ad364e35~AMD64~es-es~" PackageType="SatellitePackage" />
        <Package ID="Microsoft-Windows-DHCP-Tools-FoD-Package~31bf3856ad364e35~wow64~es-es~" PackageType="SatellitePackage" />
      </Packages>
    </Feature>
    <Feature Type="OnDemandFeature" FeatureID="Rsat.Dns.Tools~~1.0" FMID="MSDN" Group="Microsoft">
      <Packages>
        <Package ID="Microsoft-Windows-DNS-Tools-FoD-Package~31bf3856ad364e35~AMD64~es-es~" PackageType="SatellitePackage" />
        <Package ID="Microsoft-Windows-DNS-Tools-FoD-Package~31bf3856ad364e35~wow64~es-es~" PackageType="SatellitePackage" />
      </Packages>
    </Feature>
    <Feature Type="OnDemandFeature" FeatureID="Rsat.FailoverCluster.Management.Tools~~1.0" FMID="MSDN" Group="Microsoft">
      <Dependencies>
        <Feature FeatureID="Rsat.FileServices.Tools~~1.0" />
      </Dependencies>
      <Packages>
        <Package ID="Microsoft-Windows-FailoverCluster-Management-Tools-FOD-Package~31bf3856ad364e35~AMD64~es-es~" PackageType="SatellitePackage" />
        <Package ID="Microsoft-Windows-FailoverCluster-Management-Tools-FOD-Package~31bf3856ad364e35~wow64~es-es~" PackageType="SatellitePackage" />
      </Packages>
    </Feature>
    <Feature Type="OnDemandFeature" FeatureID="Rsat.FileServices.Tools~~1.0" FMID="MSDN" Group="Microsoft">
      <Dependencies>
        <Feature FeatureID="Rsat.ServerManager.Tools~~1.0" />
      </Dependencies>
      <Packages>
        <Package ID="Microsoft-Windows-FileServices-Tools-FoD-Package~31bf3856ad364e35~AMD64~es-es~" PackageType="SatellitePackage" />
        <Package ID="Microsoft-Windows-FileServices-Tools-FoD-Package~31bf3856ad364e35~wow64~es-es~" PackageType="SatellitePackage" />
      </Packages>
    </Feature>
    <Feature Type="OnDemandFeature" FeatureID="Rsat.GroupPolicy.Management.Tools~~1.0" FMID="MSDN" Group="Microsoft">
      <Packages>
        <Package ID="Microsoft-Windows-GroupPolicy-Management-Tools-FoD-Package~31bf3856ad364e35~AMD64~es-es~" PackageType="SatellitePackage" />
        <Package ID="Microsoft-Windows-GroupPolicy-Management-Tools-FoD-Package~31bf3856ad364e35~wow64~es-es~" PackageType="SatellitePackage" />
      </Packages>
    </Feature>
    <Feature Type="OnDemandFeature" FeatureID="Rsat.IPAM.Client.Tools~~1.0" FMID="MSDN" Group="Microsoft">
      <Dependencies>
        <Feature FeatureID="Rsat.ServerManager.Tools~~1.0" />
      </Dependencies>
      <Packages>
        <Package ID="Microsoft-Windows-IPAM-Client-FoD-Package~31bf3856ad364e35~AMD64~es-es~" PackageType="SatellitePackage" />
        <Package ID="Microsoft-Windows-IPAM-Client-FoD-Package~31bf3856ad364e35~wow64~es-es~" PackageType="SatellitePackage" />
      </Packages>
    </Feature>
    <Feature Type="OnDemandFeature" FeatureID="Rsat.NetworkController.Tools~~1.0" FMID="MSDN" Group="Microsoft">
      <Packages>
        <Package ID="Microsoft-Windows-NetworkController-Tools-FoD-Package~31bf3856ad364e35~AMD64~es-es~" PackageType="SatellitePackage" />
      </Packages>
    </Feature>
    <Feature Type="OnDemandFeature" FeatureID="Rsat.NetworkLoadBalancing.Tools~~1.0" FMID="MSDN" Group="Microsoft">
      <Packages>
        <Package ID="Microsoft-Windows-NetworkLoadBalancing-Tools-FoD-Package~31bf3856ad364e35~AMD64~es-es~" PackageType="SatellitePackage" />
      </Packages>
    </Feature>
    <Feature Type="OnDemandFeature" FeatureID="RasCMAK.Client~~1.0" FMID="MSDN" Group="Microsoft">
      <Packages>
        <Package ID="Microsoft-Windows-RasCMAK-Client-Package~31bf3856ad364e35~AMD64~es-es~" PackageType="SatellitePackage" />
        <Package ID="Microsoft-Windows-RasCMAK-Client-Package~31bf3856ad364e35~wow64~es-es~" PackageType="SatellitePackage" />
      </Packages>
    </Feature>
    <Feature Type="OnDemandFeature" FeatureID="RIP.Listener~~1.0" FMID="MSDN" Group="Microsoft">
      <Packages>
        <Package ID="Microsoft-Windows-RasRip-Package~31bf3856ad364e35~AMD64~es-es~" PackageType="SatellitePackage" />
      </Packages>
    </Feature>
    <Feature Type="OnDemandFeature" FeatureID="Rsat.RemoteAccess.Management.Tools~~1.0" FMID="MSDN" Group="Microsoft">
      <Dependencies>
        <Feature FeatureID="Rsat.GroupPolicy.Management.Tools~~1.0" />
        <Feature FeatureID="Rsat.ServerManager.Tools~~1.0" />
      </Dependencies>
      <Packages>
        <Package ID="Microsoft-Windows-RemoteAccess-Management-Tools-FoD-Package~31bf3856ad364e35~AMD64~es-es~" PackageType="SatellitePackage" />
        <Package ID="Microsoft-Windows-RemoteAccess-Management-Tools-FoD-Package~31bf3856ad364e35~wow64~es-es~" PackageType="SatellitePackage" />
      </Packages>
    </Feature>
    <Feature Type="OnDemandFeature" FeatureID="Rsat.RemoteDesktop.Services.Tools~~1.0" FMID="MSDN" Group="Microsoft">
      <Packages>
        <Package ID="Microsoft-Windows-RemoteDesktop-Services-Tools-FoD-Package~31bf3856ad364e35~AMD64~es-es~" PackageType="SatellitePackage" />
      </Packages>
    </Feature>
    <Feature Type="OnDemandFeature" FeatureID="ServerCore.AppCompatibility~~1.0" FMID="MSDN" Group="Microsoft">
      <Packages>
        <Package ID="Microsoft-Windows-Server-AppCompat-FoD-Package~31bf3856ad364e35~AMD64~es-es~" PackageType="SatellitePackage" />
      </Packages>
    </Feature>
    <Feature Type="OnDemandFeature" FeatureID="Rsat.ServerManager.Tools~~1.0" FMID="MSDN" Group="Microsoft">
      <Packages>
        <Package ID="Microsoft-Windows-ServerManager-Tools-FoD-Package~31bf3856ad364e35~AMD64~es-es~" PackageType="SatellitePackage" />
        <Package ID="Microsoft-Windows-ServerManager-Tools-FoD-Package~31bf3856ad364e35~wow64~es-es~" PackageType="SatellitePackage" />
      </Packages>
    </Feature>
    <Feature Type="OnDemandFeature" FeatureID="Rsat.Shielded.VM.Tools~~1.0" FMID="MSDN" Group="Microsoft">
      <Dependencies>
        <Feature FeatureID="Rsat.ServerManager.Tools~~1.0" />
      </Dependencies>
      <Packages>
        <Package ID="Microsoft-Windows-Shielded-VM-Tools-FoD-Package~31bf3856ad364e35~AMD64~es-es~" PackageType="SatellitePackage" />
      </Packages>
    </Feature>
    <Feature Type="OnDemandFeature" FeatureID="SNMP.Client~~1.0" FMID="MSDN" Group="Microsoft">
      <Packages>
        <Package ID="Microsoft-Windows-SNMP-Client-Package~31bf3856ad364e35~AMD64~es-es~" PackageType="SatellitePackage" />
        <Package ID="Microsoft-Windows-SNMP-Client-Package~31bf3856ad364e35~wow64~es-es~" PackageType="SatellitePackage" />
      </Packages>
    </Feature>
    <Feature Type="OnDemandFeature" FeatureID="Microsoft.Windows.StorageManagement~~1.0" FMID="MSDN" Group="Microsoft">
      <Packages>
        <Package ID="Microsoft-Windows-StorageManagement-FoD-Package~31bf3856ad364e35~AMD64~es-es~" PackageType="SatellitePackage" />
        <Package ID="Microsoft-Windows-StorageManagement-FoD-Package~31bf3856ad364e35~wow64~es-es~" PackageType="SatellitePackage" />
      </Packages>
    </Feature>
    <Feature Type="OnDemandFeature" FeatureID="Rsat.StorageMigrationService.Management.Tools~~1.0" FMID="MSDN" Group="Microsoft">
      <Packages>
        <Package ID="Microsoft-Windows-StorageMigrationService-Management-Tools-FOD-Package~31bf3856ad364e35~AMD64~es-es~" PackageType="SatellitePackage" />
      </Packages>
    </Feature>
    <Feature Type="OnDemandFeature" FeatureID="Rsat.StorageReplica.Tools~~1.0" FMID="MSDN" Group="Microsoft">
      <Packages>
        <Package ID="Microsoft-Windows-StorageReplica-Tools-FoD-Package~31bf3856ad364e35~AMD64~es-es~" PackageType="SatellitePackage" />
      </Packages>
    </Feature>
    <Feature Type="OnDemandFeature" FeatureID="Rsat.SystemInsights.Management.Tools~~1.0" FMID="MSDN" Group="Microsoft">
      <Packages>
        <Package ID="Microsoft-Windows-SystemInsights-Management-Tools-FOD-Package~31bf3856ad364e35~AMD64~es-es~" PackageType="SatellitePackage" />
      </Packages>
    </Feature>
    <Feature Type="OnDemandFeature" FeatureID="Rsat.VolumeActivation.Tools~~1.0" FMID="MSDN" Group="Microsoft">
      <Packages>
        <Package ID="Microsoft-Windows-VolumeActivation-Tools-FoD-Package~31bf3856ad364e35~AMD64~es-es~" PackageType="SatellitePackage" />
      </Packages>
    </Feature>
    <Feature Type="OnDemandFeature" FeatureID="WMI-SNMP-Provider.Client~~1.0" FMID="MSDN" Group="Microsoft">
      <Dependencies>
        <Feature FeatureID="SNMP.Client~~1.0" />
      </Dependencies>
      <Packages>
        <Package ID="Microsoft-Windows-WMI-SNMP-Provider-Client-Package~31bf3856ad364e35~AMD64~es-es~" PackageType="SatellitePackage" />
        <Package ID="Microsoft-Windows-WMI-SNMP-Provider-Client-Package~31bf3856ad364e35~wow64~es-es~" PackageType="SatellitePackage" />
      </Packages>
    </Feature>
    <Feature Type="OnDemandFeature" FeatureID="Rsat.WSUS.Tools~~1.0" FMID="MSDN" Group="Microsoft">
      <Packages>
        <Package ID="Microsoft-Windows-WSUS-Tools-FoD-Package~31bf3856ad364e35~AMD64~es-es~" PackageType="SatellitePackage" />
      </Packages>
    </Feature>
  </Features>
  <Packages>
    <Package ID="Microsoft-Windows-Server-LanguagePack-Package_es-es~31bf3856ad364e35~amd64~es-es~" InstalledSize="1172212376" Version="10.0.17763.1">
      <SatelliteInfo>
        <DeclareInfo>
          <Declare Type="language" Value="es-ES" />
        </DeclareInfo>
      </SatelliteInfo>
      <Payload>
        <PayloadItem PayloadHash="VhwHIxHmZKvHZFGa5SDtBiHEGmY+H0CZPiMHODwdI7k=" PayloadSize="1669629" Path="UUP\Desktop\editionpackages\Server\es-es\baseless\Microsoft-Windows-Server-LanguagePack-Package_es-es~31bf3856ad364e35~amd64~es-es~.cab" PayloadType="ExpressCab" />
        <PayloadItem PayloadHash="c63sfzIqV6mpCuf75iLmd4hTOYt7g+TK/SqYhDHoQmQ=" PayloadSize="78899782" Path="UUP\Desktop\editionpackages\Server\es-es\baseless\Microsoft-Windows-Server-LanguagePack-Package_es-es~31bf3856ad364e35~amd64~es-es~.psf" PayloadType="ExpressPSF" />
      </Payload>
    </Package>
    <Package ID="Microsoft-OneCore-StorageManagement-FoD-Package~31bf3856ad364e35~AMD64~es-es~" InstalledSize="1968563" Version="10.0.17763.1">
      <SatelliteInfo>
        <ApplyToInfo>
          <ApplyTo Type="language" Value="es-ES" />
        </ApplyToInfo>
      </SatelliteInfo>
      <Payload>
        <PayloadItem PayloadHash="dTOSsnTqVJeblvGOak57w/+emr08iPeF3Ibh6pZYeAg=" PayloadSize="20571" Path="FeaturesOnDemand\es-es\baseless\Microsoft-OneCore-StorageManagement-FoD-Package~31bf3856ad364e35~AMD64~es-es~.cab" PayloadType="ExpressCab" />
        <PayloadItem PayloadHash="UWG8D89kNuZQvkiQ4d9Z/QXsNWAThVRRxIm+GH8paYQ=" PayloadSize="208482" Path="FeaturesOnDemand\es-es\baseless\Microsoft-OneCore-StorageManagement-FoD-Package~31bf3856ad364e35~AMD64~es-es~.psf" PayloadType="ExpressPSF" />
      </Payload>
    </Package>
    <Package ID="Microsoft-OneCore-StorageManagement-FoD-Package~31bf3856ad364e35~wow64~es-es~" InstalledSize="1079700" Version="10.0.17763.1">
      <SatelliteInfo>
        <ApplyToInfo>
          <ApplyTo Type="arch" Value="wow64" />
          <ApplyTo Type="language" Value="es-ES" />
        </ApplyToInfo>
      </SatelliteInfo>
      <Payload>
        <PayloadItem PayloadHash="fYklU+Kxb4IoO7bcyrPq3mlgGXvqUCrMPjtgmJa6vQM=" PayloadSize="18795" Path="FeaturesOnDemand\es-es\baseless\Microsoft-OneCore-StorageManagement-FoD-Package~31bf3856ad364e35~wow64~es-es~.cab" PayloadType="ExpressCab" />
        <PayloadItem PayloadHash="VSuKziBHLQpvq/RefbaYaXrTCrko0NBLdEsHOKfuUVE=" PayloadSize="117525" Path="FeaturesOnDemand\es-es\baseless\Microsoft-OneCore-StorageManagement-FoD-Package~31bf3856ad364e35~wow64~es-es~.psf" PayloadType="ExpressPSF" />
      </Payload>
    </Package>
    <Package ID="Microsoft-Windows-ActiveDirectory-DS-LDS-Tools-FoD-Package~31bf3856ad364e35~AMD64~es-es~" InstalledSize="6131705" Version="10.0.17763.1">
      <SatelliteInfo>
        <ApplyToInfo>
          <ApplyTo Type="language" Value="es-ES" />
        </ApplyToInfo>
      </SatelliteInfo>
      <Payload>
        <PayloadItem PayloadHash="3vd3rGZBuG8Xy97X5XWaUjUVDi2Me0hew+9qyFMZnLc=" PayloadSize="28071" Path="FeaturesOnDemand\es-es\baseless\Microsoft-Windows-ActiveDirectory-DS-LDS-Tools-FoD-Package~31bf3856ad364e35~AMD64~es-es~.cab" PayloadType="ExpressCab" />
        <PayloadItem PayloadHash="u/hWTJHyEYbcLZtW+y4MeLMx/PmhDLSXoMnbzoBWD/Y=" PayloadSize="983878" Path="FeaturesOnDemand\es-es\baseless\Microsoft-Windows-ActiveDirectory-DS-LDS-Tools-FoD-Package~31bf3856ad364e35~AMD64~es-es~.psf" PayloadType="ExpressPSF" />
      </Payload>
    </Package>
    <Package ID="Microsoft-Windows-ActiveDirectory-DS-LDS-Tools-FoD-Package~31bf3856ad364e35~wow64~es-es~" InstalledSize="819824" Version="10.0.17763.1">
      <SatelliteInfo>
        <ApplyToInfo>
          <ApplyTo Type="arch" Value="wow64" />
          <ApplyTo Type="language" Value="es-ES" />
        </ApplyToInfo>
      </SatelliteInfo>
      <Payload>
        <PayloadItem PayloadHash="DNE92OEaCBUCOm7h4xfQUNqxlB4unXnglDEbeYg1cgE=" PayloadSize="19689" Path="FeaturesOnDemand\es-es\baseless\Microsoft-Windows-ActiveDirectory-DS-LDS-Tools-FoD-Package~31bf3856ad364e35~wow64~es-es~.cab" PayloadType="ExpressCab" />
        <PayloadItem PayloadHash="cfOKfYHM+d0M5Fd6TUgFoRbfERRDPYcDWcljavG+wgM=" PayloadSize="164185" Path="FeaturesOnDemand\es-es\baseless\Microsoft-Windows-ActiveDirectory-DS-LDS-Tools-FoD-Package~31bf3856ad364e35~wow64~es-es~.psf" PayloadType="ExpressPSF" />
      </Payload>
    </Package>
    <Package ID="Microsoft-Windows-BitLocker-Recovery-Tools-FoD-Package~31bf3856ad364e35~AMD64~es-es~" InstalledSize="34757" Version="10.0.17763.1">
      <SatelliteInfo>
        <ApplyToInfo>
          <ApplyTo Type="language" Value="es-ES" />
        </ApplyToInfo>
      </SatelliteInfo>
      <Payload>
        <PayloadItem PayloadHash="B/VKz/CrbE358hQp00Ravu55x3lqN4i3Ctp0UUrRlEE=" PayloadSize="18971" Path="FeaturesOnDemand\es-es\baseless\Microsoft-Windows-BitLocker-Recovery-Tools-FoD-Package~31bf3856ad364e35~AMD64~es-es~.cab" PayloadType="ExpressCab" />
        <PayloadItem PayloadHash="vZx0t2z2LTx1jCEfmG+NGzIEHNQPOeXKHHWE0y0VVdM=" PayloadSize="68051" Path="FeaturesOnDemand\es-es\baseless\Microsoft-Windows-BitLocker-Recovery-Tools-FoD-Package~31bf3856ad364e35~AMD64~es-es~.psf" PayloadType="ExpressPSF" />
      </Payload>
    </Package>
    <Package ID="Microsoft-Windows-CertificateServices-Tools-FoD-Package~31bf3856ad364e35~AMD64~es-es~" InstalledSize="1054953" Version="10.0.17763.1">
      <SatelliteInfo>
        <ApplyToInfo>
          <ApplyTo Type="language" Value="es-ES" />
        </ApplyToInfo>
      </SatelliteInfo>
      <Payload>
        <PayloadItem PayloadHash="Z+udx2Wf45jIhqzkkh0H+rwm25hdq9erICS/kpNYHxk=" PayloadSize="21231" Path="FeaturesOnDemand\es-es\baseless\Microsoft-Windows-CertificateServices-Tools-FoD-Package~31bf3856ad364e35~AMD64~es-es~.cab" PayloadType="ExpressCab" />
        <PayloadItem PayloadHash="/5RFHtCCbPerPoO6vvdvd8KeGBoZJ9tn20WDwaN7kLw=" PayloadSize="209287" Path="FeaturesOnDemand\es-es\baseless\Microsoft-Windows-CertificateServices-Tools-FoD-Package~31bf3856ad364e35~AMD64~es-es~.psf" PayloadType="ExpressPSF" />
      </Payload>
    </Package>
    <Package ID="Microsoft-Windows-DHCP-Tools-FoD-Package~31bf3856ad364e35~AMD64~es-es~" InstalledSize="1901761" Version="10.0.17763.1">
      <SatelliteInfo>
        <ApplyToInfo>
          <ApplyTo Type="language" Value="es-ES" />
        </ApplyToInfo>
      </SatelliteInfo>
      <Payload>
        <PayloadItem PayloadHash="YRYR+vJyuuTRWp4hOvkbLH8RuO3rhtm0iBXoYFHNlpk=" PayloadSize="19989" Path="FeaturesOnDemand\es-es\baseless\Microsoft-Windows-DHCP-Tools-FoD-Package~31bf3856ad364e35~AMD64~es-es~.cab" PayloadType="ExpressCab" />
        <PayloadItem PayloadHash="gwwFz12gDitbnkUsdGBFpWpdqjApZViXZcNxwI6lJfs=" PayloadSize="217429" Path="FeaturesOnDemand\es-es\baseless\Microsoft-Windows-DHCP-Tools-FoD-Package~31bf3856ad364e35~AMD64~es-es~.psf" PayloadType="ExpressPSF" />
      </Payload>
    </Package>
    <Package ID="Microsoft-Windows-DHCP-Tools-FoD-Package~31bf3856ad364e35~wow64~es-es~" InstalledSize="513239" Version="10.0.17763.1">
      <SatelliteInfo>
        <ApplyToInfo>
          <ApplyTo Type="arch" Value="wow64" />
          <ApplyTo Type="language" Value="es-ES" />
        </ApplyToInfo>
      </SatelliteInfo>
      <Payload>
        <PayloadItem PayloadHash="UY2CqJuqxZ4QDDyTeKbtLu0Bmr1Wb/jWmv6O0PdGoAQ=" PayloadSize="18587" Path="FeaturesOnDemand\es-es\baseless\Microsoft-Windows-DHCP-Tools-FoD-Package~31bf3856ad364e35~wow64~es-es~.cab" PayloadType="ExpressCab" />
        <PayloadItem PayloadHash="IXFoJMVuGpGA0UiMfxLQiLKgr0GYKZ9OqgRcYG693GY=" PayloadSize="101512" Path="FeaturesOnDemand\es-es\baseless\Microsoft-Windows-DHCP-Tools-FoD-Package~31bf3856ad364e35~wow64~es-es~.psf" PayloadType="ExpressPSF" />
      </Payload>
    </Package>
    <Package ID="Microsoft-Windows-DNS-Tools-FoD-Package~31bf3856ad364e35~AMD64~es-es~" InstalledSize="2034224" Version="10.0.17763.1">
      <SatelliteInfo>
        <ApplyToInfo>
          <ApplyTo Type="language" Value="es-ES" />
        </ApplyToInfo>
      </SatelliteInfo>
      <Payload>
        <PayloadItem PayloadHash="i0Rvyp6B5Qqpm4osm20z+vrEhuwq6nFbZK2wyG5lJNk=" PayloadSize="20441" Path="FeaturesOnDemand\es-es\baseless\Microsoft-Windows-DNS-Tools-FoD-Package~31bf3856ad364e35~AMD64~es-es~.cab" PayloadType="ExpressCab" />
        <PayloadItem PayloadHash="DGv0EvndlOEpqaKmHbW6yYWeKDGGDSp1DzHaZNcrCgY=" PayloadSize="252670" Path="FeaturesOnDemand\es-es\baseless\Microsoft-Windows-DNS-Tools-FoD-Package~31bf3856ad364e35~AMD64~es-es~.psf" PayloadType="ExpressPSF" />
      </Payload>
    </Package>
    <Package ID="Microsoft-Windows-DNS-Tools-FoD-Package~31bf3856ad364e35~wow64~es-es~" InstalledSize="13653" Version="10.0.17763.1">
      <SatelliteInfo>
        <ApplyToInfo>
          <ApplyTo Type="arch" Value="wow64" />
          <ApplyTo Type="language" Value="es-ES" />
        </ApplyToInfo>
      </SatelliteInfo>
      <Payload>
        <PayloadItem PayloadHash="VRquGr877tod3GpcFg7/5e+XE4YFO3OSb7ZxM50NQGc=" PayloadSize="18569" Path="FeaturesOnDemand\es-es\baseless\Microsoft-Windows-DNS-Tools-FoD-Package~31bf3856ad364e35~wow64~es-es~.cab" PayloadType="ExpressCab" />
        <PayloadItem PayloadHash="j3pk1r7LKjSeLuWY7Cp8afzqeoPgXqg+Wg9X/N6mkKo=" PayloadSize="58597" Path="FeaturesOnDemand\es-es\baseless\Microsoft-Windows-DNS-Tools-FoD-Package~31bf3856ad364e35~wow64~es-es~.psf" PayloadType="ExpressPSF" />
      </Payload>
    </Package>
    <Package ID="Microsoft-Windows-FailoverCluster-Management-Tools-FOD-Package~31bf3856ad364e35~AMD64~es-es~" InstalledSize="9071859" Version="10.0.17763.1">
      <SatelliteInfo>
        <ApplyToInfo>
          <ApplyTo Type="language" Value="es-ES" />
        </ApplyToInfo>
      </SatelliteInfo>
      <Payload>
        <PayloadItem PayloadHash="sWluFc2FX7CCS7TZ7DiUNqFzXmoCXQqqB1925FD0Olg=" PayloadSize="27055" Path="FeaturesOnDemand\es-es\baseless\Microsoft-Windows-FailoverCluster-Management-Tools-FOD-Package~31bf3856ad364e35~AMD64~es-es~.cab" PayloadType="ExpressCab" />
        <PayloadItem PayloadHash="n91fkSSSx3nnqJN0cyRUhJlP1jURlclwEIbSK0j2hHc=" PayloadSize="2484197" Path="FeaturesOnDemand\es-es\baseless\Microsoft-Windows-FailoverCluster-Management-Tools-FOD-Package~31bf3856ad364e35~AMD64~es-es~.psf" PayloadType="ExpressPSF" />
      </Payload>
    </Package>
    <Package ID="Microsoft-Windows-FailoverCluster-Management-Tools-FOD-Package~31bf3856ad364e35~wow64~es-es~" InstalledSize="82001" Version="10.0.17763.1">
      <SatelliteInfo>
        <ApplyToInfo>
          <ApplyTo Type="arch" Value="wow64" />
          <ApplyTo Type="language" Value="es-ES" />
        </ApplyToInfo>
      </SatelliteInfo>
      <Payload>
        <PayloadItem PayloadHash="DsUVCJxXbtPQ6G9Een0fzL0mlPYGfO2ZrpKDq6hECsQ=" PayloadSize="20039" Path="FeaturesOnDemand\es-es\baseless\Microsoft-Windows-FailoverCluster-Management-Tools-FOD-Package~31bf3856ad364e35~wow64~es-es~.cab" PayloadType="ExpressCab" />
        <PayloadItem PayloadHash="EFKZR/sT52pqReLJVCSDob6sZt8o8LlaJIttxmrEegA=" PayloadSize="88017" Path="FeaturesOnDemand\es-es\baseless\Microsoft-Windows-FailoverCluster-Management-Tools-FOD-Package~31bf3856ad364e35~wow64~es-es~.psf" PayloadType="ExpressPSF" />
      </Payload>
    </Package>
    <Package ID="Microsoft-Windows-FileServices-Tools-FoD-Package~31bf3856ad364e35~AMD64~es-es~" InstalledSize="4350379" Version="10.0.17763.1">
      <SatelliteInfo>
        <ApplyToInfo>
          <ApplyTo Type="language" Value="es-ES" />
        </ApplyToInfo>
      </SatelliteInfo>
      <Payload>
        <PayloadItem PayloadHash="o3WW9JWzXuzaGZcucBAJZUTmRzjJCn7j6DUUQUfdGwQ=" PayloadSize="24227" Path="FeaturesOnDemand\es-es\baseless\Microsoft-Windows-FileServices-Tools-FoD-Package~31bf3856ad364e35~AMD64~es-es~.cab" PayloadType="ExpressCab" />
        <PayloadItem PayloadHash="DaDV0iKJizW2BxMgeXbQ4pq2UdqDEMOhji9qW2V37y0=" PayloadSize="638249" Path="FeaturesOnDemand\es-es\baseless\Microsoft-Windows-FileServices-Tools-FoD-Package~31bf3856ad364e35~AMD64~es-es~.psf" PayloadType="ExpressPSF" />
      </Payload>
    </Package>
    <Package ID="Microsoft-Windows-FileServices-Tools-FoD-Package~31bf3856ad364e35~wow64~es-es~" InstalledSize="189867" Version="10.0.17763.1">
      <SatelliteInfo>
        <ApplyToInfo>
          <ApplyTo Type="arch" Value="wow64" />
          <ApplyTo Type="language" Value="es-ES" />
        </ApplyToInfo>
      </SatelliteInfo>
      <Payload>
        <PayloadItem PayloadHash="nF+njIlrwClpm7nTWwGACS1J/oA25mhlyMQI34zuBxw=" PayloadSize="19329" Path="FeaturesOnDemand\es-es\baseless\Microsoft-Windows-FileServices-Tools-FoD-Package~31bf3856ad364e35~wow64~es-es~.cab" PayloadType="ExpressCab" />
        <PayloadItem PayloadHash="LRvhCq1VxXxp+BqULMAfSbtw2m9NoNrF5NZFMWEWV9A=" PayloadSize="88103" Path="FeaturesOnDemand\es-es\baseless\Microsoft-Windows-FileServices-Tools-FoD-Package~31bf3856ad364e35~wow64~es-es~.psf" PayloadType="ExpressPSF" />
      </Payload>
    </Package>
    <Package ID="Microsoft-Windows-GroupPolicy-Management-Tools-FoD-Package~31bf3856ad364e35~AMD64~es-es~" InstalledSize="2386611" Version="10.0.17763.1">
      <SatelliteInfo>
        <ApplyToInfo>
          <ApplyTo Type="language" Value="es-ES" />
        </ApplyToInfo>
      </SatelliteInfo>
      <Payload>
        <PayloadItem PayloadHash="xoIa1sD+FyPad8Lz9dWzJM+9DAKOectGffh3QSSFKGo=" PayloadSize="22987" Path="FeaturesOnDemand\es-es\baseless\Microsoft-Windows-GroupPolicy-Management-Tools-FoD-Package~31bf3856ad364e35~AMD64~es-es~.cab" PayloadType="ExpressCab" />
        <PayloadItem PayloadHash="5FZDYQmHrrpNCkpjbIXwuV0YA+Jcoa0Ax0zWYZnyiL0=" PayloadSize="362481" Path="FeaturesOnDemand\es-es\baseless\Microsoft-Windows-GroupPolicy-Management-Tools-FoD-Package~31bf3856ad364e35~AMD64~es-es~.psf" PayloadType="ExpressPSF" />
      </Payload>
    </Package>
    <Package ID="Microsoft-Windows-GroupPolicy-Management-Tools-FoD-Package~31bf3856ad364e35~wow64~es-es~" InstalledSize="328372" Version="10.0.17763.1">
      <SatelliteInfo>
        <ApplyToInfo>
          <ApplyTo Type="arch" Value="wow64" />
          <ApplyTo Type="language" Value="es-ES" />
        </ApplyToInfo>
      </SatelliteInfo>
      <Payload>
        <PayloadItem PayloadHash="WVGIKDqiYhbv6KYM9HZFkLZoKhiTwvoddJePYgaH0/I=" PayloadSize="19123" Path="FeaturesOnDemand\es-es\baseless\Microsoft-Windows-GroupPolicy-Management-Tools-FoD-Package~31bf3856ad364e35~wow64~es-es~.cab" PayloadType="ExpressCab" />
        <PayloadItem PayloadHash="0NwlsCqEdwKpkayHl5+ucQrALcG0WH+GKIHbTAwECAI=" PayloadSize="101225" Path="FeaturesOnDemand\es-es\baseless\Microsoft-Windows-GroupPolicy-Management-Tools-FoD-Package~31bf3856ad364e35~wow64~es-es~.psf" PayloadType="ExpressPSF" />
      </Payload>
    </Package>
    <Package ID="Microsoft-Windows-IPAM-Client-FoD-Package~31bf3856ad364e35~AMD64~es-es~" InstalledSize="116972" Version="10.0.17763.1">
      <SatelliteInfo>
        <ApplyToInfo>
          <ApplyTo Type="language" Value="es-ES" />
        </ApplyToInfo>
      </SatelliteInfo>
      <Payload>
        <PayloadItem PayloadHash="IWqjd5+xZEIJZTB3PsqHJN1nPGI7MN5RBTrAvOaL9T8=" PayloadSize="18571" Path="FeaturesOnDemand\es-es\baseless\Microsoft-Windows-IPAM-Client-FoD-Package~31bf3856ad364e35~AMD64~es-es~.cab" PayloadType="ExpressCab" />
        <PayloadItem PayloadHash="LBfFNKaUMx7v470jkz+0F32CK/elhkK1PulKS2oyuAg=" PayloadSize="71865" Path="FeaturesOnDemand\es-es\baseless\Microsoft-Windows-IPAM-Client-FoD-Package~31bf3856ad364e35~AMD64~es-es~.psf" PayloadType="ExpressPSF" />
      </Payload>
    </Package>
    <Package ID="Microsoft-Windows-IPAM-Client-FoD-Package~31bf3856ad364e35~wow64~es-es~" InstalledSize="27761" Version="10.0.17763.1">
      <SatelliteInfo>
        <ApplyToInfo>
          <ApplyTo Type="arch" Value="wow64" />
          <ApplyTo Type="language" Value="es-ES" />
        </ApplyToInfo>
      </SatelliteInfo>
      <Payload>
        <PayloadItem PayloadHash="VMurCxRHGWt3zgxTWQiB92UZUO+irp6zrFY8QoR1gYQ=" PayloadSize="18765" Path="FeaturesOnDemand\es-es\baseless\Microsoft-Windows-IPAM-Client-FoD-Package~31bf3856ad364e35~wow64~es-es~.cab" PayloadType="ExpressCab" />
        <PayloadItem PayloadHash="p/TCx/mI/ayyNokE9XHp21UVVzwomwCMJLVdJ+xC5h4=" PayloadSize="61640" Path="FeaturesOnDemand\es-es\baseless\Microsoft-Windows-IPAM-Client-FoD-Package~31bf3856ad364e35~wow64~es-es~.psf" PayloadType="ExpressPSF" />
      </Payload>
    </Package>
    <Package ID="Microsoft-Windows-NetworkController-Tools-FoD-Package~31bf3856ad364e35~AMD64~es-es~" InstalledSize="73227" Version="10.0.17763.1">
      <SatelliteInfo>
        <ApplyToInfo>
          <ApplyTo Type="language" Value="es-ES" />
        </ApplyToInfo>
      </SatelliteInfo>
      <Payload>
        <PayloadItem PayloadHash="LyfqRCnYaBnOypipVFF5svMfAjElCDCTfoP3qV9+nS8=" PayloadSize="19063" Path="FeaturesOnDemand\es-es\baseless\Microsoft-Windows-NetworkController-Tools-FoD-Package~31bf3856ad364e35~AMD64~es-es~.cab" PayloadType="ExpressCab" />
        <PayloadItem PayloadHash="MI8RiqlTFKr8FcSRinJzHG6wW4MU+1Iu7rUWbVLgv2A=" PayloadSize="80531" Path="FeaturesOnDemand\es-es\baseless\Microsoft-Windows-NetworkController-Tools-FoD-Package~31bf3856ad364e35~AMD64~es-es~.psf" PayloadType="ExpressPSF" />
      </Payload>
    </Package>
    <Package ID="Microsoft-Windows-NetworkLoadBalancing-Tools-FoD-Package~31bf3856ad364e35~AMD64~es-es~" InstalledSize="252661" Version="10.0.17763.1">
      <SatelliteInfo>
        <ApplyToInfo>
          <ApplyTo Type="language" Value="es-ES" />
        </ApplyToInfo>
      </SatelliteInfo>
      <Payload>
        <PayloadItem PayloadHash="DQ8a/Ax3Xau8HXA9TC+lTZ6OrrDOU8grU9z7n9pQW+I=" PayloadSize="19127" Path="FeaturesOnDemand\es-es\baseless\Microsoft-Windows-NetworkLoadBalancing-Tools-FoD-Package~31bf3856ad364e35~AMD64~es-es~.cab" PayloadType="ExpressCab" />
        <PayloadItem PayloadHash="LoyBCVqOnXrPnj9LzH0PbtJz8iTK9eTgqPz6ne3hvSs=" PayloadSize="100860" Path="FeaturesOnDemand\es-es\baseless\Microsoft-Windows-NetworkLoadBalancing-Tools-FoD-Package~31bf3856ad364e35~AMD64~es-es~.psf" PayloadType="ExpressPSF" />
      </Payload>
    </Package>
    <Package ID="Microsoft-Windows-RasCMAK-Client-Package~31bf3856ad364e35~AMD64~es-es~" InstalledSize="237112" Version="10.0.17763.1">
      <SatelliteInfo>
        <ApplyToInfo>
          <ApplyTo Type="language" Value="es-ES" />
        </ApplyToInfo>
      </SatelliteInfo>
      <Payload>
        <PayloadItem PayloadHash="NF8dPLn36avCIvOfKrFOa4v08bJy5EqLYPf5pkVf2mM=" PayloadSize="19213" Path="FeaturesOnDemand\es-es\baseless\Microsoft-Windows-RasCMAK-Client-Package~31bf3856ad364e35~AMD64~es-es~.cab" PayloadType="ExpressCab" />
        <PayloadItem PayloadHash="QT+JSlbe3jB4f4FYgaR/OCoBRCotFk6tkjyDgKeni60=" PayloadSize="125156" Path="FeaturesOnDemand\es-es\baseless\Microsoft-Windows-RasCMAK-Client-Package~31bf3856ad364e35~AMD64~es-es~.psf" PayloadType="ExpressPSF" />
      </Payload>
    </Package>
    <Package ID="Microsoft-Windows-RasCMAK-Client-Package~31bf3856ad364e35~wow64~es-es~" InstalledSize="500230" Version="10.0.17763.1">
      <SatelliteInfo>
        <ApplyToInfo>
          <ApplyTo Type="arch" Value="wow64" />
          <ApplyTo Type="language" Value="es-ES" />
        </ApplyToInfo>
      </SatelliteInfo>
      <Payload>
        <PayloadItem PayloadHash="I4mgU9A9OUB90BIDHCK9GcZJjpj8MW3czTlCxs2QSYE=" PayloadSize="19371" Path="FeaturesOnDemand\es-es\baseless\Microsoft-Windows-RasCMAK-Client-Package~31bf3856ad364e35~wow64~es-es~.cab" PayloadType="ExpressCab" />
        <PayloadItem PayloadHash="O2HokPibIOEaQ284rRj/uULj9rtJ4CrSrkKnI7uW0BY=" PayloadSize="401562" Path="FeaturesOnDemand\es-es\baseless\Microsoft-Windows-RasCMAK-Client-Package~31bf3856ad364e35~wow64~es-es~.psf" PayloadType="ExpressPSF" />
      </Payload>
    </Package>
    <Package ID="Microsoft-Windows-RasRip-Package~31bf3856ad364e35~AMD64~es-es~" InstalledSize="27740" Version="10.0.17763.1">
      <SatelliteInfo>
        <ApplyToInfo>
          <ApplyTo Type="language" Value="es-ES" />
        </ApplyToInfo>
      </SatelliteInfo>
      <Payload>
        <PayloadItem PayloadHash="W9yHPKgz9D2L1w2CG84SEXBjz7+Y1PU8lxOKGZeSxg0=" PayloadSize="18307" Path="FeaturesOnDemand\es-es\baseless\Microsoft-Windows-RasRip-Package~31bf3856ad364e35~AMD64~es-es~.cab" PayloadType="ExpressCab" />
        <PayloadItem PayloadHash="lKQZXX/wH6FqMAsy8sNS32IXx3o9dATgZI4V6M5gJj8=" PayloadSize="61745" Path="FeaturesOnDemand\es-es\baseless\Microsoft-Windows-RasRip-Package~31bf3856ad364e35~AMD64~es-es~.psf" PayloadType="ExpressPSF" />
      </Payload>
    </Package>
    <Package ID="Microsoft-Windows-RemoteAccess-Management-Tools-FoD-Package~31bf3856ad364e35~AMD64~es-es~" InstalledSize="18741687" Version="10.0.17763.1">
      <SatelliteInfo>
        <ApplyToInfo>
          <ApplyTo Type="language" Value="es-ES" />
        </ApplyToInfo>
      </SatelliteInfo>
      <Payload>
        <PayloadItem PayloadHash="3r+eFZrXDv4Yn9uz3tpZt1E3X10TS2G4ajg4BazRzlQ=" PayloadSize="21875" Path="FeaturesOnDemand\es-es\baseless\Microsoft-Windows-RemoteAccess-Management-Tools-FoD-Package~31bf3856ad364e35~AMD64~es-es~.cab" PayloadType="ExpressCab" />
        <PayloadItem PayloadHash="nuoPGTScELFqDOXo7rQVK6GZhzjlQ9139X2lFW8VKTI=" PayloadSize="3415339" Path="FeaturesOnDemand\es-es\baseless\Microsoft-Windows-RemoteAccess-Management-Tools-FoD-Package~31bf3856ad364e35~AMD64~es-es~.psf" PayloadType="ExpressPSF" />
      </Payload>
    </Package>
    <Package ID="Microsoft-Windows-RemoteAccess-Management-Tools-FoD-Package~31bf3856ad364e35~wow64~es-es~" InstalledSize="13720" Version="10.0.17763.1">
      <SatelliteInfo>
        <ApplyToInfo>
          <ApplyTo Type="arch" Value="wow64" />
          <ApplyTo Type="language" Value="es-ES" />
        </ApplyToInfo>
      </SatelliteInfo>
      <Payload>
        <PayloadItem PayloadHash="6zE764BGUONrTPgPbqVyYBBNHgu0dvh+LKnY6zTJMgI=" PayloadSize="18615" Path="FeaturesOnDemand\es-es\baseless\Microsoft-Windows-RemoteAccess-Management-Tools-FoD-Package~31bf3856ad364e35~wow64~es-es~.cab" PayloadType="ExpressCab" />
        <PayloadItem PayloadHash="p6sBT6mcCNcHPNrazZ6xvDaXnwZMGX/6hT2v5TGsZZ4=" PayloadSize="58992" Path="FeaturesOnDemand\es-es\baseless\Microsoft-Windows-RemoteAccess-Management-Tools-FoD-Package~31bf3856ad364e35~wow64~es-es~.psf" PayloadType="ExpressPSF" />
      </Payload>
    </Package>
    <Package ID="Microsoft-Windows-RemoteDesktop-Services-Tools-FoD-Package~31bf3856ad364e35~AMD64~es-es~" InstalledSize="1552152" Version="10.0.17763.1">
      <SatelliteInfo>
        <ApplyToInfo>
          <ApplyTo Type="language" Value="es-ES" />
        </ApplyToInfo>
      </SatelliteInfo>
      <Payload>
        <PayloadItem PayloadHash="m9Km/7Vn9RPcwrX5EmuGm0Ru7OoJZmaMfwcj3E/VesI=" PayloadSize="20491" Path="FeaturesOnDemand\es-es\baseless\Microsoft-Windows-RemoteDesktop-Services-Tools-FoD-Package~31bf3856ad364e35~AMD64~es-es~.cab" PayloadType="ExpressCab" />
        <PayloadItem PayloadHash="Mqch437ZVq1ObBkDytsantLDFukNmKgN9NWzhr5i5xI=" PayloadSize="306819" Path="FeaturesOnDemand\es-es\baseless\Microsoft-Windows-RemoteDesktop-Services-Tools-FoD-Package~31bf3856ad364e35~AMD64~es-es~.psf" PayloadType="ExpressPSF" />
      </Payload>
    </Package>
    <Package ID="Microsoft-Windows-Server-AppCompat-FoD-Package~31bf3856ad364e35~AMD64~es-es~" InstalledSize="28802296" Version="10.0.17763.1">
      <SatelliteInfo>
        <ApplyToInfo>
          <ApplyTo Type="language" Value="es-ES" />
        </ApplyToInfo>
      </SatelliteInfo>
      <Payload>
        <PayloadItem PayloadHash="NSp5KTmaHx/wUrpiXNy9Tm1rNCESjTQUD3oahYaTtrQ=" PayloadSize="95531" Path="FeaturesOnDemand\es-es\baseless\Microsoft-Windows-Server-AppCompat-FoD-Package~31bf3856ad364e35~AMD64~es-es~.cab" PayloadType="ExpressCab" />
        <PayloadItem PayloadHash="1ASiACB8fIYkscHytq0Dgjw3Lf0BnmckU6sl8joWlcw=" PayloadSize="6885796" Path="FeaturesOnDemand\es-es\baseless\Microsoft-Windows-Server-AppCompat-FoD-Package~31bf3856ad364e35~AMD64~es-es~.psf" PayloadType="ExpressPSF" />
      </Payload>
    </Package>
    <Package ID="Microsoft-Windows-ServerManager-Tools-FoD-Package~31bf3856ad364e35~AMD64~es-es~" InstalledSize="12050332" Version="10.0.17763.1">
      <SatelliteInfo>
        <ApplyToInfo>
          <ApplyTo Type="language" Value="es-ES" />
        </ApplyToInfo>
      </SatelliteInfo>
      <Payload>
        <PayloadItem PayloadHash="Ua+p0WDB9qyRRnDXJtOg8p7c2kSYpiPTS6dsAWfSC2k=" PayloadSize="38555" Path="FeaturesOnDemand\es-es\baseless\Microsoft-Windows-ServerManager-Tools-FoD-Package~31bf3856ad364e35~AMD64~es-es~.cab" PayloadType="ExpressCab" />
        <PayloadItem PayloadHash="/6syFWxTgLR6rpdB72ZbcDW4mFlvn/kYShTdGKxRWpU=" PayloadSize="2339101" Path="FeaturesOnDemand\es-es\baseless\Microsoft-Windows-ServerManager-Tools-FoD-Package~31bf3856ad364e35~AMD64~es-es~.psf" PayloadType="ExpressPSF" />
      </Payload>
    </Package>
    <Package ID="Microsoft-Windows-ServerManager-Tools-FoD-Package~31bf3856ad364e35~wow64~es-es~" InstalledSize="1231309" Version="10.0.17763.1">
      <SatelliteInfo>
        <ApplyToInfo>
          <ApplyTo Type="arch" Value="wow64" />
          <ApplyTo Type="language" Value="es-ES" />
        </ApplyToInfo>
      </SatelliteInfo>
      <Payload>
        <PayloadItem PayloadHash="xKFPqr7sCbzKx5/SrtmXtkGhp7vO1YjKEK4aUidjA/A=" PayloadSize="19663" Path="FeaturesOnDemand\es-es\baseless\Microsoft-Windows-ServerManager-Tools-FoD-Package~31bf3856ad364e35~wow64~es-es~.cab" PayloadType="ExpressCab" />
        <PayloadItem PayloadHash="nZ/Ih3ok8k/bXQAJQAydqNgq4P5qUDtD08ifgc45weA=" PayloadSize="367567" Path="FeaturesOnDemand\es-es\baseless\Microsoft-Windows-ServerManager-Tools-FoD-Package~31bf3856ad364e35~wow64~es-es~.psf" PayloadType="ExpressPSF" />
      </Payload>
    </Package>
    <Package ID="Microsoft-Windows-Shielded-VM-Tools-FoD-Package~31bf3856ad364e35~AMD64~es-es~" InstalledSize="408787" Version="10.0.17763.1">
      <SatelliteInfo>
        <ApplyToInfo>
          <ApplyTo Type="language" Value="es-ES" />
        </ApplyToInfo>
      </SatelliteInfo>
      <Payload>
        <PayloadItem PayloadHash="ketoe6bc7duI8gTdWDUdVp7WwpntoW/zaiIQ0bBGqNo=" PayloadSize="23467" Path="FeaturesOnDemand\es-es\baseless\Microsoft-Windows-Shielded-VM-Tools-FoD-Package~31bf3856ad364e35~AMD64~es-es~.cab" PayloadType="ExpressCab" />
        <PayloadItem PayloadHash="QorT43mwi5C9zakRqhrlyMeNhQ+I/GqFoVhnpz7wQ6A=" PayloadSize="184482" Path="FeaturesOnDemand\es-es\baseless\Microsoft-Windows-Shielded-VM-Tools-FoD-Package~31bf3856ad364e35~AMD64~es-es~.psf" PayloadType="ExpressPSF" />
      </Payload>
    </Package>
    <Package ID="Microsoft-Windows-SNMP-Client-Package~31bf3856ad364e35~AMD64~es-es~" InstalledSize="141265" Version="10.0.17763.1">
      <SatelliteInfo>
        <ApplyToInfo>
          <ApplyTo Type="language" Value="es-ES" />
        </ApplyToInfo>
      </SatelliteInfo>
      <Payload>
        <PayloadItem PayloadHash="ZhiFgrML3nm0AmO5VYW9CgxWqKrsAx1ZUaId7dcsHjY=" PayloadSize="20105" Path="FeaturesOnDemand\es-es\baseless\Microsoft-Windows-SNMP-Client-Package~31bf3856ad364e35~AMD64~es-es~.cab" PayloadType="ExpressCab" />
        <PayloadItem PayloadHash="mYheY+9i6P5mQxvwDz0iBEbYyZVAyRTxof0XvQzeFI8=" PayloadSize="102217" Path="FeaturesOnDemand\es-es\baseless\Microsoft-Windows-SNMP-Client-Package~31bf3856ad364e35~AMD64~es-es~.psf" PayloadType="ExpressPSF" />
      </Payload>
    </Package>
    <Package ID="Microsoft-Windows-SNMP-Client-Package~31bf3856ad364e35~wow64~es-es~" InstalledSize="141620" Version="10.0.17763.1">
      <SatelliteInfo>
        <ApplyToInfo>
          <ApplyTo Type="arch" Value="wow64" />
          <ApplyTo Type="language" Value="es-ES" />
        </ApplyToInfo>
      </SatelliteInfo>
      <Payload>
        <PayloadItem PayloadHash="4Sqm0o1tSE0t9LxLX4kmwkaWpJNYSkXJZhyymR/FAi8=" PayloadSize="20511" Path="FeaturesOnDemand\es-es\baseless\Microsoft-Windows-SNMP-Client-Package~31bf3856ad364e35~wow64~es-es~.cab" PayloadType="ExpressCab" />
        <PayloadItem PayloadHash="cL3Cqf/yXQVbxY/BJOQl35cEb5Ll/Y3Poa/Kb4X99PM=" PayloadSize="102992" Path="FeaturesOnDemand\es-es\baseless\Microsoft-Windows-SNMP-Client-Package~31bf3856ad364e35~wow64~es-es~.psf" PayloadType="ExpressPSF" />
      </Payload>
    </Package>
    <Package ID="Microsoft-Windows-StorageManagement-FoD-Package~31bf3856ad364e35~AMD64~es-es~" InstalledSize="1621289" Version="10.0.17763.1">
      <SatelliteInfo>
        <ApplyToInfo>
          <ApplyTo Type="language" Value="es-ES" />
        </ApplyToInfo>
      </SatelliteInfo>
      <Payload>
        <PayloadItem PayloadHash="dWLdgH989EjY/3eyqEJOIMMK608F12stP2cGCEUcxRg=" PayloadSize="21597" Path="FeaturesOnDemand\es-es\baseless\Microsoft-Windows-StorageManagement-FoD-Package~31bf3856ad364e35~AMD64~es-es~.cab" PayloadType="ExpressCab" />
        <PayloadItem PayloadHash="vOsyWWW/Y7NbfbSE661Mlw4y6qCtsElghVTysyPra4U=" PayloadSize="211047" Path="FeaturesOnDemand\es-es\baseless\Microsoft-Windows-StorageManagement-FoD-Package~31bf3856ad364e35~AMD64~es-es~.psf" PayloadType="ExpressPSF" />
      </Payload>
    </Package>
    <Package ID="Microsoft-Windows-StorageManagement-FoD-Package~31bf3856ad364e35~wow64~es-es~" InstalledSize="1119990" Version="10.0.17763.1">
      <SatelliteInfo>
        <ApplyToInfo>
          <ApplyTo Type="arch" Value="wow64" />
          <ApplyTo Type="language" Value="es-ES" />
        </ApplyToInfo>
      </SatelliteInfo>
      <Payload>
        <PayloadItem PayloadHash="l6xplWwIR1Oq0sQf/ZGMklwFiPOvWqFieezx3nkf90M=" PayloadSize="20497" Path="FeaturesOnDemand\es-es\baseless\Microsoft-Windows-StorageManagement-FoD-Package~31bf3856ad364e35~wow64~es-es~.cab" PayloadType="ExpressCab" />
        <PayloadItem PayloadHash="0qc4VV6FlGZsseP0MsXp+Bj6mpej/EElLXjm99RckYU=" PayloadSize="140461" Path="FeaturesOnDemand\es-es\baseless\Microsoft-Windows-StorageManagement-FoD-Package~31bf3856ad364e35~wow64~es-es~.psf" PayloadType="ExpressPSF" />
      </Payload>
    </Package>
    <Package ID="Microsoft-Windows-StorageMigrationService-Management-Tools-FOD-Package~31bf3856ad364e35~AMD64~es-es~" InstalledSize="59648" Version="10.0.17763.1">
      <SatelliteInfo>
        <ApplyToInfo>
          <ApplyTo Type="language" Value="es-ES" />
        </ApplyToInfo>
      </SatelliteInfo>
      <Payload>
        <PayloadItem PayloadHash="gDcKTvz5gw8oYVic3k9P+KSSr2ivmp5VtbGcPH128uw=" PayloadSize="18581" Path="FeaturesOnDemand\es-es\baseless\Microsoft-Windows-StorageMigrationService-Management-Tools-FOD-Package~31bf3856ad364e35~AMD64~es-es~.cab" PayloadType="ExpressCab" />
        <PayloadItem PayloadHash="36U1ZxF7VatsYuEMFbNqX3x9oqFEdMdtsATsxfbk/vo=" PayloadSize="74020" Path="FeaturesOnDemand\es-es\baseless\Microsoft-Windows-StorageMigrationService-Management-Tools-FOD-Package~31bf3856ad364e35~AMD64~es-es~.psf" PayloadType="ExpressPSF" />
      </Payload>
    </Package>
    <Package ID="Microsoft-Windows-StorageReplica-Tools-FoD-Package~31bf3856ad364e35~AMD64~es-es~" InstalledSize="435429" Version="10.0.17763.1">
      <SatelliteInfo>
        <ApplyToInfo>
          <ApplyTo Type="language" Value="es-ES" />
        </ApplyToInfo>
      </SatelliteInfo>
      <Payload>
        <PayloadItem PayloadHash="dWhOg78pZNiEAMjUFSIe4f5jRGfAKVU/FIT/FXhtwxU=" PayloadSize="18983" Path="FeaturesOnDemand\es-es\baseless\Microsoft-Windows-StorageReplica-Tools-FoD-Package~31bf3856ad364e35~AMD64~es-es~.cab" PayloadType="ExpressCab" />
        <PayloadItem PayloadHash="KNrld1aMsAXSQYCYDiuDUiVXprEMqYoc3mTCB++M/h4=" PayloadSize="119442" Path="FeaturesOnDemand\es-es\baseless\Microsoft-Windows-StorageReplica-Tools-FoD-Package~31bf3856ad364e35~AMD64~es-es~.psf" PayloadType="ExpressPSF" />
      </Payload>
    </Package>
    <Package ID="Microsoft-Windows-SystemInsights-Management-Tools-FOD-Package~31bf3856ad364e35~AMD64~es-es~" InstalledSize="43446" Version="10.0.17763.1">
      <SatelliteInfo>
        <ApplyToInfo>
          <ApplyTo Type="language" Value="es-ES" />
        </ApplyToInfo>
      </SatelliteInfo>
      <Payload>
        <PayloadItem PayloadHash="wKrivHT0snYIj0H1u0DeFadN75KJI3d8bRNT6VBrzJ8=" PayloadSize="18965" Path="FeaturesOnDemand\es-es\baseless\Microsoft-Windows-SystemInsights-Management-Tools-FOD-Package~31bf3856ad364e35~AMD64~es-es~.cab" PayloadType="ExpressCab" />
        <PayloadItem PayloadHash="mHgL5GHBhsoZhg6snDBYDT1Dnlor1lMZwi+LsxJsZX0=" PayloadSize="71002" Path="FeaturesOnDemand\es-es\baseless\Microsoft-Windows-SystemInsights-Management-Tools-FOD-Package~31bf3856ad364e35~AMD64~es-es~.psf" PayloadType="ExpressPSF" />
      </Payload>
    </Package>
    <Package ID="Microsoft-Windows-VolumeActivation-Tools-FoD-Package~31bf3856ad364e35~AMD64~es-es~" InstalledSize="227989" Version="10.0.17763.1">
      <SatelliteInfo>
        <ApplyToInfo>
          <ApplyTo Type="language" Value="es-ES" />
        </ApplyToInfo>
      </SatelliteInfo>
      <Payload>
        <PayloadItem PayloadHash="UT5rtJR0InSK5NGPI5NXjG6a4z1u6pznMaAdQqikMNo=" PayloadSize="18837" Path="FeaturesOnDemand\es-es\baseless\Microsoft-Windows-VolumeActivation-Tools-FoD-Package~31bf3856ad364e35~AMD64~es-es~.cab" PayloadType="ExpressCab" />
        <PayloadItem PayloadHash="B1Y5HFy+snWspGVCI6PGakDJQW/IbTQrVhKZuRp58XA=" PayloadSize="181227" Path="FeaturesOnDemand\es-es\baseless\Microsoft-Windows-VolumeActivation-Tools-FoD-Package~31bf3856ad364e35~AMD64~es-es~.psf" PayloadType="ExpressPSF" />
      </Payload>
    </Package>
    <Package ID="Microsoft-Windows-WMI-SNMP-Provider-Client-Package~31bf3856ad364e35~AMD64~es-es~" InstalledSize="57377" Version="10.0.17763.1">
      <SatelliteInfo>
        <ApplyToInfo>
          <ApplyTo Type="language" Value="es-ES" />
        </ApplyToInfo>
      </SatelliteInfo>
      <Payload>
        <PayloadItem PayloadHash="FtashFH7knPYAAVE77tMtgx/1KzP+NFJCmQuUlLjuKI=" PayloadSize="19327" Path="FeaturesOnDemand\es-es\baseless\Microsoft-Windows-WMI-SNMP-Provider-Client-Package~31bf3856ad364e35~AMD64~es-es~.cab" PayloadType="ExpressCab" />
        <PayloadItem PayloadHash="xEJLgP4ZL2funLPr17Xhc6UqFBQgPX0STh/E16RJLCU=" PayloadSize="74346" Path="FeaturesOnDemand\es-es\baseless\Microsoft-Windows-WMI-SNMP-Provider-Client-Package~31bf3856ad364e35~AMD64~es-es~.psf" PayloadType="ExpressPSF" />
      </Payload>
    </Package>
    <Package ID="Microsoft-Windows-WMI-SNMP-Provider-Client-Package~31bf3856ad364e35~wow64~es-es~" InstalledSize="57261" Version="10.0.17763.1">
      <SatelliteInfo>
        <ApplyToInfo>
          <ApplyTo Type="arch" Value="wow64" />
          <ApplyTo Type="language" Value="es-ES" />
        </ApplyToInfo>
      </SatelliteInfo>
      <Payload>
        <PayloadItem PayloadHash="Z3etYnFUn/6F1DdMZnMtgPeUAKCHvjjqjQzOnyrrFx8=" PayloadSize="28055" Path="FeaturesOnDemand\es-es\baseless\Microsoft-Windows-WMI-SNMP-Provider-Client-Package~31bf3856ad364e35~wow64~es-es~.cab" PayloadType="ExpressCab" />
        <PayloadItem PayloadHash="JhI/6cX/0uuShBrlBs9M0qqQVxWcfuqNoamNSBzocEU=" PayloadSize="74368" Path="FeaturesOnDemand\es-es\baseless\Microsoft-Windows-WMI-SNMP-Provider-Client-Package~31bf3856ad364e35~wow64~es-es~.psf" PayloadType="ExpressPSF" />
      </Payload>
    </Package>
    <Package ID="Microsoft-Windows-WSUS-Tools-FoD-Package~31bf3856ad364e35~AMD64~es-es~" InstalledSize="2971458" Version="10.0.17763.1">
      <SatelliteInfo>
        <ApplyToInfo>
          <ApplyTo Type="language" Value="es-ES" />
        </ApplyToInfo>
      </SatelliteInfo>
      <Payload>
        <PayloadItem PayloadHash="8VnXOPwl10uC84TxByH3pYz7RhZCcFsXjj1NzmGc8Os=" PayloadSize="19945" Path="FeaturesOnDemand\es-es\baseless\Microsoft-Windows-WSUS-Tools-FoD-Package~31bf3856ad364e35~AMD64~es-es~.cab" PayloadType="ExpressCab" />
        <PayloadItem PayloadHash="JCcUlTn5hrRz0UwXjZiKoi8NEUsm2klrm0uMGHmC8pU=" PayloadSize="400489" Path="FeaturesOnDemand\es-es\baseless\Microsoft-Windows-WSUS-Tools-FoD-Package~31bf3856ad364e35~AMD64~es-es~.psf" PayloadType="ExpressPSF" />
      </Payload>
    </Package>
  </Packages>
</CompDB>