<?xml version="1.0" encoding="utf-8"?>
<CompDB xmlns:xsi="http://www.w3.org/2001/XMLSchema-instance" xmlns:xsd="http://www.w3.org/2001/XMLSchema" CreatedDate="2018-11-16T01:20:54.0639861Z" Revision="1" SchemaVersion="1.2" Product="Desktop" BuildID="80154b57-1148-3590-c1b9-d2ce93ee1fac" BuildInfo="rs5_release.17763.1.180914-1434" OSVersion="10.0.17763.1" BuildArch="amd64" ReleaseType="Production" Type="Baseless" xmlns="http://schemas.microsoft.com/embedded/2004/10/ImageUpdate">
  <Tags Type="Language">
    <Tag Name="Language" Value="tr-TR" />
    <Tag Name="UpdateType" Value="Baseless" />
  </Tags>
  <Features>
    <Feature Type="LanguagePack" FeatureID="Language.UI.Server~tr-tr" FMID="MSDL" Group="Microsoft">
      <Packages>
        <Package ID="Microsoft-Windows-Server-LanguagePack-Package_tr-tr~31bf3856ad364e35~amd64~tr-tr~" PackageType="FeaturePackage" />
      </Packages>
    </Feature>
    <Feature Type="OnDemandFeature" FeatureID="Microsoft.Onecore.StorageManagement~~1.0" FMID="MSDN" Group="Microsoft">
      <Packages>
        <Package ID="Microsoft-OneCore-StorageManagement-FoD-Package~31bf3856ad364e35~AMD64~tr-tr~" PackageType="SatellitePackage" />
        <Package ID="Microsoft-OneCore-StorageManagement-FoD-Package~31bf3856ad364e35~wow64~tr-tr~" PackageType="SatellitePackage" />
      </Packages>
    </Feature>
    <Feature Type="OnDemandFeature" FeatureID="Rsat.ActiveDirectory.DS-LDS.Tools~~1.0" FMID="MSDN" Group="Microsoft">
      <Dependencies>
        <Feature FeatureID="Rsat.ServerManager.Tools~~1.0" />
      </Dependencies>
      <Packages>
        <Package ID="Microsoft-Windows-ActiveDirectory-DS-LDS-Tools-FoD-Package~31bf3856ad364e35~AMD64~tr-tr~" PackageType="SatellitePackage" />
        <Package ID="Microsoft-Windows-ActiveDirectory-DS-LDS-Tools-FoD-Package~31bf3856ad364e35~wow64~tr-tr~" PackageType="SatellitePackage" />
      </Packages>
    </Feature>
    <Feature Type="OnDemandFeature" FeatureID="Rsat.BitLocker.Recovery.Tools~~1.0" FMID="MSDN" Group="Microsoft">
      <Dependencies>
        <Feature FeatureID="Rsat.ActiveDirectory.DS-LDS.Tools~~1.0" />
      </Dependencies>
      <Packages>
        <Package ID="Microsoft-Windows-BitLocker-Recovery-Tools-FoD-Package~31bf3856ad364e35~AMD64~tr-tr~" PackageType="SatellitePackage" />
      </Packages>
    </Feature>
    <Feature Type="OnDemandFeature" FeatureID="Rsat.CertificateServices.Tools~~1.0" FMID="MSDN" Group="Microsoft">
      <Packages>
        <Package ID="Microsoft-Windows-CertificateServices-Tools-FoD-Package~31bf3856ad364e35~AMD64~tr-tr~" PackageType="SatellitePackage" />
      </Packages>
    </Feature>
    <Feature Type="OnDemandFeature" FeatureID="Rsat.DHCP.Tools~~1.0" FMID="MSDN" Group="Microsoft">
      <Packages>
        <Package ID="Microsoft-Windows-DHCP-Tools-FoD-Package~31bf3856ad364e35~AMD64~tr-tr~" PackageType="SatellitePackage" />
        <Package ID="Microsoft-Windows-DHCP-Tools-FoD-Package~31bf3856ad364e35~wow64~tr-tr~" PackageType="SatellitePackage" />
      </Packages>
    </Feature>
    <Feature Type="OnDemandFeature" FeatureID="Rsat.Dns.Tools~~1.0" FMID="MSDN" Group="Microsoft">
      <Packages>
        <Package ID="Microsoft-Windows-DNS-Tools-FoD-Package~31bf3856ad364e35~AMD64~tr-tr~" PackageType="SatellitePackage" />
        <Package ID="Microsoft-Windows-DNS-Tools-FoD-Package~31bf3856ad364e35~wow64~tr-tr~" PackageType="SatellitePackage" />
      </Packages>
    </Feature>
    <Feature Type="OnDemandFeature" FeatureID="Rsat.FailoverCluster.Management.Tools~~1.0" FMID="MSDN" Group="Microsoft">
      <Dependencies>
        <Feature FeatureID="Rsat.FileServices.Tools~~1.0" />
      </Dependencies>
      <Packages>
        <Package ID="Microsoft-Windows-FailoverCluster-Management-Tools-FOD-Package~31bf3856ad364e35~AMD64~tr-tr~" PackageType="SatellitePackage" />
        <Package ID="Microsoft-Windows-FailoverCluster-Management-Tools-FOD-Package~31bf3856ad364e35~wow64~tr-tr~" PackageType="SatellitePackage" />
      </Packages>
    </Feature>
    <Feature Type="OnDemandFeature" FeatureID="Rsat.FileServices.Tools~~1.0" FMID="MSDN" Group="Microsoft">
      <Dependencies>
        <Feature FeatureID="Rsat.ServerManager.Tools~~1.0" />
      </Dependencies>
      <Packages>
        <Package ID="Microsoft-Windows-FileServices-Tools-FoD-Package~31bf3856ad364e35~AMD64~tr-tr~" PackageType="SatellitePackage" />
        <Package ID="Microsoft-Windows-FileServices-Tools-FoD-Package~31bf3856ad364e35~wow64~tr-tr~" PackageType="SatellitePackage" />
      </Packages>
    </Feature>
    <Feature Type="OnDemandFeature" FeatureID="Rsat.GroupPolicy.Management.Tools~~1.0" FMID="MSDN" Group="Microsoft">
      <Packages>
        <Package ID="Microsoft-Windows-GroupPolicy-Management-Tools-FoD-Package~31bf3856ad364e35~AMD64~tr-tr~" PackageType="SatellitePackage" />
        <Package ID="Microsoft-Windows-GroupPolicy-Management-Tools-FoD-Package~31bf3856ad364e35~wow64~tr-tr~" PackageType="SatellitePackage" />
      </Packages>
    </Feature>
    <Feature Type="OnDemandFeature" FeatureID="Rsat.IPAM.Client.Tools~~1.0" FMID="MSDN" Group="Microsoft">
      <Dependencies>
        <Feature FeatureID="Rsat.ServerManager.Tools~~1.0" />
      </Dependencies>
      <Packages>
        <Package ID="Microsoft-Windows-IPAM-Client-FoD-Package~31bf3856ad364e35~AMD64~tr-tr~" PackageType="SatellitePackage" />
        <Package ID="Microsoft-Windows-IPAM-Client-FoD-Package~31bf3856ad364e35~wow64~tr-tr~" PackageType="SatellitePackage" />
      </Packages>
    </Feature>
    <Feature Type="OnDemandFeature" FeatureID="Rsat.NetworkController.Tools~~1.0" FMID="MSDN" Group="Microsoft">
      <Packages>
        <Package ID="Microsoft-Windows-NetworkController-Tools-FoD-Package~31bf3856ad364e35~AMD64~tr-tr~" PackageType="SatellitePackage" />
      </Packages>
    </Feature>
    <Feature Type="OnDemandFeature" FeatureID="Rsat.NetworkLoadBalancing.Tools~~1.0" FMID="MSDN" Group="Microsoft">
      <Packages>
        <Package ID="Microsoft-Windows-NetworkLoadBalancing-Tools-FoD-Package~31bf3856ad364e35~AMD64~tr-tr~" PackageType="SatellitePackage" />
      </Packages>
    </Feature>
    <Feature Type="OnDemandFeature" FeatureID="RasCMAK.Client~~1.0" FMID="MSDN" Group="Microsoft">
      <Packages>
        <Package ID="Microsoft-Windows-RasCMAK-Client-Package~31bf3856ad364e35~AMD64~tr-tr~" PackageType="SatellitePackage" />
        <Package ID="Microsoft-Windows-RasCMAK-Client-Package~31bf3856ad364e35~wow64~tr-tr~" PackageType="SatellitePackage" />
      </Packages>
    </Feature>
    <Feature Type="OnDemandFeature" FeatureID="RIP.Listener~~1.0" FMID="MSDN" Group="Microsoft">
      <Packages>
        <Package ID="Microsoft-Windows-RasRip-Package~31bf3856ad364e35~AMD64~tr-tr~" PackageType="SatellitePackage" />
      </Packages>
    </Feature>
    <Feature Type="OnDemandFeature" FeatureID="Rsat.RemoteAccess.Management.Tools~~1.0" FMID="MSDN" Group="Microsoft">
      <Dependencies>
        <Feature FeatureID="Rsat.GroupPolicy.Management.Tools~~1.0" />
        <Feature FeatureID="Rsat.ServerManager.Tools~~1.0" />
      </Dependencies>
      <Packages>
        <Package ID="Microsoft-Windows-RemoteAccess-Management-Tools-FoD-Package~31bf3856ad364e35~AMD64~tr-tr~" PackageType="SatellitePackage" />
        <Package ID="Microsoft-Windows-RemoteAccess-Management-Tools-FoD-Package~31bf3856ad364e35~wow64~tr-tr~" PackageType="SatellitePackage" />
      </Packages>
    </Feature>
    <Feature Type="OnDemandFeature" FeatureID="Rsat.RemoteDesktop.Services.Tools~~1.0" FMID="MSDN" Group="Microsoft">
      <Packages>
        <Package ID="Microsoft-Windows-RemoteDesktop-Services-Tools-FoD-Package~31bf3856ad364e35~AMD64~tr-tr~" PackageType="SatellitePackage" />
      </Packages>
    </Feature>
    <Feature Type="OnDemandFeature" FeatureID="ServerCore.AppCompatibility~~1.0" FMID="MSDN" Group="Microsoft">
      <Packages>
        <Package ID="Microsoft-Windows-Server-AppCompat-FoD-Package~31bf3856ad364e35~AMD64~tr-tr~" PackageType="SatellitePackage" />
      </Packages>
    </Feature>
    <Feature Type="OnDemandFeature" FeatureID="Rsat.ServerManager.Tools~~1.0" FMID="MSDN" Group="Microsoft">
      <Packages>
        <Package ID="Microsoft-Windows-ServerManager-Tools-FoD-Package~31bf3856ad364e35~AMD64~tr-tr~" PackageType="SatellitePackage" />
        <Package ID="Microsoft-Windows-ServerManager-Tools-FoD-Package~31bf3856ad364e35~wow64~tr-tr~" PackageType="SatellitePackage" />
      </Packages>
    </Feature>
    <Feature Type="OnDemandFeature" FeatureID="Rsat.Shielded.VM.Tools~~1.0" FMID="MSDN" Group="Microsoft">
      <Dependencies>
        <Feature FeatureID="Rsat.ServerManager.Tools~~1.0" />
      </Dependencies>
      <Packages>
        <Package ID="Microsoft-Windows-Shielded-VM-Tools-FoD-Package~31bf3856ad364e35~AMD64~tr-tr~" PackageType="SatellitePackage" />
      </Packages>
    </Feature>
    <Feature Type="OnDemandFeature" FeatureID="SNMP.Client~~1.0" FMID="MSDN" Group="Microsoft">
      <Packages>
        <Package ID="Microsoft-Windows-SNMP-Client-Package~31bf3856ad364e35~AMD64~tr-tr~" PackageType="SatellitePackage" />
        <Package ID="Microsoft-Windows-SNMP-Client-Package~31bf3856ad364e35~wow64~tr-tr~" PackageType="SatellitePackage" />
      </Packages>
    </Feature>
    <Feature Type="OnDemandFeature" FeatureID="Microsoft.Windows.StorageManagement~~1.0" FMID="MSDN" Group="Microsoft">
      <Packages>
        <Package ID="Microsoft-Windows-StorageManagement-FoD-Package~31bf3856ad364e35~AMD64~tr-tr~" PackageType="SatellitePackage" />
        <Package ID="Microsoft-Windows-StorageManagement-FoD-Package~31bf3856ad364e35~wow64~tr-tr~" PackageType="SatellitePackage" />
      </Packages>
    </Feature>
    <Feature Type="OnDemandFeature" FeatureID="Rsat.StorageMigrationService.Management.Tools~~1.0" FMID="MSDN" Group="Microsoft">
      <Packages>
        <Package ID="Microsoft-Windows-StorageMigrationService-Management-Tools-FOD-Package~31bf3856ad364e35~AMD64~tr-tr~" PackageType="SatellitePackage" />
      </Packages>
    </Feature>
    <Feature Type="OnDemandFeature" FeatureID="Rsat.StorageReplica.Tools~~1.0" FMID="MSDN" Group="Microsoft">
      <Packages>
        <Package ID="Microsoft-Windows-StorageReplica-Tools-FoD-Package~31bf3856ad364e35~AMD64~tr-tr~" PackageType="SatellitePackage" />
      </Packages>
    </Feature>
    <Feature Type="OnDemandFeature" FeatureID="Rsat.SystemInsights.Management.Tools~~1.0" FMID="MSDN" Group="Microsoft">
      <Packages>
        <Package ID="Microsoft-Windows-SystemInsights-Management-Tools-FOD-Package~31bf3856ad364e35~AMD64~tr-tr~" PackageType="SatellitePackage" />
      </Packages>
    </Feature>
    <Feature Type="OnDemandFeature" FeatureID="Rsat.VolumeActivation.Tools~~1.0" FMID="MSDN" Group="Microsoft">
      <Packages>
        <Package ID="Microsoft-Windows-VolumeActivation-Tools-FoD-Package~31bf3856ad364e35~AMD64~tr-tr~" PackageType="SatellitePackage" />
      </Packages>
    </Feature>
    <Feature Type="OnDemandFeature" FeatureID="WMI-SNMP-Provider.Client~~1.0" FMID="MSDN" Group="Microsoft">
      <Dependencies>
        <Feature FeatureID="SNMP.Client~~1.0" />
      </Dependencies>
      <Packages>
        <Package ID="Microsoft-Windows-WMI-SNMP-Provider-Client-Package~31bf3856ad364e35~AMD64~tr-tr~" PackageType="SatellitePackage" />
        <Package ID="Microsoft-Windows-WMI-SNMP-Provider-Client-Package~31bf3856ad364e35~wow64~tr-tr~" PackageType="SatellitePackage" />
      </Packages>
    </Feature>
    <Feature Type="OnDemandFeature" FeatureID="Rsat.WSUS.Tools~~1.0" FMID="MSDN" Group="Microsoft">
      <Packages>
        <Package ID="Microsoft-Windows-WSUS-Tools-FoD-Package~31bf3856ad364e35~AMD64~tr-tr~" PackageType="SatellitePackage" />
      </Packages>
    </Feature>
  </Features>
  <Packages>
    <Package ID="Microsoft-Windows-Server-LanguagePack-Package_tr-tr~31bf3856ad364e35~amd64~tr-tr~" InstalledSize="1107450123" Version="10.0.17763.1">
      <SatelliteInfo>
        <DeclareInfo>
          <Declare Type="language" Value="tr-TR" />
        </DeclareInfo>
      </SatelliteInfo>
      <Payload>
        <PayloadItem PayloadHash="7uHMVW4EBNMrna8RzJZDa0LlB2/ckXsaOVK/SAGEZac=" PayloadSize="1667657" Path="UUP\Desktop\editionpackages\Server\tr-tr\baseless\Microsoft-Windows-Server-LanguagePack-Package_tr-tr~31bf3856ad364e35~amd64~tr-tr~.cab" PayloadType="ExpressCab" />
        <PayloadItem PayloadHash="h/HkqJvkW0p4hBiWR7bx/qgJWi1M/pvOb296vPmACnU=" PayloadSize="78395241" Path="UUP\Desktop\editionpackages\Server\tr-tr\baseless\Microsoft-Windows-Server-LanguagePack-Package_tr-tr~31bf3856ad364e35~amd64~tr-tr~.psf" PayloadType="ExpressPSF" />
      </Payload>
    </Package>
    <Package ID="Microsoft-OneCore-StorageManagement-FoD-Package~31bf3856ad364e35~AMD64~tr-tr~" InstalledSize="1962156" Version="10.0.17763.1">
      <SatelliteInfo>
        <ApplyToInfo>
          <ApplyTo Type="language" Value="tr-TR" />
        </ApplyToInfo>
      </SatelliteInfo>
      <Payload>
        <PayloadItem PayloadHash="rQvTY3z9FHIdMEYni+Aq9XAOMs2QrijaoQm5D08JDRc=" PayloadSize="20559" Path="FeaturesOnDemand\tr-tr\baseless\Microsoft-OneCore-StorageManagement-FoD-Package~31bf3856ad364e35~AMD64~tr-tr~.cab" PayloadType="ExpressCab" />
        <PayloadItem PayloadHash="j01AB6dgeLW57mQzQydYEeSruSf83Azg0AaxPxYnBMk=" PayloadSize="207724" Path="FeaturesOnDemand\tr-tr\baseless\Microsoft-OneCore-StorageManagement-FoD-Package~31bf3856ad364e35~AMD64~tr-tr~.psf" PayloadType="ExpressPSF" />
      </Payload>
    </Package>
    <Package ID="Microsoft-OneCore-StorageManagement-FoD-Package~31bf3856ad364e35~wow64~tr-tr~" InstalledSize="1079505" Version="10.0.17763.1">
      <SatelliteInfo>
        <ApplyToInfo>
          <ApplyTo Type="arch" Value="wow64" />
          <ApplyTo Type="language" Value="tr-TR" />
        </ApplyToInfo>
      </SatelliteInfo>
      <Payload>
        <PayloadItem PayloadHash="SSgbV4Z5HXUN3dv7/Ig0aH8GC007ZpzHQZwgggYdlBI=" PayloadSize="19223" Path="FeaturesOnDemand\tr-tr\baseless\Microsoft-OneCore-StorageManagement-FoD-Package~31bf3856ad364e35~wow64~tr-tr~.cab" PayloadType="ExpressCab" />
        <PayloadItem PayloadHash="w10I7jODGlkMVicXEvpbkHqXMk48b8oV862vr1IiRJs=" PayloadSize="117205" Path="FeaturesOnDemand\tr-tr\baseless\Microsoft-OneCore-StorageManagement-FoD-Package~31bf3856ad364e35~wow64~tr-tr~.psf" PayloadType="ExpressPSF" />
      </Payload>
    </Package>
    <Package ID="Microsoft-Windows-ActiveDirectory-DS-LDS-Tools-FoD-Package~31bf3856ad364e35~AMD64~tr-tr~" InstalledSize="5757362" Version="10.0.17763.1">
      <SatelliteInfo>
        <ApplyToInfo>
          <ApplyTo Type="language" Value="tr-TR" />
        </ApplyToInfo>
      </SatelliteInfo>
      <Payload>
        <PayloadItem PayloadHash="fC/Ei3HDYnNYSJmfbf0ziAGMIFZ9BMkVJjIjKP7wMyA=" PayloadSize="28295" Path="FeaturesOnDemand\tr-tr\baseless\Microsoft-Windows-ActiveDirectory-DS-LDS-Tools-FoD-Package~31bf3856ad364e35~AMD64~tr-tr~.cab" PayloadType="ExpressCab" />
        <PayloadItem PayloadHash="6iAn1ij1/31ISc11Hl4QLFDNbY/b6mvmK6dtzpEJ88M=" PayloadSize="968669" Path="FeaturesOnDemand\tr-tr\baseless\Microsoft-Windows-ActiveDirectory-DS-LDS-Tools-FoD-Package~31bf3856ad364e35~AMD64~tr-tr~.psf" PayloadType="ExpressPSF" />
      </Payload>
    </Package>
    <Package ID="Microsoft-Windows-ActiveDirectory-DS-LDS-Tools-FoD-Package~31bf3856ad364e35~wow64~tr-tr~" InstalledSize="803082" Version="10.0.17763.1">
      <SatelliteInfo>
        <ApplyToInfo>
          <ApplyTo Type="arch" Value="wow64" />
          <ApplyTo Type="language" Value="tr-TR" />
        </ApplyToInfo>
      </SatelliteInfo>
      <Payload>
        <PayloadItem PayloadHash="/wuOsppUshAthGk/wXsfmKXbg0PFDrc6FPboMIpGCbc=" PayloadSize="19681" Path="FeaturesOnDemand\tr-tr\baseless\Microsoft-Windows-ActiveDirectory-DS-LDS-Tools-FoD-Package~31bf3856ad364e35~wow64~tr-tr~.cab" PayloadType="ExpressCab" />
        <PayloadItem PayloadHash="owbr1xHNLq/o34QE41szULT/z2Wc3ZkvLlr0Qald7Vs=" PayloadSize="164057" Path="FeaturesOnDemand\tr-tr\baseless\Microsoft-Windows-ActiveDirectory-DS-LDS-Tools-FoD-Package~31bf3856ad364e35~wow64~tr-tr~.psf" PayloadType="ExpressPSF" />
      </Payload>
    </Package>
    <Package ID="Microsoft-Windows-BitLocker-Recovery-Tools-FoD-Package~31bf3856ad364e35~AMD64~tr-tr~" InstalledSize="34152" Version="10.0.17763.1">
      <SatelliteInfo>
        <ApplyToInfo>
          <ApplyTo Type="language" Value="tr-TR" />
        </ApplyToInfo>
      </SatelliteInfo>
      <Payload>
        <PayloadItem PayloadHash="y2bdLnJ+2Z4wWw+Pstmt91XcGKTOWSjgRKgZOpBqtJA=" PayloadSize="19017" Path="FeaturesOnDemand\tr-tr\baseless\Microsoft-Windows-BitLocker-Recovery-Tools-FoD-Package~31bf3856ad364e35~AMD64~tr-tr~.cab" PayloadType="ExpressCab" />
        <PayloadItem PayloadHash="b0+HI7lJ88LHtyWloBIPfHkQdbcNFNWwZUGi2xv8MKY=" PayloadSize="68135" Path="FeaturesOnDemand\tr-tr\baseless\Microsoft-Windows-BitLocker-Recovery-Tools-FoD-Package~31bf3856ad364e35~AMD64~tr-tr~.psf" PayloadType="ExpressPSF" />
      </Payload>
    </Package>
    <Package ID="Microsoft-Windows-CertificateServices-Tools-FoD-Package~31bf3856ad364e35~AMD64~tr-tr~" InstalledSize="1020835" Version="10.0.17763.1">
      <SatelliteInfo>
        <ApplyToInfo>
          <ApplyTo Type="language" Value="tr-TR" />
        </ApplyToInfo>
      </SatelliteInfo>
      <Payload>
        <PayloadItem PayloadHash="vO0vdMW1mUg13rykHiltpdbr+S7PISGT+KwljaFN+n8=" PayloadSize="20983" Path="FeaturesOnDemand\tr-tr\baseless\Microsoft-Windows-CertificateServices-Tools-FoD-Package~31bf3856ad364e35~AMD64~tr-tr~.cab" PayloadType="ExpressCab" />
        <PayloadItem PayloadHash="zuFi22T1pfDE9sNXg1wAhAkBsgfFlr34Nfv3rfT2cFI=" PayloadSize="208397" Path="FeaturesOnDemand\tr-tr\baseless\Microsoft-Windows-CertificateServices-Tools-FoD-Package~31bf3856ad364e35~AMD64~tr-tr~.psf" PayloadType="ExpressPSF" />
      </Payload>
    </Package>
    <Package ID="Microsoft-Windows-DHCP-Tools-FoD-Package~31bf3856ad364e35~AMD64~tr-tr~" InstalledSize="1803857" Version="10.0.17763.1">
      <SatelliteInfo>
        <ApplyToInfo>
          <ApplyTo Type="language" Value="tr-TR" />
        </ApplyToInfo>
      </SatelliteInfo>
      <Payload>
        <PayloadItem PayloadHash="81F5TwmKs3xlHytdOPgnvbhdr7DNrOelEJJrKO/hgxU=" PayloadSize="19551" Path="FeaturesOnDemand\tr-tr\baseless\Microsoft-Windows-DHCP-Tools-FoD-Package~31bf3856ad364e35~AMD64~tr-tr~.cab" PayloadType="ExpressCab" />
        <PayloadItem PayloadHash="uhgQpd5DHyK8fYYt4W8p3DrdgkGXssKPVKtFDMYOh58=" PayloadSize="210516" Path="FeaturesOnDemand\tr-tr\baseless\Microsoft-Windows-DHCP-Tools-FoD-Package~31bf3856ad364e35~AMD64~tr-tr~.psf" PayloadType="ExpressPSF" />
      </Payload>
    </Package>
    <Package ID="Microsoft-Windows-DHCP-Tools-FoD-Package~31bf3856ad364e35~wow64~tr-tr~" InstalledSize="465384" Version="10.0.17763.1">
      <SatelliteInfo>
        <ApplyToInfo>
          <ApplyTo Type="arch" Value="wow64" />
          <ApplyTo Type="language" Value="tr-TR" />
        </ApplyToInfo>
      </SatelliteInfo>
      <Payload>
        <PayloadItem PayloadHash="yz8RkQi7caYWcMciqkVOrQrcXf2qLESr8jt+/qHgof8=" PayloadSize="19029" Path="FeaturesOnDemand\tr-tr\baseless\Microsoft-Windows-DHCP-Tools-FoD-Package~31bf3856ad364e35~wow64~tr-tr~.cab" PayloadType="ExpressCab" />
        <PayloadItem PayloadHash="xOk/1x6Vgeoa2o0PRcnNOy6IKYnkNmISRAmg1DEBgs4=" PayloadSize="96961" Path="FeaturesOnDemand\tr-tr\baseless\Microsoft-Windows-DHCP-Tools-FoD-Package~31bf3856ad364e35~wow64~tr-tr~.psf" PayloadType="ExpressPSF" />
      </Payload>
    </Package>
    <Package ID="Microsoft-Windows-DNS-Tools-FoD-Package~31bf3856ad364e35~AMD64~tr-tr~" InstalledSize="1903097" Version="10.0.17763.1">
      <SatelliteInfo>
        <ApplyToInfo>
          <ApplyTo Type="language" Value="tr-TR" />
        </ApplyToInfo>
      </SatelliteInfo>
      <Payload>
        <PayloadItem PayloadHash="tb2cCZtXxJ5n869U4LrMgkyFqndqNi2S+7PzdP01ZWc=" PayloadSize="19971" Path="FeaturesOnDemand\tr-tr\baseless\Microsoft-Windows-DNS-Tools-FoD-Package~31bf3856ad364e35~AMD64~tr-tr~.cab" PayloadType="ExpressCab" />
        <PayloadItem PayloadHash="hcVnXI5Kc1yAjPl0HRCzXkIIIEiRDu6uYm5ILJVRo80=" PayloadSize="246634" Path="FeaturesOnDemand\tr-tr\baseless\Microsoft-Windows-DNS-Tools-FoD-Package~31bf3856ad364e35~AMD64~tr-tr~.psf" PayloadType="ExpressPSF" />
      </Payload>
    </Package>
    <Package ID="Microsoft-Windows-DNS-Tools-FoD-Package~31bf3856ad364e35~wow64~tr-tr~" InstalledSize="13440" Version="10.0.17763.1">
      <SatelliteInfo>
        <ApplyToInfo>
          <ApplyTo Type="arch" Value="wow64" />
          <ApplyTo Type="language" Value="tr-TR" />
        </ApplyToInfo>
      </SatelliteInfo>
      <Payload>
        <PayloadItem PayloadHash="0bsfLjumZY5WL5ZQIUqOYbi6uTgBRQbea6QE/xHLQiY=" PayloadSize="18579" Path="FeaturesOnDemand\tr-tr\baseless\Microsoft-Windows-DNS-Tools-FoD-Package~31bf3856ad364e35~wow64~tr-tr~.cab" PayloadType="ExpressCab" />
        <PayloadItem PayloadHash="POkvh3VkopOVm5+7bqc/hwFaB8b1Gmv9Pffp4TIHZ5I=" PayloadSize="58988" Path="FeaturesOnDemand\tr-tr\baseless\Microsoft-Windows-DNS-Tools-FoD-Package~31bf3856ad364e35~wow64~tr-tr~.psf" PayloadType="ExpressPSF" />
      </Payload>
    </Package>
    <Package ID="Microsoft-Windows-FailoverCluster-Management-Tools-FOD-Package~31bf3856ad364e35~AMD64~tr-tr~" InstalledSize="9010132" Version="10.0.17763.1">
      <SatelliteInfo>
        <ApplyToInfo>
          <ApplyTo Type="language" Value="tr-TR" />
        </ApplyToInfo>
      </SatelliteInfo>
      <Payload>
        <PayloadItem PayloadHash="o2+im1qQJRt6uYBvL5j2JoHcnUjgzEDUxK1jK93r2SM=" PayloadSize="26903" Path="FeaturesOnDemand\tr-tr\baseless\Microsoft-Windows-FailoverCluster-Management-Tools-FOD-Package~31bf3856ad364e35~AMD64~tr-tr~.cab" PayloadType="ExpressCab" />
        <PayloadItem PayloadHash="3JmIbskiTLVfQKWbOELHv1u7NmRFJ6IuN/gXJpNBZ/I=" PayloadSize="2483484" Path="FeaturesOnDemand\tr-tr\baseless\Microsoft-Windows-FailoverCluster-Management-Tools-FOD-Package~31bf3856ad364e35~AMD64~tr-tr~.psf" PayloadType="ExpressPSF" />
      </Payload>
    </Package>
    <Package ID="Microsoft-Windows-FailoverCluster-Management-Tools-FOD-Package~31bf3856ad364e35~wow64~tr-tr~" InstalledSize="77383" Version="10.0.17763.1">
      <SatelliteInfo>
        <ApplyToInfo>
          <ApplyTo Type="arch" Value="wow64" />
          <ApplyTo Type="language" Value="tr-TR" />
        </ApplyToInfo>
      </SatelliteInfo>
      <Payload>
        <PayloadItem PayloadHash="PAT6qfpjDUu1O6BysUvXkwEc0TXxhxXxNUnOLWJ66kE=" PayloadSize="20043" Path="FeaturesOnDemand\tr-tr\baseless\Microsoft-Windows-FailoverCluster-Management-Tools-FOD-Package~31bf3856ad364e35~wow64~tr-tr~.cab" PayloadType="ExpressCab" />
        <PayloadItem PayloadHash="qHxplkBYWoSY0NrKOSLaFOamOeoWssYW+ApOpD7oxYs=" PayloadSize="88095" Path="FeaturesOnDemand\tr-tr\baseless\Microsoft-Windows-FailoverCluster-Management-Tools-FOD-Package~31bf3856ad364e35~wow64~tr-tr~.psf" PayloadType="ExpressPSF" />
      </Payload>
    </Package>
    <Package ID="Microsoft-Windows-FileServices-Tools-FoD-Package~31bf3856ad364e35~AMD64~tr-tr~" InstalledSize="4174375" Version="10.0.17763.1">
      <SatelliteInfo>
        <ApplyToInfo>
          <ApplyTo Type="language" Value="tr-TR" />
        </ApplyToInfo>
      </SatelliteInfo>
      <Payload>
        <PayloadItem PayloadHash="TGryNfq/jJYkpoIfanU1yvIst/U1d4zrrs81TGd1b+o=" PayloadSize="24207" Path="FeaturesOnDemand\tr-tr\baseless\Microsoft-Windows-FileServices-Tools-FoD-Package~31bf3856ad364e35~AMD64~tr-tr~.cab" PayloadType="ExpressCab" />
        <PayloadItem PayloadHash="v6qQ5WZ7+MYrxtGnhl3J3DR6hUFKG9ipfh7dNJgIKhQ=" PayloadSize="629541" Path="FeaturesOnDemand\tr-tr\baseless\Microsoft-Windows-FileServices-Tools-FoD-Package~31bf3856ad364e35~AMD64~tr-tr~.psf" PayloadType="ExpressPSF" />
      </Payload>
    </Package>
    <Package ID="Microsoft-Windows-FileServices-Tools-FoD-Package~31bf3856ad364e35~wow64~tr-tr~" InstalledSize="182191" Version="10.0.17763.1">
      <SatelliteInfo>
        <ApplyToInfo>
          <ApplyTo Type="arch" Value="wow64" />
          <ApplyTo Type="language" Value="tr-TR" />
        </ApplyToInfo>
      </SatelliteInfo>
      <Payload>
        <PayloadItem PayloadHash="qk8MZzKeIXfPiTCTr86hb9Xl2vxSD2iZo1OIRmQQvr0=" PayloadSize="19359" Path="FeaturesOnDemand\tr-tr\baseless\Microsoft-Windows-FileServices-Tools-FoD-Package~31bf3856ad364e35~wow64~tr-tr~.cab" PayloadType="ExpressCab" />
        <PayloadItem PayloadHash="78jhVcb59ZhZuM5seS191DOWOuvtsmAjWkdAot1cQcY=" PayloadSize="88397" Path="FeaturesOnDemand\tr-tr\baseless\Microsoft-Windows-FileServices-Tools-FoD-Package~31bf3856ad364e35~wow64~tr-tr~.psf" PayloadType="ExpressPSF" />
      </Payload>
    </Package>
    <Package ID="Microsoft-Windows-GroupPolicy-Management-Tools-FoD-Package~31bf3856ad364e35~AMD64~tr-tr~" InstalledSize="2319581" Version="10.0.17763.1">
      <SatelliteInfo>
        <ApplyToInfo>
          <ApplyTo Type="language" Value="tr-TR" />
        </ApplyToInfo>
      </SatelliteInfo>
      <Payload>
        <PayloadItem PayloadHash="ujWc2d7u/1TA06IfD3A9rMpsit40oHcaCENcj8vxBG8=" PayloadSize="23033" Path="FeaturesOnDemand\tr-tr\baseless\Microsoft-Windows-GroupPolicy-Management-Tools-FoD-Package~31bf3856ad364e35~AMD64~tr-tr~.cab" PayloadType="ExpressCab" />
        <PayloadItem PayloadHash="RnpexQPHC6J5j4YX+4JwWrAHPdXuVU/q/0Mcxp8kECg=" PayloadSize="361169" Path="FeaturesOnDemand\tr-tr\baseless\Microsoft-Windows-GroupPolicy-Management-Tools-FoD-Package~31bf3856ad364e35~AMD64~tr-tr~.psf" PayloadType="ExpressPSF" />
      </Payload>
    </Package>
    <Package ID="Microsoft-Windows-GroupPolicy-Management-Tools-FoD-Package~31bf3856ad364e35~wow64~tr-tr~" InstalledSize="314854" Version="10.0.17763.1">
      <SatelliteInfo>
        <ApplyToInfo>
          <ApplyTo Type="arch" Value="wow64" />
          <ApplyTo Type="language" Value="tr-TR" />
        </ApplyToInfo>
      </SatelliteInfo>
      <Payload>
        <PayloadItem PayloadHash="bBA8ZDNOmEdURR/GGR+Omk8ZAuvmLlqL5yAwGsHmzqA=" PayloadSize="18913" Path="FeaturesOnDemand\tr-tr\baseless\Microsoft-Windows-GroupPolicy-Management-Tools-FoD-Package~31bf3856ad364e35~wow64~tr-tr~.cab" PayloadType="ExpressCab" />
        <PayloadItem PayloadHash="poaF2ClGKAVUF0tXXsWsmnS+ISRt0rPSMfqvsrTRdlU=" PayloadSize="101153" Path="FeaturesOnDemand\tr-tr\baseless\Microsoft-Windows-GroupPolicy-Management-Tools-FoD-Package~31bf3856ad364e35~wow64~tr-tr~.psf" PayloadType="ExpressPSF" />
      </Payload>
    </Package>
    <Package ID="Microsoft-Windows-IPAM-Client-FoD-Package~31bf3856ad364e35~AMD64~tr-tr~" InstalledSize="103901" Version="10.0.17763.1">
      <SatelliteInfo>
        <ApplyToInfo>
          <ApplyTo Type="language" Value="tr-TR" />
        </ApplyToInfo>
      </SatelliteInfo>
      <Payload>
        <PayloadItem PayloadHash="r/SGVOot+YY/LFXf4Zc7I5TD2QEOQplDU1RA/OVK4g0=" PayloadSize="18971" Path="FeaturesOnDemand\tr-tr\baseless\Microsoft-Windows-IPAM-Client-FoD-Package~31bf3856ad364e35~AMD64~tr-tr~.cab" PayloadType="ExpressCab" />
        <PayloadItem PayloadHash="Kv4g3MRz04eoM0ctWsSW0mul6SGWe/Zit+clEEUVorw=" PayloadSize="72012" Path="FeaturesOnDemand\tr-tr\baseless\Microsoft-Windows-IPAM-Client-FoD-Package~31bf3856ad364e35~AMD64~tr-tr~.psf" PayloadType="ExpressPSF" />
      </Payload>
    </Package>
    <Package ID="Microsoft-Windows-IPAM-Client-FoD-Package~31bf3856ad364e35~wow64~tr-tr~" InstalledSize="27160" Version="10.0.17763.1">
      <SatelliteInfo>
        <ApplyToInfo>
          <ApplyTo Type="arch" Value="wow64" />
          <ApplyTo Type="language" Value="tr-TR" />
        </ApplyToInfo>
      </SatelliteInfo>
      <Payload>
        <PayloadItem PayloadHash="1tX4Sq1SuGJU8PilyNaKkwFhctiuE4i9gH58eKkzS9g=" PayloadSize="18709" Path="FeaturesOnDemand\tr-tr\baseless\Microsoft-Windows-IPAM-Client-FoD-Package~31bf3856ad364e35~wow64~tr-tr~.cab" PayloadType="ExpressCab" />
        <PayloadItem PayloadHash="hlw0Qx2fJK9JeMQVs52IQZdMxeMr/HAu/nzs/RdpCJY=" PayloadSize="61852" Path="FeaturesOnDemand\tr-tr\baseless\Microsoft-Windows-IPAM-Client-FoD-Package~31bf3856ad364e35~wow64~tr-tr~.psf" PayloadType="ExpressPSF" />
      </Payload>
    </Package>
    <Package ID="Microsoft-Windows-NetworkController-Tools-FoD-Package~31bf3856ad364e35~AMD64~tr-tr~" InstalledSize="69863" Version="10.0.17763.1">
      <SatelliteInfo>
        <ApplyToInfo>
          <ApplyTo Type="language" Value="tr-TR" />
        </ApplyToInfo>
      </SatelliteInfo>
      <Payload>
        <PayloadItem PayloadHash="8ihh2FUACZAP2MVDO2FsnHtpQcWn7AS7AvxasGXCtiM=" PayloadSize="19223" Path="FeaturesOnDemand\tr-tr\baseless\Microsoft-Windows-NetworkController-Tools-FoD-Package~31bf3856ad364e35~AMD64~tr-tr~.cab" PayloadType="ExpressCab" />
        <PayloadItem PayloadHash="rqqCxHlvXtADKx/LGjDQOhpWG7UhbaKijZXKgGL7D1Q=" PayloadSize="79705" Path="FeaturesOnDemand\tr-tr\baseless\Microsoft-Windows-NetworkController-Tools-FoD-Package~31bf3856ad364e35~AMD64~tr-tr~.psf" PayloadType="ExpressPSF" />
      </Payload>
    </Package>
    <Package ID="Microsoft-Windows-NetworkLoadBalancing-Tools-FoD-Package~31bf3856ad364e35~AMD64~tr-tr~" InstalledSize="230855" Version="10.0.17763.1">
      <SatelliteInfo>
        <ApplyToInfo>
          <ApplyTo Type="language" Value="tr-TR" />
        </ApplyToInfo>
      </SatelliteInfo>
      <Payload>
        <PayloadItem PayloadHash="eZWfPkF3fIdsZi9jVe52coTtmsZVlgG9zBjmZRFzK8I=" PayloadSize="18951" Path="FeaturesOnDemand\tr-tr\baseless\Microsoft-Windows-NetworkLoadBalancing-Tools-FoD-Package~31bf3856ad364e35~AMD64~tr-tr~.cab" PayloadType="ExpressCab" />
        <PayloadItem PayloadHash="7snSVN6dYt/yr2lhjQMmtIE9t+G5SU97iQgWu42hV2Y=" PayloadSize="98412" Path="FeaturesOnDemand\tr-tr\baseless\Microsoft-Windows-NetworkLoadBalancing-Tools-FoD-Package~31bf3856ad364e35~AMD64~tr-tr~.psf" PayloadType="ExpressPSF" />
      </Payload>
    </Package>
    <Package ID="Microsoft-Windows-RasCMAK-Client-Package~31bf3856ad364e35~AMD64~tr-tr~" InstalledSize="224824" Version="10.0.17763.1">
      <SatelliteInfo>
        <ApplyToInfo>
          <ApplyTo Type="language" Value="tr-TR" />
        </ApplyToInfo>
      </SatelliteInfo>
      <Payload>
        <PayloadItem PayloadHash="P6SHQvbuxePfw3rI2YFfyF27FXyozbh6wSKX92aarbI=" PayloadSize="19191" Path="FeaturesOnDemand\tr-tr\baseless\Microsoft-Windows-RasCMAK-Client-Package~31bf3856ad364e35~AMD64~tr-tr~.cab" PayloadType="ExpressCab" />
        <PayloadItem PayloadHash="jCNMzd5A+bUWtMyjhqwUEkEqgCvcH1CJI0Dpqjdq/4c=" PayloadSize="125475" Path="FeaturesOnDemand\tr-tr\baseless\Microsoft-Windows-RasCMAK-Client-Package~31bf3856ad364e35~AMD64~tr-tr~.psf" PayloadType="ExpressPSF" />
      </Payload>
    </Package>
    <Package ID="Microsoft-Windows-RasCMAK-Client-Package~31bf3856ad364e35~wow64~tr-tr~" InstalledSize="489964" Version="10.0.17763.1">
      <SatelliteInfo>
        <ApplyToInfo>
          <ApplyTo Type="arch" Value="wow64" />
          <ApplyTo Type="language" Value="tr-TR" />
        </ApplyToInfo>
      </SatelliteInfo>
      <Payload>
        <PayloadItem PayloadHash="LR98PjbYZJcArT4MgKH0KYn9wOETcvIjdf85obdDTXg=" PayloadSize="19295" Path="FeaturesOnDemand\tr-tr\baseless\Microsoft-Windows-RasCMAK-Client-Package~31bf3856ad364e35~wow64~tr-tr~.cab" PayloadType="ExpressCab" />
        <PayloadItem PayloadHash="+KICsPvff8/EtjkK5a/ksE7jaTZqFROSHeptjiMCnUo=" PayloadSize="400918" Path="FeaturesOnDemand\tr-tr\baseless\Microsoft-Windows-RasCMAK-Client-Package~31bf3856ad364e35~wow64~tr-tr~.psf" PayloadType="ExpressPSF" />
      </Payload>
    </Package>
    <Package ID="Microsoft-Windows-RasRip-Package~31bf3856ad364e35~AMD64~tr-tr~" InstalledSize="27755" Version="10.0.17763.1">
      <SatelliteInfo>
        <ApplyToInfo>
          <ApplyTo Type="language" Value="tr-TR" />
        </ApplyToInfo>
      </SatelliteInfo>
      <Payload>
        <PayloadItem PayloadHash="VFqt7oYWyEmGauOJxFKZwQvk6TuFmZaP1JjJiTWhkX0=" PayloadSize="18511" Path="FeaturesOnDemand\tr-tr\baseless\Microsoft-Windows-RasRip-Package~31bf3856ad364e35~AMD64~tr-tr~.cab" PayloadType="ExpressCab" />
        <PayloadItem PayloadHash="ih4MiwWgrVn8auQtq5EU+yD27lWLE0blM69oNuCtwXE=" PayloadSize="62152" Path="FeaturesOnDemand\tr-tr\baseless\Microsoft-Windows-RasRip-Package~31bf3856ad364e35~AMD64~tr-tr~.psf" PayloadType="ExpressPSF" />
      </Payload>
    </Package>
    <Package ID="Microsoft-Windows-RemoteAccess-Management-Tools-FoD-Package~31bf3856ad364e35~AMD64~tr-tr~" InstalledSize="18568035" Version="10.0.17763.1">
      <SatelliteInfo>
        <ApplyToInfo>
          <ApplyTo Type="language" Value="tr-TR" />
        </ApplyToInfo>
      </SatelliteInfo>
      <Payload>
        <PayloadItem PayloadHash="tJQYc5Wp0va5zrRSXA3jju0kmeVENyOjZDehysFpk9o=" PayloadSize="21875" Path="FeaturesOnDemand\tr-tr\baseless\Microsoft-Windows-RemoteAccess-Management-Tools-FoD-Package~31bf3856ad364e35~AMD64~tr-tr~.cab" PayloadType="ExpressCab" />
        <PayloadItem PayloadHash="ovylk5GO45CytDuJSjF46Ck3wFZ465kiI6pgHsR6wrc=" PayloadSize="3408810" Path="FeaturesOnDemand\tr-tr\baseless\Microsoft-Windows-RemoteAccess-Management-Tools-FoD-Package~31bf3856ad364e35~AMD64~tr-tr~.psf" PayloadType="ExpressPSF" />
      </Payload>
    </Package>
    <Package ID="Microsoft-Windows-RemoteAccess-Management-Tools-FoD-Package~31bf3856ad364e35~wow64~tr-tr~" InstalledSize="13523" Version="10.0.17763.1">
      <SatelliteInfo>
        <ApplyToInfo>
          <ApplyTo Type="arch" Value="wow64" />
          <ApplyTo Type="language" Value="tr-TR" />
        </ApplyToInfo>
      </SatelliteInfo>
      <Payload>
        <PayloadItem PayloadHash="xVN0IkhPqjKtpHfytBE5mdbGSbcYBZWbM1asbxuTSv8=" PayloadSize="18653" Path="FeaturesOnDemand\tr-tr\baseless\Microsoft-Windows-RemoteAccess-Management-Tools-FoD-Package~31bf3856ad364e35~wow64~tr-tr~.cab" PayloadType="ExpressCab" />
        <PayloadItem PayloadHash="m1dEIHMLaTjVGs2B5xArG5OO7mrejKvZ6nNCpFbNs5o=" PayloadSize="58448" Path="FeaturesOnDemand\tr-tr\baseless\Microsoft-Windows-RemoteAccess-Management-Tools-FoD-Package~31bf3856ad364e35~wow64~tr-tr~.psf" PayloadType="ExpressPSF" />
      </Payload>
    </Package>
    <Package ID="Microsoft-Windows-RemoteDesktop-Services-Tools-FoD-Package~31bf3856ad364e35~AMD64~tr-tr~" InstalledSize="1520174" Version="10.0.17763.1">
      <SatelliteInfo>
        <ApplyToInfo>
          <ApplyTo Type="language" Value="tr-TR" />
        </ApplyToInfo>
      </SatelliteInfo>
      <Payload>
        <PayloadItem PayloadHash="Xss/xABo38ohR9Ato5E4v0I4uZJcEQBoWKcTRewrqAo=" PayloadSize="20699" Path="FeaturesOnDemand\tr-tr\baseless\Microsoft-Windows-RemoteDesktop-Services-Tools-FoD-Package~31bf3856ad364e35~AMD64~tr-tr~.cab" PayloadType="ExpressCab" />
        <PayloadItem PayloadHash="IbTAa5kkhaS84nr+lQVRzzdl4ViFTJrNPfqTNLdORYI=" PayloadSize="307578" Path="FeaturesOnDemand\tr-tr\baseless\Microsoft-Windows-RemoteDesktop-Services-Tools-FoD-Package~31bf3856ad364e35~AMD64~tr-tr~.psf" PayloadType="ExpressPSF" />
      </Payload>
    </Package>
    <Package ID="Microsoft-Windows-Server-AppCompat-FoD-Package~31bf3856ad364e35~AMD64~tr-tr~" InstalledSize="28137138" Version="10.0.17763.1">
      <SatelliteInfo>
        <ApplyToInfo>
          <ApplyTo Type="language" Value="tr-TR" />
        </ApplyToInfo>
      </SatelliteInfo>
      <Payload>
        <PayloadItem PayloadHash="7pd+okfjXxR49y1ZgaRAn28fd/T7gDVXtU2ICAs8xlc=" PayloadSize="95527" Path="FeaturesOnDemand\tr-tr\baseless\Microsoft-Windows-Server-AppCompat-FoD-Package~31bf3856ad364e35~AMD64~tr-tr~.cab" PayloadType="ExpressCab" />
        <PayloadItem PayloadHash="eGlS3OzGYzv2VPuof2/o04ppby2/a1KTl1Tk+k5hyS4=" PayloadSize="6873868" Path="FeaturesOnDemand\tr-tr\baseless\Microsoft-Windows-Server-AppCompat-FoD-Package~31bf3856ad364e35~AMD64~tr-tr~.psf" PayloadType="ExpressPSF" />
      </Payload>
    </Package>
    <Package ID="Microsoft-Windows-ServerManager-Tools-FoD-Package~31bf3856ad364e35~AMD64~tr-tr~" InstalledSize="11921164" Version="10.0.17763.1">
      <SatelliteInfo>
        <ApplyToInfo>
          <ApplyTo Type="language" Value="tr-TR" />
        </ApplyToInfo>
      </SatelliteInfo>
      <Payload>
        <PayloadItem PayloadHash="MGlFMUphXNRm3pTSV0Lezf7U98/ywDRqlw0++bYPyQo=" PayloadSize="38109" Path="FeaturesOnDemand\tr-tr\baseless\Microsoft-Windows-ServerManager-Tools-FoD-Package~31bf3856ad364e35~AMD64~tr-tr~.cab" PayloadType="ExpressCab" />
        <PayloadItem PayloadHash="VIOndhzAHPGXmwpv+DD9yaS9frAzzYRTpBRFjkM8cQo=" PayloadSize="2335373" Path="FeaturesOnDemand\tr-tr\baseless\Microsoft-Windows-ServerManager-Tools-FoD-Package~31bf3856ad364e35~AMD64~tr-tr~.psf" PayloadType="ExpressPSF" />
      </Payload>
    </Package>
    <Package ID="Microsoft-Windows-ServerManager-Tools-FoD-Package~31bf3856ad364e35~wow64~tr-tr~" InstalledSize="1215814" Version="10.0.17763.1">
      <SatelliteInfo>
        <ApplyToInfo>
          <ApplyTo Type="arch" Value="wow64" />
          <ApplyTo Type="language" Value="tr-TR" />
        </ApplyToInfo>
      </SatelliteInfo>
      <Payload>
        <PayloadItem PayloadHash="lJwdfGq9x/qEJYNuNb2wVOqz+toDCQzlEIT520zvkQA=" PayloadSize="19687" Path="FeaturesOnDemand\tr-tr\baseless\Microsoft-Windows-ServerManager-Tools-FoD-Package~31bf3856ad364e35~wow64~tr-tr~.cab" PayloadType="ExpressCab" />
        <PayloadItem PayloadHash="0GRjomBSfMsvcON2uBS4G0qh6w5agS8BIXDRDRo6tmw=" PayloadSize="366737" Path="FeaturesOnDemand\tr-tr\baseless\Microsoft-Windows-ServerManager-Tools-FoD-Package~31bf3856ad364e35~wow64~tr-tr~.psf" PayloadType="ExpressPSF" />
      </Payload>
    </Package>
    <Package ID="Microsoft-Windows-Shielded-VM-Tools-FoD-Package~31bf3856ad364e35~AMD64~tr-tr~" InstalledSize="396714" Version="10.0.17763.1">
      <SatelliteInfo>
        <ApplyToInfo>
          <ApplyTo Type="language" Value="tr-TR" />
        </ApplyToInfo>
      </SatelliteInfo>
      <Payload>
        <PayloadItem PayloadHash="s/UvkcDsS/l9jlggZzqsT5vEhCZqSR0Mu6yTGBc6Ch0=" PayloadSize="23877" Path="FeaturesOnDemand\tr-tr\baseless\Microsoft-Windows-Shielded-VM-Tools-FoD-Package~31bf3856ad364e35~AMD64~tr-tr~.cab" PayloadType="ExpressCab" />
        <PayloadItem PayloadHash="6fCCgoIBXZWId2RJiBRrfDhJIdrAHYQQMR5TFVwaewA=" PayloadSize="183600" Path="FeaturesOnDemand\tr-tr\baseless\Microsoft-Windows-Shielded-VM-Tools-FoD-Package~31bf3856ad364e35~AMD64~tr-tr~.psf" PayloadType="ExpressPSF" />
      </Payload>
    </Package>
    <Package ID="Microsoft-Windows-SNMP-Client-Package~31bf3856ad364e35~AMD64~tr-tr~" InstalledSize="133122" Version="10.0.17763.1">
      <SatelliteInfo>
        <ApplyToInfo>
          <ApplyTo Type="language" Value="tr-TR" />
        </ApplyToInfo>
      </SatelliteInfo>
      <Payload>
        <PayloadItem PayloadHash="onJ2jzeW3lQWJ0zLQ//oZCEEwpSIZAjQV4T+O02Elq0=" PayloadSize="20323" Path="FeaturesOnDemand\tr-tr\baseless\Microsoft-Windows-SNMP-Client-Package~31bf3856ad364e35~AMD64~tr-tr~.cab" PayloadType="ExpressCab" />
        <PayloadItem PayloadHash="8UageWiPqQ5ZpYINUEmnLxrX9ALW0VcCTHbYS0R2pPQ=" PayloadSize="102127" Path="FeaturesOnDemand\tr-tr\baseless\Microsoft-Windows-SNMP-Client-Package~31bf3856ad364e35~AMD64~tr-tr~.psf" PayloadType="ExpressPSF" />
      </Payload>
    </Package>
    <Package ID="Microsoft-Windows-SNMP-Client-Package~31bf3856ad364e35~wow64~tr-tr~" InstalledSize="133460" Version="10.0.17763.1">
      <SatelliteInfo>
        <ApplyToInfo>
          <ApplyTo Type="arch" Value="wow64" />
          <ApplyTo Type="language" Value="tr-TR" />
        </ApplyToInfo>
      </SatelliteInfo>
      <Payload>
        <PayloadItem PayloadHash="Au2bvE0Cf9IuTkJx4EQprDzlE4JvAMatlFJwel0Dit8=" PayloadSize="20547" Path="FeaturesOnDemand\tr-tr\baseless\Microsoft-Windows-SNMP-Client-Package~31bf3856ad364e35~wow64~tr-tr~.cab" PayloadType="ExpressCab" />
        <PayloadItem PayloadHash="TQYjLe2956j66Zt8A/ojk7KbPCSSblkyqHXXEWpZ4OA=" PayloadSize="102372" Path="FeaturesOnDemand\tr-tr\baseless\Microsoft-Windows-SNMP-Client-Package~31bf3856ad364e35~wow64~tr-tr~.psf" PayloadType="ExpressPSF" />
      </Payload>
    </Package>
    <Package ID="Microsoft-Windows-StorageManagement-FoD-Package~31bf3856ad364e35~AMD64~tr-tr~" InstalledSize="1618940" Version="10.0.17763.1">
      <SatelliteInfo>
        <ApplyToInfo>
          <ApplyTo Type="language" Value="tr-TR" />
        </ApplyToInfo>
      </SatelliteInfo>
      <Payload>
        <PayloadItem PayloadHash="X8+DxDXkcXbjFvOAfvG1nvOTpq8/h5yvLFza7NCLAoM=" PayloadSize="21659" Path="FeaturesOnDemand\tr-tr\baseless\Microsoft-Windows-StorageManagement-FoD-Package~31bf3856ad364e35~AMD64~tr-tr~.cab" PayloadType="ExpressCab" />
        <PayloadItem PayloadHash="/up0J/tM/7APOi3JjxgA4sF1VHnKO4yxtKKkl7O1kp4=" PayloadSize="210704" Path="FeaturesOnDemand\tr-tr\baseless\Microsoft-Windows-StorageManagement-FoD-Package~31bf3856ad364e35~AMD64~tr-tr~.psf" PayloadType="ExpressPSF" />
      </Payload>
    </Package>
    <Package ID="Microsoft-Windows-StorageManagement-FoD-Package~31bf3856ad364e35~wow64~tr-tr~" InstalledSize="1119813" Version="10.0.17763.1">
      <SatelliteInfo>
        <ApplyToInfo>
          <ApplyTo Type="arch" Value="wow64" />
          <ApplyTo Type="language" Value="tr-TR" />
        </ApplyToInfo>
      </SatelliteInfo>
      <Payload>
        <PayloadItem PayloadHash="tImORGrXT4aWqY3u1qOoAqQk+BsqSJW78gGSBRr7bPw=" PayloadSize="20257" Path="FeaturesOnDemand\tr-tr\baseless\Microsoft-Windows-StorageManagement-FoD-Package~31bf3856ad364e35~wow64~tr-tr~.cab" PayloadType="ExpressCab" />
        <PayloadItem PayloadHash="o1FnEdycxxpX+j9WV187PB/TlgYcEYjhSkvd7ZD6iI0=" PayloadSize="140435" Path="FeaturesOnDemand\tr-tr\baseless\Microsoft-Windows-StorageManagement-FoD-Package~31bf3856ad364e35~wow64~tr-tr~.psf" PayloadType="ExpressPSF" />
      </Payload>
    </Package>
    <Package ID="Microsoft-Windows-StorageMigrationService-Management-Tools-FOD-Package~31bf3856ad364e35~AMD64~tr-tr~" InstalledSize="56756" Version="10.0.17763.1">
      <SatelliteInfo>
        <ApplyToInfo>
          <ApplyTo Type="language" Value="tr-TR" />
        </ApplyToInfo>
      </SatelliteInfo>
      <Payload>
        <PayloadItem PayloadHash="flVapePTnaKYZ6HYmI5IG4duEBYHx4f/zJic1RpkleE=" PayloadSize="19009" Path="FeaturesOnDemand\tr-tr\baseless\Microsoft-Windows-StorageMigrationService-Management-Tools-FOD-Package~31bf3856ad364e35~AMD64~tr-tr~.cab" PayloadType="ExpressCab" />
        <PayloadItem PayloadHash="O7RItEhOtDGIldxGsBlItB01LjvoxbjItRzirFJlnkI=" PayloadSize="73353" Path="FeaturesOnDemand\tr-tr\baseless\Microsoft-Windows-StorageMigrationService-Management-Tools-FOD-Package~31bf3856ad364e35~AMD64~tr-tr~.psf" PayloadType="ExpressPSF" />
      </Payload>
    </Package>
    <Package ID="Microsoft-Windows-StorageReplica-Tools-FoD-Package~31bf3856ad364e35~AMD64~tr-tr~" InstalledSize="401642" Version="10.0.17763.1">
      <SatelliteInfo>
        <ApplyToInfo>
          <ApplyTo Type="language" Value="tr-TR" />
        </ApplyToInfo>
      </SatelliteInfo>
      <Payload>
        <PayloadItem PayloadHash="huQpXqmyYqvemvBC0oroHTzdgkWmE+P0FPm1Nx7iyr0=" PayloadSize="19191" Path="FeaturesOnDemand\tr-tr\baseless\Microsoft-Windows-StorageReplica-Tools-FoD-Package~31bf3856ad364e35~AMD64~tr-tr~.cab" PayloadType="ExpressCab" />
        <PayloadItem PayloadHash="b0QuWx1Od0Zz/8PLkKTcg9I52kQbAAy0NF6tNbzS1iE=" PayloadSize="117010" Path="FeaturesOnDemand\tr-tr\baseless\Microsoft-Windows-StorageReplica-Tools-FoD-Package~31bf3856ad364e35~AMD64~tr-tr~.psf" PayloadType="ExpressPSF" />
      </Payload>
    </Package>
    <Package ID="Microsoft-Windows-SystemInsights-Management-Tools-FOD-Package~31bf3856ad364e35~AMD64~tr-tr~" InstalledSize="41865" Version="10.0.17763.1">
      <SatelliteInfo>
        <ApplyToInfo>
          <ApplyTo Type="language" Value="tr-TR" />
        </ApplyToInfo>
      </SatelliteInfo>
      <Payload>
        <PayloadItem PayloadHash="j+zCTnBDmaDq6K3qt/qjd6JS5D9OTaKLtL+jTZUY8rA=" PayloadSize="18969" Path="FeaturesOnDemand\tr-tr\baseless\Microsoft-Windows-SystemInsights-Management-Tools-FOD-Package~31bf3856ad364e35~AMD64~tr-tr~.cab" PayloadType="ExpressCab" />
        <PayloadItem PayloadHash="Fp2sDCKalMmqO0rvnlhOXVH0YSY6/1AQ4rHrfQBjzjE=" PayloadSize="70622" Path="FeaturesOnDemand\tr-tr\baseless\Microsoft-Windows-SystemInsights-Management-Tools-FOD-Package~31bf3856ad364e35~AMD64~tr-tr~.psf" PayloadType="ExpressPSF" />
      </Payload>
    </Package>
    <Package ID="Microsoft-Windows-VolumeActivation-Tools-FoD-Package~31bf3856ad364e35~AMD64~tr-tr~" InstalledSize="227673" Version="10.0.17763.1">
      <SatelliteInfo>
        <ApplyToInfo>
          <ApplyTo Type="language" Value="tr-TR" />
        </ApplyToInfo>
      </SatelliteInfo>
      <Payload>
        <PayloadItem PayloadHash="IQa4oViNFN4Zauygym/f+1CvezxEnwq3jkWIgSNJP0s=" PayloadSize="18461" Path="FeaturesOnDemand\tr-tr\baseless\Microsoft-Windows-VolumeActivation-Tools-FoD-Package~31bf3856ad364e35~AMD64~tr-tr~.cab" PayloadType="ExpressCab" />
        <PayloadItem PayloadHash="CjwVHxPg0qkdUk7PeCPr0PUY+75PXq1NTSKu4GKYqHA=" PayloadSize="181546" Path="FeaturesOnDemand\tr-tr\baseless\Microsoft-Windows-VolumeActivation-Tools-FoD-Package~31bf3856ad364e35~AMD64~tr-tr~.psf" PayloadType="ExpressPSF" />
      </Payload>
    </Package>
    <Package ID="Microsoft-Windows-WMI-SNMP-Provider-Client-Package~31bf3856ad364e35~AMD64~tr-tr~" InstalledSize="57179" Version="10.0.17763.1">
      <SatelliteInfo>
        <ApplyToInfo>
          <ApplyTo Type="language" Value="tr-TR" />
        </ApplyToInfo>
      </SatelliteInfo>
      <Payload>
        <PayloadItem PayloadHash="+t3LC3JtO41YfyYe5ux8iJRv9XUk+MPlnl8huraBUk0=" PayloadSize="19297" Path="FeaturesOnDemand\tr-tr\baseless\Microsoft-Windows-WMI-SNMP-Provider-Client-Package~31bf3856ad364e35~AMD64~tr-tr~.cab" PayloadType="ExpressCab" />
        <PayloadItem PayloadHash="gf6JH5+CNwSXHI/hgWQ8F/dpzwpRsivMyVOXLjtaHGk=" PayloadSize="74172" Path="FeaturesOnDemand\tr-tr\baseless\Microsoft-Windows-WMI-SNMP-Provider-Client-Package~31bf3856ad364e35~AMD64~tr-tr~.psf" PayloadType="ExpressPSF" />
      </Payload>
    </Package>
    <Package ID="Microsoft-Windows-WMI-SNMP-Provider-Client-Package~31bf3856ad364e35~wow64~tr-tr~" InstalledSize="57262" Version="10.0.17763.1">
      <SatelliteInfo>
        <ApplyToInfo>
          <ApplyTo Type="arch" Value="wow64" />
          <ApplyTo Type="language" Value="tr-TR" />
        </ApplyToInfo>
      </SatelliteInfo>
      <Payload>
        <PayloadItem PayloadHash="J2t9BlNtn+JZqN2Ae5IDBeV7H2zLOPPzF8o4aIk7YGs=" PayloadSize="19073" Path="FeaturesOnDemand\tr-tr\baseless\Microsoft-Windows-WMI-SNMP-Provider-Client-Package~31bf3856ad364e35~wow64~tr-tr~.cab" PayloadType="ExpressCab" />
        <PayloadItem PayloadHash="7JsEx4pWnWe9VKpWwrSmNhUUMHiUUmV0YcgRgy2k/ww=" PayloadSize="74026" Path="FeaturesOnDemand\tr-tr\baseless\Microsoft-Windows-WMI-SNMP-Provider-Client-Package~31bf3856ad364e35~wow64~tr-tr~.psf" PayloadType="ExpressPSF" />
      </Payload>
    </Package>
    <Package ID="Microsoft-Windows-WSUS-Tools-FoD-Package~31bf3856ad364e35~AMD64~tr-tr~" InstalledSize="2916655" Version="10.0.17763.1">
      <SatelliteInfo>
        <ApplyToInfo>
          <ApplyTo Type="language" Value="tr-TR" />
        </ApplyToInfo>
      </SatelliteInfo>
      <Payload>
        <PayloadItem PayloadHash="P9YeUPErfXmTAvwm7LUFysWhRXKjawpbD9tC8LV6NNw=" PayloadSize="19561" Path="FeaturesOnDemand\tr-tr\baseless\Microsoft-Windows-WSUS-Tools-FoD-Package~31bf3856ad364e35~AMD64~tr-tr~.cab" PayloadType="ExpressCab" />
        <PayloadItem PayloadHash="Vc8G+qzp4PLeziAgPwTqUToBGpgqpOENiXWEzONtt7I=" PayloadSize="384007" Path="FeaturesOnDemand\tr-tr\baseless\Microsoft-Windows-WSUS-Tools-FoD-Package~31bf3856ad364e35~AMD64~tr-tr~.psf" PayloadType="ExpressPSF" />
      </Payload>
    </Package>
  </Packages>
</CompDB>