<?xml version="1.0" encoding="utf-8"?>
<CompDB xmlns:xsi="http://www.w3.org/2001/XMLSchema-instance" xmlns:xsd="http://www.w3.org/2001/XMLSchema" CreatedDate="2018-11-15T19:43:53.6679128Z" Revision="1" SchemaVersion="1.2" Product="Desktop" BuildID="80154b57-1148-3590-c1b9-d2ce93ee1fac" BuildInfo="rs5_release.17763.1.180914-1434" OSVersion="10.0.17763.1" BuildArch="amd64" ReleaseType="Production" Type="Build" xmlns="http://schemas.microsoft.com/embedded/2004/10/ImageUpdate">
  <Tags Type="Language">
    <Tag Name="Language" Value="ar-SA" />
    <Tag Name="UpdateType" Value="Canonical" />
  </Tags>
  <Features>
    <Feature Type="LanguagePack" FeatureID="Language.UI.Server~ar-sa" FMID="MSDL" Group="Microsoft">
      <Packages>
        <Package ID="Microsoft-Windows-Server-LanguagePack-Package_ar-sa~31bf3856ad364e35~amd64~ar-sa~" PackageType="FeaturePackage" />
      </Packages>
    </Feature>
    <Feature Type="OnDemandFeature" FeatureID="Microsoft.Onecore.StorageManagement~~1.0" FMID="MSDN" Group="Microsoft">
      <Packages>
        <Package ID="Microsoft-OneCore-StorageManagement-FoD-Package~31bf3856ad364e35~AMD64~ar-sa~" PackageType="SatellitePackage" />
        <Package ID="Microsoft-OneCore-StorageManagement-FoD-Package~31bf3856ad364e35~wow64~ar-sa~" PackageType="SatellitePackage" />
      </Packages>
    </Feature>
    <Feature Type="OnDemandFeature" FeatureID="Rsat.ActiveDirectory.DS-LDS.Tools~~1.0" FMID="MSDN" Group="Microsoft">
      <Dependencies>
        <Feature FeatureID="Rsat.ServerManager.Tools~~1.0" />
      </Dependencies>
      <Packages>
        <Package ID="Microsoft-Windows-ActiveDirectory-DS-LDS-Tools-FoD-Package~31bf3856ad364e35~AMD64~ar-sa~" PackageType="SatellitePackage" />
        <Package ID="Microsoft-Windows-ActiveDirectory-DS-LDS-Tools-FoD-Package~31bf3856ad364e35~wow64~ar-sa~" PackageType="SatellitePackage" />
      </Packages>
    </Feature>
    <Feature Type="OnDemandFeature" FeatureID="Rsat.BitLocker.Recovery.Tools~~1.0" FMID="MSDN" Group="Microsoft">
      <Dependencies>
        <Feature FeatureID="Rsat.ActiveDirectory.DS-LDS.Tools~~1.0" />
      </Dependencies>
      <Packages>
        <Package ID="Microsoft-Windows-BitLocker-Recovery-Tools-FoD-Package~31bf3856ad364e35~AMD64~ar-sa~" PackageType="SatellitePackage" />
      </Packages>
    </Feature>
    <Feature Type="OnDemandFeature" FeatureID="Rsat.CertificateServices.Tools~~1.0" FMID="MSDN" Group="Microsoft">
      <Packages>
        <Package ID="Microsoft-Windows-CertificateServices-Tools-FoD-Package~31bf3856ad364e35~AMD64~ar-sa~" PackageType="SatellitePackage" />
      </Packages>
    </Feature>
    <Feature Type="OnDemandFeature" FeatureID="Rsat.DHCP.Tools~~1.0" FMID="MSDN" Group="Microsoft">
      <Packages>
        <Package ID="Microsoft-Windows-DHCP-Tools-FoD-Package~31bf3856ad364e35~AMD64~ar-sa~" PackageType="SatellitePackage" />
        <Package ID="Microsoft-Windows-DHCP-Tools-FoD-Package~31bf3856ad364e35~wow64~ar-sa~" PackageType="SatellitePackage" />
      </Packages>
    </Feature>
    <Feature Type="OnDemandFeature" FeatureID="Rsat.Dns.Tools~~1.0" FMID="MSDN" Group="Microsoft">
      <Packages>
        <Package ID="Microsoft-Windows-DNS-Tools-FoD-Package~31bf3856ad364e35~AMD64~ar-sa~" PackageType="SatellitePackage" />
        <Package ID="Microsoft-Windows-DNS-Tools-FoD-Package~31bf3856ad364e35~wow64~ar-sa~" PackageType="SatellitePackage" />
      </Packages>
    </Feature>
    <Feature Type="OnDemandFeature" FeatureID="Rsat.FailoverCluster.Management.Tools~~1.0" FMID="MSDN" Group="Microsoft">
      <Dependencies>
        <Feature FeatureID="Rsat.FileServices.Tools~~1.0" />
      </Dependencies>
      <Packages>
        <Package ID="Microsoft-Windows-FailoverCluster-Management-Tools-FOD-Package~31bf3856ad364e35~AMD64~ar-sa~" PackageType="SatellitePackage" />
        <Package ID="Microsoft-Windows-FailoverCluster-Management-Tools-FOD-Package~31bf3856ad364e35~wow64~ar-sa~" PackageType="SatellitePackage" />
      </Packages>
    </Feature>
    <Feature Type="OnDemandFeature" FeatureID="Rsat.FileServices.Tools~~1.0" FMID="MSDN" Group="Microsoft">
      <Dependencies>
        <Feature FeatureID="Rsat.ServerManager.Tools~~1.0" />
      </Dependencies>
      <Packages>
        <Package ID="Microsoft-Windows-FileServices-Tools-FoD-Package~31bf3856ad364e35~AMD64~ar-sa~" PackageType="SatellitePackage" />
        <Package ID="Microsoft-Windows-FileServices-Tools-FoD-Package~31bf3856ad364e35~wow64~ar-sa~" PackageType="SatellitePackage" />
      </Packages>
    </Feature>
    <Feature Type="OnDemandFeature" FeatureID="Rsat.GroupPolicy.Management.Tools~~1.0" FMID="MSDN" Group="Microsoft">
      <Packages>
        <Package ID="Microsoft-Windows-GroupPolicy-Management-Tools-FoD-Package~31bf3856ad364e35~AMD64~ar-sa~" PackageType="SatellitePackage" />
        <Package ID="Microsoft-Windows-GroupPolicy-Management-Tools-FoD-Package~31bf3856ad364e35~wow64~ar-sa~" PackageType="SatellitePackage" />
      </Packages>
    </Feature>
    <Feature Type="OnDemandFeature" FeatureID="Rsat.IPAM.Client.Tools~~1.0" FMID="MSDN" Group="Microsoft">
      <Dependencies>
        <Feature FeatureID="Rsat.ServerManager.Tools~~1.0" />
      </Dependencies>
      <Packages>
        <Package ID="Microsoft-Windows-IPAM-Client-FoD-Package~31bf3856ad364e35~AMD64~ar-sa~" PackageType="SatellitePackage" />
        <Package ID="Microsoft-Windows-IPAM-Client-FoD-Package~31bf3856ad364e35~wow64~ar-sa~" PackageType="SatellitePackage" />
      </Packages>
    </Feature>
    <Feature Type="OnDemandFeature" FeatureID="Rsat.NetworkController.Tools~~1.0" FMID="MSDN" Group="Microsoft">
      <Packages>
        <Package ID="Microsoft-Windows-NetworkController-Tools-FoD-Package~31bf3856ad364e35~AMD64~ar-sa~" PackageType="SatellitePackage" />
      </Packages>
    </Feature>
    <Feature Type="OnDemandFeature" FeatureID="Rsat.NetworkLoadBalancing.Tools~~1.0" FMID="MSDN" Group="Microsoft">
      <Packages>
        <Package ID="Microsoft-Windows-NetworkLoadBalancing-Tools-FoD-Package~31bf3856ad364e35~AMD64~ar-sa~" PackageType="SatellitePackage" />
      </Packages>
    </Feature>
    <Feature Type="OnDemandFeature" FeatureID="RasCMAK.Client~~1.0" FMID="MSDN" Group="Microsoft">
      <Packages>
        <Package ID="Microsoft-Windows-RasCMAK-Client-Package~31bf3856ad364e35~AMD64~ar-sa~" PackageType="SatellitePackage" />
        <Package ID="Microsoft-Windows-RasCMAK-Client-Package~31bf3856ad364e35~wow64~ar-sa~" PackageType="SatellitePackage" />
      </Packages>
    </Feature>
    <Feature Type="OnDemandFeature" FeatureID="RIP.Listener~~1.0" FMID="MSDN" Group="Microsoft">
      <Packages>
        <Package ID="Microsoft-Windows-RasRip-Package~31bf3856ad364e35~AMD64~ar-sa~" PackageType="SatellitePackage" />
      </Packages>
    </Feature>
    <Feature Type="OnDemandFeature" FeatureID="Rsat.RemoteAccess.Management.Tools~~1.0" FMID="MSDN" Group="Microsoft">
      <Dependencies>
        <Feature FeatureID="Rsat.GroupPolicy.Management.Tools~~1.0" />
        <Feature FeatureID="Rsat.ServerManager.Tools~~1.0" />
      </Dependencies>
      <Packages>
        <Package ID="Microsoft-Windows-RemoteAccess-Management-Tools-FoD-Package~31bf3856ad364e35~AMD64~ar-sa~" PackageType="SatellitePackage" />
        <Package ID="Microsoft-Windows-RemoteAccess-Management-Tools-FoD-Package~31bf3856ad364e35~wow64~ar-sa~" PackageType="SatellitePackage" />
      </Packages>
    </Feature>
    <Feature Type="OnDemandFeature" FeatureID="Rsat.RemoteDesktop.Services.Tools~~1.0" FMID="MSDN" Group="Microsoft">
      <Packages>
        <Package ID="Microsoft-Windows-RemoteDesktop-Services-Tools-FoD-Package~31bf3856ad364e35~AMD64~ar-sa~" PackageType="SatellitePackage" />
      </Packages>
    </Feature>
    <Feature Type="OnDemandFeature" FeatureID="ServerCore.AppCompatibility~~1.0" FMID="MSDN" Group="Microsoft">
      <Packages>
        <Package ID="Microsoft-Windows-Server-AppCompat-FoD-Package~31bf3856ad364e35~AMD64~ar-sa~" PackageType="SatellitePackage" />
      </Packages>
    </Feature>
    <Feature Type="OnDemandFeature" FeatureID="Rsat.ServerManager.Tools~~1.0" FMID="MSDN" Group="Microsoft">
      <Packages>
        <Package ID="Microsoft-Windows-ServerManager-Tools-FoD-Package~31bf3856ad364e35~AMD64~ar-sa~" PackageType="SatellitePackage" />
        <Package ID="Microsoft-Windows-ServerManager-Tools-FoD-Package~31bf3856ad364e35~wow64~ar-sa~" PackageType="SatellitePackage" />
      </Packages>
    </Feature>
    <Feature Type="OnDemandFeature" FeatureID="Rsat.Shielded.VM.Tools~~1.0" FMID="MSDN" Group="Microsoft">
      <Dependencies>
        <Feature FeatureID="Rsat.ServerManager.Tools~~1.0" />
      </Dependencies>
      <Packages>
        <Package ID="Microsoft-Windows-Shielded-VM-Tools-FoD-Package~31bf3856ad364e35~AMD64~ar-sa~" PackageType="SatellitePackage" />
      </Packages>
    </Feature>
    <Feature Type="OnDemandFeature" FeatureID="SNMP.Client~~1.0" FMID="MSDN" Group="Microsoft">
      <Packages>
        <Package ID="Microsoft-Windows-SNMP-Client-Package~31bf3856ad364e35~AMD64~ar-sa~" PackageType="SatellitePackage" />
        <Package ID="Microsoft-Windows-SNMP-Client-Package~31bf3856ad364e35~wow64~ar-sa~" PackageType="SatellitePackage" />
      </Packages>
    </Feature>
    <Feature Type="OnDemandFeature" FeatureID="Microsoft.Windows.StorageManagement~~1.0" FMID="MSDN" Group="Microsoft">
      <Packages>
        <Package ID="Microsoft-Windows-StorageManagement-FoD-Package~31bf3856ad364e35~AMD64~ar-sa~" PackageType="SatellitePackage" />
        <Package ID="Microsoft-Windows-StorageManagement-FoD-Package~31bf3856ad364e35~wow64~ar-sa~" PackageType="SatellitePackage" />
      </Packages>
    </Feature>
    <Feature Type="OnDemandFeature" FeatureID="Rsat.StorageMigrationService.Management.Tools~~1.0" FMID="MSDN" Group="Microsoft">
      <Packages>
        <Package ID="Microsoft-Windows-StorageMigrationService-Management-Tools-FOD-Package~31bf3856ad364e35~AMD64~ar-sa~" PackageType="SatellitePackage" />
      </Packages>
    </Feature>
    <Feature Type="OnDemandFeature" FeatureID="Rsat.StorageReplica.Tools~~1.0" FMID="MSDN" Group="Microsoft">
      <Packages>
        <Package ID="Microsoft-Windows-StorageReplica-Tools-FoD-Package~31bf3856ad364e35~AMD64~ar-sa~" PackageType="SatellitePackage" />
      </Packages>
    </Feature>
    <Feature Type="OnDemandFeature" FeatureID="Rsat.SystemInsights.Management.Tools~~1.0" FMID="MSDN" Group="Microsoft">
      <Packages>
        <Package ID="Microsoft-Windows-SystemInsights-Management-Tools-FOD-Package~31bf3856ad364e35~AMD64~ar-sa~" PackageType="SatellitePackage" />
      </Packages>
    </Feature>
    <Feature Type="OnDemandFeature" FeatureID="Rsat.VolumeActivation.Tools~~1.0" FMID="MSDN" Group="Microsoft">
      <Packages>
        <Package ID="Microsoft-Windows-VolumeActivation-Tools-FoD-Package~31bf3856ad364e35~AMD64~ar-sa~" PackageType="SatellitePackage" />
      </Packages>
    </Feature>
    <Feature Type="OnDemandFeature" FeatureID="WMI-SNMP-Provider.Client~~1.0" FMID="MSDN" Group="Microsoft">
      <Dependencies>
        <Feature FeatureID="SNMP.Client~~1.0" />
      </Dependencies>
      <Packages>
        <Package ID="Microsoft-Windows-WMI-SNMP-Provider-Client-Package~31bf3856ad364e35~AMD64~ar-sa~" PackageType="SatellitePackage" />
        <Package ID="Microsoft-Windows-WMI-SNMP-Provider-Client-Package~31bf3856ad364e35~wow64~ar-sa~" PackageType="SatellitePackage" />
      </Packages>
    </Feature>
    <Feature Type="OnDemandFeature" FeatureID="Rsat.WSUS.Tools~~1.0" FMID="MSDN" Group="Microsoft">
      <Packages>
        <Package ID="Microsoft-Windows-WSUS-Tools-FoD-Package~31bf3856ad364e35~AMD64~ar-sa~" PackageType="SatellitePackage" />
      </Packages>
    </Feature>
  </Features>
  <Packages>
    <Package ID="Microsoft-Windows-Server-LanguagePack-Package_ar-sa~31bf3856ad364e35~amd64~ar-sa~" InstalledSize="1214733521" Version="10.0.17763.1">
      <SatelliteInfo>
        <DeclareInfo>
          <Declare Type="language" Value="ar-SA" />
        </DeclareInfo>
      </SatelliteInfo>
      <Payload>
        <PayloadItem PayloadHash="aKut3V1BywNO/UIXofgzwMvdL288XjxmS7dV3u9L7Rw=" PayloadSize="43410187" Path="UUP\Desktop\editionpackages\Server\ar-sa\Microsoft-Windows-Server-LanguagePack-Package_ar-sa~31bf3856ad364e35~amd64~ar-sa~.esd" PayloadType="Canonical" />
      </Payload>
    </Package>
    <Package ID="Microsoft-OneCore-StorageManagement-FoD-Package~31bf3856ad364e35~AMD64~ar-sa~" InstalledSize="2019474" Version="10.0.17763.1">
      <SatelliteInfo>
        <ApplyToInfo>
          <ApplyTo Type="language" Value="ar-SA" />
        </ApplyToInfo>
      </SatelliteInfo>
      <Payload>
        <PayloadItem PayloadHash="0yMz15L/ej82rSAHOy6djyA9fJMWjEpFrJZOf9u9mf0=" PayloadSize="133681" Path="FeaturesOnDemand\ar-sa\cabs\Microsoft-OneCore-StorageManagement-FoD-Package~31bf3856ad364e35~AMD64~ar-sa~.cab" PayloadType="Canonical" />
      </Payload>
    </Package>
    <Package ID="Microsoft-OneCore-StorageManagement-FoD-Package~31bf3856ad364e35~wow64~ar-sa~" InstalledSize="1098806" Version="10.0.17763.1">
      <SatelliteInfo>
        <ApplyToInfo>
          <ApplyTo Type="arch" Value="wow64" />
          <ApplyTo Type="language" Value="ar-SA" />
        </ApplyToInfo>
      </SatelliteInfo>
      <Payload>
        <PayloadItem PayloadHash="3cR8TKMmYUmqM6QZ/ZChl45zsq9WIaMqr89Bfbs+6ng=" PayloadSize="91044" Path="FeaturesOnDemand\ar-sa\cabs\Microsoft-OneCore-StorageManagement-FoD-Package~31bf3856ad364e35~wow64~ar-sa~.cab" PayloadType="Canonical" />
      </Payload>
    </Package>
    <Package ID="Microsoft-Windows-ActiveDirectory-DS-LDS-Tools-FoD-Package~31bf3856ad364e35~AMD64~ar-sa~" InstalledSize="5800382" Version="10.0.17763.1">
      <SatelliteInfo>
        <ApplyToInfo>
          <ApplyTo Type="language" Value="ar-SA" />
        </ApplyToInfo>
      </SatelliteInfo>
      <Payload>
        <PayloadItem PayloadHash="zxGi+rG7RCKYYBW+sozdF8bkgowU7nRb1EC1wCQw6m8=" PayloadSize="785361" Path="FeaturesOnDemand\ar-sa\cabs\Microsoft-Windows-ActiveDirectory-DS-LDS-Tools-FoD-Package~31bf3856ad364e35~AMD64~ar-sa~.cab" PayloadType="Canonical" />
      </Payload>
    </Package>
    <Package ID="Microsoft-Windows-ActiveDirectory-DS-LDS-Tools-FoD-Package~31bf3856ad364e35~wow64~ar-sa~" InstalledSize="816212" Version="10.0.17763.1">
      <SatelliteInfo>
        <ApplyToInfo>
          <ApplyTo Type="arch" Value="wow64" />
          <ApplyTo Type="language" Value="ar-SA" />
        </ApplyToInfo>
      </SatelliteInfo>
      <Payload>
        <PayloadItem PayloadHash="FTdjk9sV7n6KLTxoka3ecbrG5TNLzMyplo8yAL9UbC0=" PayloadSize="109865" Path="FeaturesOnDemand\ar-sa\cabs\Microsoft-Windows-ActiveDirectory-DS-LDS-Tools-FoD-Package~31bf3856ad364e35~wow64~ar-sa~.cab" PayloadType="Canonical" />
      </Payload>
    </Package>
    <Package ID="Microsoft-Windows-BitLocker-Recovery-Tools-FoD-Package~31bf3856ad364e35~AMD64~ar-sa~" InstalledSize="52851" Version="10.0.17763.1">
      <SatelliteInfo>
        <ApplyToInfo>
          <ApplyTo Type="language" Value="ar-SA" />
        </ApplyToInfo>
      </SatelliteInfo>
      <Payload>
        <PayloadItem PayloadHash="mE4VU/X5h7Flg2Yf7IHMFyAkA6WZQ7ueDoFSL4oDiIo=" PayloadSize="33554" Path="FeaturesOnDemand\ar-sa\cabs\Microsoft-Windows-BitLocker-Recovery-Tools-FoD-Package~31bf3856ad364e35~AMD64~ar-sa~.cab" PayloadType="Canonical" />
      </Payload>
    </Package>
    <Package ID="Microsoft-Windows-CertificateServices-Tools-FoD-Package~31bf3856ad364e35~AMD64~ar-sa~" InstalledSize="1034396" Version="10.0.17763.1">
      <SatelliteInfo>
        <ApplyToInfo>
          <ApplyTo Type="language" Value="ar-SA" />
        </ApplyToInfo>
      </SatelliteInfo>
      <Payload>
        <PayloadItem PayloadHash="+c/fpDTgQMA1inZLxVLsPVvBjYuYKcBU46AEp4LuDEA=" PayloadSize="153218" Path="FeaturesOnDemand\ar-sa\cabs\Microsoft-Windows-CertificateServices-Tools-FoD-Package~31bf3856ad364e35~AMD64~ar-sa~.cab" PayloadType="Canonical" />
      </Payload>
    </Package>
    <Package ID="Microsoft-Windows-DHCP-Tools-FoD-Package~31bf3856ad364e35~AMD64~ar-sa~" InstalledSize="1808900" Version="10.0.17763.1">
      <SatelliteInfo>
        <ApplyToInfo>
          <ApplyTo Type="language" Value="ar-SA" />
        </ApplyToInfo>
      </SatelliteInfo>
      <Payload>
        <PayloadItem PayloadHash="SyRuU3Bx+I/3zb6vGY4172XX5snGDk0U2ZM0NWFE0XA=" PayloadSize="162968" Path="FeaturesOnDemand\ar-sa\cabs\Microsoft-Windows-DHCP-Tools-FoD-Package~31bf3856ad364e35~AMD64~ar-sa~.cab" PayloadType="Canonical" />
      </Payload>
    </Package>
    <Package ID="Microsoft-Windows-DHCP-Tools-FoD-Package~31bf3856ad364e35~wow64~ar-sa~" InstalledSize="483848" Version="10.0.17763.1">
      <SatelliteInfo>
        <ApplyToInfo>
          <ApplyTo Type="arch" Value="wow64" />
          <ApplyTo Type="language" Value="ar-SA" />
        </ApplyToInfo>
      </SatelliteInfo>
      <Payload>
        <PayloadItem PayloadHash="x81Jm5DV1yL6YcFiku/CkJQwREQNLq2tyCBGx3tPKAc=" PayloadSize="66547" Path="FeaturesOnDemand\ar-sa\cabs\Microsoft-Windows-DHCP-Tools-FoD-Package~31bf3856ad364e35~wow64~ar-sa~.cab" PayloadType="Canonical" />
      </Payload>
    </Package>
    <Package ID="Microsoft-Windows-DNS-Tools-FoD-Package~31bf3856ad364e35~AMD64~ar-sa~" InstalledSize="1930426" Version="10.0.17763.1">
      <SatelliteInfo>
        <ApplyToInfo>
          <ApplyTo Type="language" Value="ar-SA" />
        </ApplyToInfo>
      </SatelliteInfo>
      <Payload>
        <PayloadItem PayloadHash="uCe9RShJ38UYiWGL9dz8abJEF3Fz/vjXmheBEnFo6FY=" PayloadSize="182086" Path="FeaturesOnDemand\ar-sa\cabs\Microsoft-Windows-DNS-Tools-FoD-Package~31bf3856ad364e35~AMD64~ar-sa~.cab" PayloadType="Canonical" />
      </Payload>
    </Package>
    <Package ID="Microsoft-Windows-DNS-Tools-FoD-Package~31bf3856ad364e35~wow64~ar-sa~" InstalledSize="32938" Version="10.0.17763.1">
      <SatelliteInfo>
        <ApplyToInfo>
          <ApplyTo Type="arch" Value="wow64" />
          <ApplyTo Type="language" Value="ar-SA" />
        </ApplyToInfo>
      </SatelliteInfo>
      <Payload>
        <PayloadItem PayloadHash="wbY7Gjj/3iSOCtMjwNHAgOWXkQ63zvKY/Y9JGymM7mQ=" PayloadSize="28197" Path="FeaturesOnDemand\ar-sa\cabs\Microsoft-Windows-DNS-Tools-FoD-Package~31bf3856ad364e35~wow64~ar-sa~.cab" PayloadType="Canonical" />
      </Payload>
    </Package>
    <Package ID="Microsoft-Windows-FailoverCluster-Management-Tools-FOD-Package~31bf3856ad364e35~AMD64~ar-sa~" InstalledSize="9011493" Version="10.0.17763.1">
      <SatelliteInfo>
        <ApplyToInfo>
          <ApplyTo Type="language" Value="ar-SA" />
        </ApplyToInfo>
      </SatelliteInfo>
      <Payload>
        <PayloadItem PayloadHash="PRoEfB4RKqwVWTIJ2D/Xqs6U2XifdTe2AwVsGpUVXVo=" PayloadSize="2352748" Path="FeaturesOnDemand\ar-sa\cabs\Microsoft-Windows-FailoverCluster-Management-Tools-FOD-Package~31bf3856ad364e35~AMD64~ar-sa~.cab" PayloadType="Canonical" />
      </Payload>
    </Package>
    <Package ID="Microsoft-Windows-FailoverCluster-Management-Tools-FOD-Package~31bf3856ad364e35~wow64~ar-sa~" InstalledSize="133566" Version="10.0.17763.1">
      <SatelliteInfo>
        <ApplyToInfo>
          <ApplyTo Type="arch" Value="wow64" />
          <ApplyTo Type="language" Value="ar-SA" />
        </ApplyToInfo>
      </SatelliteInfo>
      <Payload>
        <PayloadItem PayloadHash="Nag+m9OdnYQtr941vw6GibtAvvAQJwZZ9OdGPXqsHK0=" PayloadSize="42476" Path="FeaturesOnDemand\ar-sa\cabs\Microsoft-Windows-FailoverCluster-Management-Tools-FOD-Package~31bf3856ad364e35~wow64~ar-sa~.cab" PayloadType="Canonical" />
      </Payload>
    </Package>
    <Package ID="Microsoft-Windows-FileServices-Tools-FoD-Package~31bf3856ad364e35~AMD64~ar-sa~" InstalledSize="4172028" Version="10.0.17763.1">
      <SatelliteInfo>
        <ApplyToInfo>
          <ApplyTo Type="language" Value="ar-SA" />
        </ApplyToInfo>
      </SatelliteInfo>
      <Payload>
        <PayloadItem PayloadHash="mN4hn+O8fLGtx0ktyEs/OnNajkUJSIKVuktF8EsE+xE=" PayloadSize="547609" Path="FeaturesOnDemand\ar-sa\cabs\Microsoft-Windows-FileServices-Tools-FoD-Package~31bf3856ad364e35~AMD64~ar-sa~.cab" PayloadType="Canonical" />
      </Payload>
    </Package>
    <Package ID="Microsoft-Windows-FileServices-Tools-FoD-Package~31bf3856ad364e35~wow64~ar-sa~" InstalledSize="196713" Version="10.0.17763.1">
      <SatelliteInfo>
        <ApplyToInfo>
          <ApplyTo Type="arch" Value="wow64" />
          <ApplyTo Type="language" Value="ar-SA" />
        </ApplyToInfo>
      </SatelliteInfo>
      <Payload>
        <PayloadItem PayloadHash="bCKQMEQke7u6+yvGsY9snHVAomgFsJbfguel1cgVymM=" PayloadSize="54475" Path="FeaturesOnDemand\ar-sa\cabs\Microsoft-Windows-FileServices-Tools-FoD-Package~31bf3856ad364e35~wow64~ar-sa~.cab" PayloadType="Canonical" />
      </Payload>
    </Package>
    <Package ID="Microsoft-Windows-GroupPolicy-Management-Tools-FoD-Package~31bf3856ad364e35~AMD64~ar-sa~" InstalledSize="2302837" Version="10.0.17763.1">
      <SatelliteInfo>
        <ApplyToInfo>
          <ApplyTo Type="language" Value="ar-SA" />
        </ApplyToInfo>
      </SatelliteInfo>
      <Payload>
        <PayloadItem PayloadHash="RnQX3jDtBqAnvZMAY/e+Z+6PiTJbMIaagcjED4agzQ4=" PayloadSize="282439" Path="FeaturesOnDemand\ar-sa\cabs\Microsoft-Windows-GroupPolicy-Management-Tools-FoD-Package~31bf3856ad364e35~AMD64~ar-sa~.cab" PayloadType="Canonical" />
      </Payload>
    </Package>
    <Package ID="Microsoft-Windows-GroupPolicy-Management-Tools-FoD-Package~31bf3856ad364e35~wow64~ar-sa~" InstalledSize="329153" Version="10.0.17763.1">
      <SatelliteInfo>
        <ApplyToInfo>
          <ApplyTo Type="arch" Value="wow64" />
          <ApplyTo Type="language" Value="ar-SA" />
        </ApplyToInfo>
      </SatelliteInfo>
      <Payload>
        <PayloadItem PayloadHash="Y5PWBWJc9hBJlhs9rRS2coVMdeu/38g5XTaftON3AgQ=" PayloadSize="66715" Path="FeaturesOnDemand\ar-sa\cabs\Microsoft-Windows-GroupPolicy-Management-Tools-FoD-Package~31bf3856ad364e35~wow64~ar-sa~.cab" PayloadType="Canonical" />
      </Payload>
    </Package>
    <Package ID="Microsoft-Windows-IPAM-Client-FoD-Package~31bf3856ad364e35~AMD64~ar-sa~" InstalledSize="122816" Version="10.0.17763.1">
      <SatelliteInfo>
        <ApplyToInfo>
          <ApplyTo Type="language" Value="ar-SA" />
        </ApplyToInfo>
      </SatelliteInfo>
      <Payload>
        <PayloadItem PayloadHash="DBAGW0pY0j2HFAT8gW4pMevNA8jTSLYPGzH6IWDEm2o=" PayloadSize="39761" Path="FeaturesOnDemand\ar-sa\cabs\Microsoft-Windows-IPAM-Client-FoD-Package~31bf3856ad364e35~AMD64~ar-sa~.cab" PayloadType="Canonical" />
      </Payload>
    </Package>
    <Package ID="Microsoft-Windows-IPAM-Client-FoD-Package~31bf3856ad364e35~wow64~ar-sa~" InstalledSize="45898" Version="10.0.17763.1">
      <SatelliteInfo>
        <ApplyToInfo>
          <ApplyTo Type="arch" Value="wow64" />
          <ApplyTo Type="language" Value="ar-SA" />
        </ApplyToInfo>
      </SatelliteInfo>
      <Payload>
        <PayloadItem PayloadHash="/rFKu2PxOYG+z6Z7HD2buqHTz1E/2wsLjgaFum0lUYE=" PayloadSize="31100" Path="FeaturesOnDemand\ar-sa\cabs\Microsoft-Windows-IPAM-Client-FoD-Package~31bf3856ad364e35~wow64~ar-sa~.cab" PayloadType="Canonical" />
      </Payload>
    </Package>
    <Package ID="Microsoft-Windows-NetworkController-Tools-FoD-Package~31bf3856ad364e35~AMD64~ar-sa~" InstalledSize="89011" Version="10.0.17763.1">
      <SatelliteInfo>
        <ApplyToInfo>
          <ApplyTo Type="language" Value="ar-SA" />
        </ApplyToInfo>
      </SatelliteInfo>
      <Payload>
        <PayloadItem PayloadHash="yQDo9jiLY7dRK5Oo/5sL7BoMnrre3ll9vlQNFc898BA=" PayloadSize="43843" Path="FeaturesOnDemand\ar-sa\cabs\Microsoft-Windows-NetworkController-Tools-FoD-Package~31bf3856ad364e35~AMD64~ar-sa~.cab" PayloadType="Canonical" />
      </Payload>
    </Package>
    <Package ID="Microsoft-Windows-NetworkLoadBalancing-Tools-FoD-Package~31bf3856ad364e35~AMD64~ar-sa~" InstalledSize="241868" Version="10.0.17763.1">
      <SatelliteInfo>
        <ApplyToInfo>
          <ApplyTo Type="language" Value="ar-SA" />
        </ApplyToInfo>
      </SatelliteInfo>
      <Payload>
        <PayloadItem PayloadHash="7ZDILlzAmbOzCYTMZpjCBDT3zDQiDBxCdIoJQnWlnXk=" PayloadSize="57547" Path="FeaturesOnDemand\ar-sa\cabs\Microsoft-Windows-NetworkLoadBalancing-Tools-FoD-Package~31bf3856ad364e35~AMD64~ar-sa~.cab" PayloadType="Canonical" />
      </Payload>
    </Package>
    <Package ID="Microsoft-Windows-RasCMAK-Client-Package~31bf3856ad364e35~AMD64~ar-sa~" InstalledSize="242510" Version="10.0.17763.1">
      <SatelliteInfo>
        <ApplyToInfo>
          <ApplyTo Type="language" Value="ar-SA" />
        </ApplyToInfo>
      </SatelliteInfo>
      <Payload>
        <PayloadItem PayloadHash="/NeYBA17okwFib6qJ6mVMxPNNpjCSL+JCrO0WyrcRS0=" PayloadSize="87304" Path="FeaturesOnDemand\ar-sa\cabs\Microsoft-Windows-RasCMAK-Client-Package~31bf3856ad364e35~AMD64~ar-sa~.cab" PayloadType="Canonical" />
      </Payload>
    </Package>
    <Package ID="Microsoft-Windows-RasCMAK-Client-Package~31bf3856ad364e35~wow64~ar-sa~" InstalledSize="418275" Version="10.0.17763.1">
      <SatelliteInfo>
        <ApplyToInfo>
          <ApplyTo Type="arch" Value="wow64" />
          <ApplyTo Type="language" Value="ar-SA" />
        </ApplyToInfo>
      </SatelliteInfo>
      <Payload>
        <PayloadItem PayloadHash="7I5xEQmbtzouqqy7z6thRgn9RmdToDoMMCL0LD0r5z0=" PayloadSize="285773" Path="FeaturesOnDemand\ar-sa\cabs\Microsoft-Windows-RasCMAK-Client-Package~31bf3856ad364e35~wow64~ar-sa~.cab" PayloadType="Canonical" />
      </Payload>
    </Package>
    <Package ID="Microsoft-Windows-RasRip-Package~31bf3856ad364e35~AMD64~ar-sa~" InstalledSize="47041" Version="10.0.17763.1">
      <SatelliteInfo>
        <ApplyToInfo>
          <ApplyTo Type="language" Value="ar-SA" />
        </ApplyToInfo>
      </SatelliteInfo>
      <Payload>
        <PayloadItem PayloadHash="pm56kI2bOHpxpPXhGg9URbgILNrzWxw2dPZa3avCwHU=" PayloadSize="31409" Path="FeaturesOnDemand\ar-sa\cabs\Microsoft-Windows-RasRip-Package~31bf3856ad364e35~AMD64~ar-sa~.cab" PayloadType="Canonical" />
      </Payload>
    </Package>
    <Package ID="Microsoft-Windows-RemoteAccess-Management-Tools-FoD-Package~31bf3856ad364e35~AMD64~ar-sa~" InstalledSize="18571140" Version="10.0.17763.1">
      <SatelliteInfo>
        <ApplyToInfo>
          <ApplyTo Type="language" Value="ar-SA" />
        </ApplyToInfo>
      </SatelliteInfo>
      <Payload>
        <PayloadItem PayloadHash="Ld8cTLaoDJo9l9AZs/Ycf8G1dhRR8hm3L+eAB21WR6s=" PayloadSize="4020506" Path="FeaturesOnDemand\ar-sa\cabs\Microsoft-Windows-RemoteAccess-Management-Tools-FoD-Package~31bf3856ad364e35~AMD64~ar-sa~.cab" PayloadType="Canonical" />
      </Payload>
    </Package>
    <Package ID="Microsoft-Windows-RemoteAccess-Management-Tools-FoD-Package~31bf3856ad364e35~wow64~ar-sa~" InstalledSize="32823" Version="10.0.17763.1">
      <SatelliteInfo>
        <ApplyToInfo>
          <ApplyTo Type="arch" Value="wow64" />
          <ApplyTo Type="language" Value="ar-SA" />
        </ApplyToInfo>
      </SatelliteInfo>
      <Payload>
        <PayloadItem PayloadHash="QNlWCI5+p4ABo+5UnIWSLyQUSdurs8GFLAcbZsB3Tdk=" PayloadSize="28037" Path="FeaturesOnDemand\ar-sa\cabs\Microsoft-Windows-RemoteAccess-Management-Tools-FoD-Package~31bf3856ad364e35~wow64~ar-sa~.cab" PayloadType="Canonical" />
      </Payload>
    </Package>
    <Package ID="Microsoft-Windows-RemoteDesktop-Services-Tools-FoD-Package~31bf3856ad364e35~AMD64~ar-sa~" InstalledSize="1533530" Version="10.0.17763.1">
      <SatelliteInfo>
        <ApplyToInfo>
          <ApplyTo Type="language" Value="ar-SA" />
        </ApplyToInfo>
      </SatelliteInfo>
      <Payload>
        <PayloadItem PayloadHash="XIXEL16K9oXsQnAEb/iKYAtQiLREd6A0zsqWy4MvLes=" PayloadSize="255983" Path="FeaturesOnDemand\ar-sa\cabs\Microsoft-Windows-RemoteDesktop-Services-Tools-FoD-Package~31bf3856ad364e35~AMD64~ar-sa~.cab" PayloadType="Canonical" />
      </Payload>
    </Package>
    <Package ID="Microsoft-Windows-Server-AppCompat-FoD-Package~31bf3856ad364e35~AMD64~ar-sa~" InstalledSize="28970019" Version="10.0.17763.1">
      <SatelliteInfo>
        <ApplyToInfo>
          <ApplyTo Type="language" Value="ar-SA" />
        </ApplyToInfo>
      </SatelliteInfo>
      <Payload>
        <PayloadItem PayloadHash="JjSNPeGlyfiI0dCLt3BdWIF9SqBeOXvhAlgXzqrj9b4=" PayloadSize="5928811" Path="FeaturesOnDemand\ar-sa\cabs\Microsoft-Windows-Server-AppCompat-FoD-Package~31bf3856ad364e35~AMD64~ar-sa~.cab" PayloadType="Canonical" />
      </Payload>
    </Package>
    <Package ID="Microsoft-Windows-ServerManager-Tools-FoD-Package~31bf3856ad364e35~AMD64~ar-sa~" InstalledSize="12073824" Version="10.0.17763.1">
      <SatelliteInfo>
        <ApplyToInfo>
          <ApplyTo Type="language" Value="ar-SA" />
        </ApplyToInfo>
      </SatelliteInfo>
      <Payload>
        <PayloadItem PayloadHash="PsPOWuuSplqDbsMXQh1MwqPPGRNdNJ9KVAnlw0pvemE=" PayloadSize="1913667" Path="FeaturesOnDemand\ar-sa\cabs\Microsoft-Windows-ServerManager-Tools-FoD-Package~31bf3856ad364e35~AMD64~ar-sa~.cab" PayloadType="Canonical" />
      </Payload>
    </Package>
    <Package ID="Microsoft-Windows-ServerManager-Tools-FoD-Package~31bf3856ad364e35~wow64~ar-sa~" InstalledSize="1238639" Version="10.0.17763.1">
      <SatelliteInfo>
        <ApplyToInfo>
          <ApplyTo Type="arch" Value="wow64" />
          <ApplyTo Type="language" Value="ar-SA" />
        </ApplyToInfo>
      </SatelliteInfo>
      <Payload>
        <PayloadItem PayloadHash="iAdhRKIuHaJEFM024tRqMUKOWgO1HJXmiMJGqfymdrM=" PayloadSize="323286" Path="FeaturesOnDemand\ar-sa\cabs\Microsoft-Windows-ServerManager-Tools-FoD-Package~31bf3856ad364e35~wow64~ar-sa~.cab" PayloadType="Canonical" />
      </Payload>
    </Package>
    <Package ID="Microsoft-Windows-Shielded-VM-Tools-FoD-Package~31bf3856ad364e35~AMD64~ar-sa~" InstalledSize="466425" Version="10.0.17763.1">
      <SatelliteInfo>
        <ApplyToInfo>
          <ApplyTo Type="language" Value="ar-SA" />
        </ApplyToInfo>
      </SatelliteInfo>
      <Payload>
        <PayloadItem PayloadHash="LVQ+eUhC7hZfAb0dfcLHnH15+z+Eu3XdbuyU+T06zCI=" PayloadSize="104762" Path="FeaturesOnDemand\ar-sa\cabs\Microsoft-Windows-Shielded-VM-Tools-FoD-Package~31bf3856ad364e35~AMD64~ar-sa~.cab" PayloadType="Canonical" />
      </Payload>
    </Package>
    <Package ID="Microsoft-Windows-SNMP-Client-Package~31bf3856ad364e35~AMD64~ar-sa~" InstalledSize="170170" Version="10.0.17763.1">
      <SatelliteInfo>
        <ApplyToInfo>
          <ApplyTo Type="language" Value="ar-SA" />
        </ApplyToInfo>
      </SatelliteInfo>
      <Payload>
        <PayloadItem PayloadHash="Olu92yWQbB7dzxVmO5L/+V1ZXQ+S6bxwTD05tTWuDbo=" PayloadSize="51969" Path="FeaturesOnDemand\ar-sa\cabs\Microsoft-Windows-SNMP-Client-Package~31bf3856ad364e35~AMD64~ar-sa~.cab" PayloadType="Canonical" />
      </Payload>
    </Package>
    <Package ID="Microsoft-Windows-SNMP-Client-Package~31bf3856ad364e35~wow64~ar-sa~" InstalledSize="170340" Version="10.0.17763.1">
      <SatelliteInfo>
        <ApplyToInfo>
          <ApplyTo Type="arch" Value="wow64" />
          <ApplyTo Type="language" Value="ar-SA" />
        </ApplyToInfo>
      </SatelliteInfo>
      <Payload>
        <PayloadItem PayloadHash="r6TSOncYYe5s7o679UcdIDXrmUn2E7vfF1GdOJF3nvQ=" PayloadSize="52103" Path="FeaturesOnDemand\ar-sa\cabs\Microsoft-Windows-SNMP-Client-Package~31bf3856ad364e35~wow64~ar-sa~.cab" PayloadType="Canonical" />
      </Payload>
    </Package>
    <Package ID="Microsoft-Windows-StorageManagement-FoD-Package~31bf3856ad364e35~AMD64~ar-sa~" InstalledSize="1676234" Version="10.0.17763.1">
      <SatelliteInfo>
        <ApplyToInfo>
          <ApplyTo Type="language" Value="ar-SA" />
        </ApplyToInfo>
      </SatelliteInfo>
      <Payload>
        <PayloadItem PayloadHash="CRgyTJJ4FGwrrpo707zX0Xc3N5fd9w+44bK9M15p39Y=" PayloadSize="133969" Path="FeaturesOnDemand\ar-sa\cabs\Microsoft-Windows-StorageManagement-FoD-Package~31bf3856ad364e35~AMD64~ar-sa~.cab" PayloadType="Canonical" />
      </Payload>
    </Package>
    <Package ID="Microsoft-Windows-StorageManagement-FoD-Package~31bf3856ad364e35~wow64~ar-sa~" InstalledSize="1177466" Version="10.0.17763.1">
      <SatelliteInfo>
        <ApplyToInfo>
          <ApplyTo Type="arch" Value="wow64" />
          <ApplyTo Type="language" Value="ar-SA" />
        </ApplyToInfo>
      </SatelliteInfo>
      <Payload>
        <PayloadItem PayloadHash="Zq8ck06bODspvdAa+inVAsGC3Zx3yWXYbAC/Ac8QBs0=" PayloadSize="101030" Path="FeaturesOnDemand\ar-sa\cabs\Microsoft-Windows-StorageManagement-FoD-Package~31bf3856ad364e35~wow64~ar-sa~.cab" PayloadType="Canonical" />
      </Payload>
    </Package>
    <Package ID="Microsoft-Windows-StorageMigrationService-Management-Tools-FOD-Package~31bf3856ad364e35~AMD64~ar-sa~" InstalledSize="76096" Version="10.0.17763.1">
      <SatelliteInfo>
        <ApplyToInfo>
          <ApplyTo Type="language" Value="ar-SA" />
        </ApplyToInfo>
      </SatelliteInfo>
      <Payload>
        <PayloadItem PayloadHash="r7Z9mKOPr/gHvjP76fSoJsqovkZSp4gSTVpZkhCzrag=" PayloadSize="38519" Path="FeaturesOnDemand\ar-sa\cabs\Microsoft-Windows-StorageMigrationService-Management-Tools-FOD-Package~31bf3856ad364e35~AMD64~ar-sa~.cab" PayloadType="Canonical" />
      </Payload>
    </Package>
    <Package ID="Microsoft-Windows-StorageReplica-Tools-FoD-Package~31bf3856ad364e35~AMD64~ar-sa~" InstalledSize="420942" Version="10.0.17763.1">
      <SatelliteInfo>
        <ApplyToInfo>
          <ApplyTo Type="language" Value="ar-SA" />
        </ApplyToInfo>
      </SatelliteInfo>
      <Payload>
        <PayloadItem PayloadHash="aMzWu0gT0bF/j8UY6iv4P+SEI936AiSM9+p27n2J5Jw=" PayloadSize="74861" Path="FeaturesOnDemand\ar-sa\cabs\Microsoft-Windows-StorageReplica-Tools-FoD-Package~31bf3856ad364e35~AMD64~ar-sa~.cab" PayloadType="Canonical" />
      </Payload>
    </Package>
    <Package ID="Microsoft-Windows-SystemInsights-Management-Tools-FOD-Package~31bf3856ad364e35~AMD64~ar-sa~" InstalledSize="61140" Version="10.0.17763.1">
      <SatelliteInfo>
        <ApplyToInfo>
          <ApplyTo Type="language" Value="ar-SA" />
        </ApplyToInfo>
      </SatelliteInfo>
      <Payload>
        <PayloadItem PayloadHash="CQDOxHKM1YGObYee84o8tQ1cUKaraaoUo1YY2FSgrZw=" PayloadSize="35928" Path="FeaturesOnDemand\ar-sa\cabs\Microsoft-Windows-SystemInsights-Management-Tools-FOD-Package~31bf3856ad364e35~AMD64~ar-sa~.cab" PayloadType="Canonical" />
      </Payload>
    </Package>
    <Package ID="Microsoft-Windows-VolumeActivation-Tools-FoD-Package~31bf3856ad364e35~AMD64~ar-sa~" InstalledSize="244236" Version="10.0.17763.1">
      <SatelliteInfo>
        <ApplyToInfo>
          <ApplyTo Type="language" Value="ar-SA" />
        </ApplyToInfo>
      </SatelliteInfo>
      <Payload>
        <PayloadItem PayloadHash="1VnxOmvlvgqIuqXzqcCFNEaGsOU9jaIfdiPEKDaNbI8=" PayloadSize="149951" Path="FeaturesOnDemand\ar-sa\cabs\Microsoft-Windows-VolumeActivation-Tools-FoD-Package~31bf3856ad364e35~AMD64~ar-sa~.cab" PayloadType="Canonical" />
      </Payload>
    </Package>
    <Package ID="Microsoft-Windows-WMI-SNMP-Provider-Client-Package~31bf3856ad364e35~AMD64~ar-sa~" InstalledSize="76497" Version="10.0.17763.1">
      <SatelliteInfo>
        <ApplyToInfo>
          <ApplyTo Type="language" Value="ar-SA" />
        </ApplyToInfo>
      </SatelliteInfo>
      <Payload>
        <PayloadItem PayloadHash="/8MbbRXpfuqslXmSRVNmkgFeLghapdyyFU8/bkUl+rU=" PayloadSize="37595" Path="FeaturesOnDemand\ar-sa\cabs\Microsoft-Windows-WMI-SNMP-Provider-Client-Package~31bf3856ad364e35~AMD64~ar-sa~.cab" PayloadType="Canonical" />
      </Payload>
    </Package>
    <Package ID="Microsoft-Windows-WMI-SNMP-Provider-Client-Package~31bf3856ad364e35~wow64~ar-sa~" InstalledSize="76774" Version="10.0.17763.1">
      <SatelliteInfo>
        <ApplyToInfo>
          <ApplyTo Type="arch" Value="wow64" />
          <ApplyTo Type="language" Value="ar-SA" />
        </ApplyToInfo>
      </SatelliteInfo>
      <Payload>
        <PayloadItem PayloadHash="OHD2Xdt0ZiYlgrL1p/2fQPjWiXSaCtY/uRCelyZnsBY=" PayloadSize="37669" Path="FeaturesOnDemand\ar-sa\cabs\Microsoft-Windows-WMI-SNMP-Provider-Client-Package~31bf3856ad364e35~wow64~ar-sa~.cab" PayloadType="Canonical" />
      </Payload>
    </Package>
    <Package ID="Microsoft-Windows-WSUS-Tools-FoD-Package~31bf3856ad364e35~AMD64~ar-sa~" InstalledSize="2948465" Version="10.0.17763.1">
      <SatelliteInfo>
        <ApplyToInfo>
          <ApplyTo Type="language" Value="ar-SA" />
        </ApplyToInfo>
      </SatelliteInfo>
      <Payload>
        <PayloadItem PayloadHash="jqz9DTQS2j/Qqm0Iizfgn9zNdDHKjG0P+SXySYtkfLs=" PayloadSize="366986" Path="FeaturesOnDemand\ar-sa\cabs\Microsoft-Windows-WSUS-Tools-FoD-Package~31bf3856ad364e35~AMD64~ar-sa~.cab" PayloadType="Canonical" />
      </Payload>
    </Package>
  </Packages>
</CompDB>