<?xml version="1.0" encoding="utf-8"?>
<CompDB xmlns:xsi="http://www.w3.org/2001/XMLSchema-instance" xmlns:xsd="http://www.w3.org/2001/XMLSchema" CreatedDate="2018-11-16T01:12:20.3787232Z" Revision="1" SchemaVersion="1.2" Product="Desktop" BuildID="80154b57-1148-3590-c1b9-d2ce93ee1fac" BuildInfo="rs5_release.17763.1.180914-1434" OSVersion="10.0.17763.1" BuildArch="amd64" ReleaseType="Production" Type="Baseless" xmlns="http://schemas.microsoft.com/embedded/2004/10/ImageUpdate">
  <Tags Type="Language">
    <Tag Name="Language" Value="th-TH" />
    <Tag Name="UpdateType" Value="Baseless" />
  </Tags>
  <Features>
    <Feature Type="LanguagePack" FeatureID="Language.UI.Server~th-th" FMID="MSDL" Group="Microsoft">
      <Packages>
        <Package ID="Microsoft-Windows-Server-LanguagePack-Package_th-th~31bf3856ad364e35~amd64~th-th~" PackageType="FeaturePackage" />
      </Packages>
    </Feature>
    <Feature Type="OnDemandFeature" FeatureID="Microsoft.Onecore.StorageManagement~~1.0" FMID="MSDN" Group="Microsoft">
      <Packages>
        <Package ID="Microsoft-OneCore-StorageManagement-FoD-Package~31bf3856ad364e35~AMD64~th-th~" PackageType="SatellitePackage" />
        <Package ID="Microsoft-OneCore-StorageManagement-FoD-Package~31bf3856ad364e35~wow64~th-th~" PackageType="SatellitePackage" />
      </Packages>
    </Feature>
    <Feature Type="OnDemandFeature" FeatureID="Rsat.ActiveDirectory.DS-LDS.Tools~~1.0" FMID="MSDN" Group="Microsoft">
      <Dependencies>
        <Feature FeatureID="Rsat.ServerManager.Tools~~1.0" />
      </Dependencies>
      <Packages>
        <Package ID="Microsoft-Windows-ActiveDirectory-DS-LDS-Tools-FoD-Package~31bf3856ad364e35~AMD64~th-th~" PackageType="SatellitePackage" />
        <Package ID="Microsoft-Windows-ActiveDirectory-DS-LDS-Tools-FoD-Package~31bf3856ad364e35~wow64~th-th~" PackageType="SatellitePackage" />
      </Packages>
    </Feature>
    <Feature Type="OnDemandFeature" FeatureID="Rsat.BitLocker.Recovery.Tools~~1.0" FMID="MSDN" Group="Microsoft">
      <Dependencies>
        <Feature FeatureID="Rsat.ActiveDirectory.DS-LDS.Tools~~1.0" />
      </Dependencies>
      <Packages>
        <Package ID="Microsoft-Windows-BitLocker-Recovery-Tools-FoD-Package~31bf3856ad364e35~AMD64~th-th~" PackageType="SatellitePackage" />
      </Packages>
    </Feature>
    <Feature Type="OnDemandFeature" FeatureID="Rsat.CertificateServices.Tools~~1.0" FMID="MSDN" Group="Microsoft">
      <Packages>
        <Package ID="Microsoft-Windows-CertificateServices-Tools-FoD-Package~31bf3856ad364e35~AMD64~th-th~" PackageType="SatellitePackage" />
      </Packages>
    </Feature>
    <Feature Type="OnDemandFeature" FeatureID="Rsat.DHCP.Tools~~1.0" FMID="MSDN" Group="Microsoft">
      <Packages>
        <Package ID="Microsoft-Windows-DHCP-Tools-FoD-Package~31bf3856ad364e35~AMD64~th-th~" PackageType="SatellitePackage" />
        <Package ID="Microsoft-Windows-DHCP-Tools-FoD-Package~31bf3856ad364e35~wow64~th-th~" PackageType="SatellitePackage" />
      </Packages>
    </Feature>
    <Feature Type="OnDemandFeature" FeatureID="Rsat.Dns.Tools~~1.0" FMID="MSDN" Group="Microsoft">
      <Packages>
        <Package ID="Microsoft-Windows-DNS-Tools-FoD-Package~31bf3856ad364e35~AMD64~th-th~" PackageType="SatellitePackage" />
        <Package ID="Microsoft-Windows-DNS-Tools-FoD-Package~31bf3856ad364e35~wow64~th-th~" PackageType="SatellitePackage" />
      </Packages>
    </Feature>
    <Feature Type="OnDemandFeature" FeatureID="Rsat.FailoverCluster.Management.Tools~~1.0" FMID="MSDN" Group="Microsoft">
      <Dependencies>
        <Feature FeatureID="Rsat.FileServices.Tools~~1.0" />
      </Dependencies>
      <Packages>
        <Package ID="Microsoft-Windows-FailoverCluster-Management-Tools-FOD-Package~31bf3856ad364e35~AMD64~th-th~" PackageType="SatellitePackage" />
        <Package ID="Microsoft-Windows-FailoverCluster-Management-Tools-FOD-Package~31bf3856ad364e35~wow64~th-th~" PackageType="SatellitePackage" />
      </Packages>
    </Feature>
    <Feature Type="OnDemandFeature" FeatureID="Rsat.FileServices.Tools~~1.0" FMID="MSDN" Group="Microsoft">
      <Dependencies>
        <Feature FeatureID="Rsat.ServerManager.Tools~~1.0" />
      </Dependencies>
      <Packages>
        <Package ID="Microsoft-Windows-FileServices-Tools-FoD-Package~31bf3856ad364e35~AMD64~th-th~" PackageType="SatellitePackage" />
        <Package ID="Microsoft-Windows-FileServices-Tools-FoD-Package~31bf3856ad364e35~wow64~th-th~" PackageType="SatellitePackage" />
      </Packages>
    </Feature>
    <Feature Type="OnDemandFeature" FeatureID="Rsat.GroupPolicy.Management.Tools~~1.0" FMID="MSDN" Group="Microsoft">
      <Packages>
        <Package ID="Microsoft-Windows-GroupPolicy-Management-Tools-FoD-Package~31bf3856ad364e35~AMD64~th-th~" PackageType="SatellitePackage" />
        <Package ID="Microsoft-Windows-GroupPolicy-Management-Tools-FoD-Package~31bf3856ad364e35~wow64~th-th~" PackageType="SatellitePackage" />
      </Packages>
    </Feature>
    <Feature Type="OnDemandFeature" FeatureID="Rsat.IPAM.Client.Tools~~1.0" FMID="MSDN" Group="Microsoft">
      <Dependencies>
        <Feature FeatureID="Rsat.ServerManager.Tools~~1.0" />
      </Dependencies>
      <Packages>
        <Package ID="Microsoft-Windows-IPAM-Client-FoD-Package~31bf3856ad364e35~AMD64~th-th~" PackageType="SatellitePackage" />
        <Package ID="Microsoft-Windows-IPAM-Client-FoD-Package~31bf3856ad364e35~wow64~th-th~" PackageType="SatellitePackage" />
      </Packages>
    </Feature>
    <Feature Type="OnDemandFeature" FeatureID="Rsat.NetworkController.Tools~~1.0" FMID="MSDN" Group="Microsoft">
      <Packages>
        <Package ID="Microsoft-Windows-NetworkController-Tools-FoD-Package~31bf3856ad364e35~AMD64~th-th~" PackageType="SatellitePackage" />
      </Packages>
    </Feature>
    <Feature Type="OnDemandFeature" FeatureID="Rsat.NetworkLoadBalancing.Tools~~1.0" FMID="MSDN" Group="Microsoft">
      <Packages>
        <Package ID="Microsoft-Windows-NetworkLoadBalancing-Tools-FoD-Package~31bf3856ad364e35~AMD64~th-th~" PackageType="SatellitePackage" />
      </Packages>
    </Feature>
    <Feature Type="OnDemandFeature" FeatureID="RasCMAK.Client~~1.0" FMID="MSDN" Group="Microsoft">
      <Packages>
        <Package ID="Microsoft-Windows-RasCMAK-Client-Package~31bf3856ad364e35~AMD64~th-th~" PackageType="SatellitePackage" />
        <Package ID="Microsoft-Windows-RasCMAK-Client-Package~31bf3856ad364e35~wow64~th-th~" PackageType="SatellitePackage" />
      </Packages>
    </Feature>
    <Feature Type="OnDemandFeature" FeatureID="RIP.Listener~~1.0" FMID="MSDN" Group="Microsoft">
      <Packages>
        <Package ID="Microsoft-Windows-RasRip-Package~31bf3856ad364e35~AMD64~th-th~" PackageType="SatellitePackage" />
      </Packages>
    </Feature>
    <Feature Type="OnDemandFeature" FeatureID="Rsat.RemoteAccess.Management.Tools~~1.0" FMID="MSDN" Group="Microsoft">
      <Dependencies>
        <Feature FeatureID="Rsat.GroupPolicy.Management.Tools~~1.0" />
        <Feature FeatureID="Rsat.ServerManager.Tools~~1.0" />
      </Dependencies>
      <Packages>
        <Package ID="Microsoft-Windows-RemoteAccess-Management-Tools-FoD-Package~31bf3856ad364e35~AMD64~th-th~" PackageType="SatellitePackage" />
        <Package ID="Microsoft-Windows-RemoteAccess-Management-Tools-FoD-Package~31bf3856ad364e35~wow64~th-th~" PackageType="SatellitePackage" />
      </Packages>
    </Feature>
    <Feature Type="OnDemandFeature" FeatureID="Rsat.RemoteDesktop.Services.Tools~~1.0" FMID="MSDN" Group="Microsoft">
      <Packages>
        <Package ID="Microsoft-Windows-RemoteDesktop-Services-Tools-FoD-Package~31bf3856ad364e35~AMD64~th-th~" PackageType="SatellitePackage" />
      </Packages>
    </Feature>
    <Feature Type="OnDemandFeature" FeatureID="ServerCore.AppCompatibility~~1.0" FMID="MSDN" Group="Microsoft">
      <Packages>
        <Package ID="Microsoft-Windows-Server-AppCompat-FoD-Package~31bf3856ad364e35~AMD64~th-th~" PackageType="SatellitePackage" />
      </Packages>
    </Feature>
    <Feature Type="OnDemandFeature" FeatureID="Rsat.ServerManager.Tools~~1.0" FMID="MSDN" Group="Microsoft">
      <Packages>
        <Package ID="Microsoft-Windows-ServerManager-Tools-FoD-Package~31bf3856ad364e35~AMD64~th-th~" PackageType="SatellitePackage" />
        <Package ID="Microsoft-Windows-ServerManager-Tools-FoD-Package~31bf3856ad364e35~wow64~th-th~" PackageType="SatellitePackage" />
      </Packages>
    </Feature>
    <Feature Type="OnDemandFeature" FeatureID="Rsat.Shielded.VM.Tools~~1.0" FMID="MSDN" Group="Microsoft">
      <Dependencies>
        <Feature FeatureID="Rsat.ServerManager.Tools~~1.0" />
      </Dependencies>
      <Packages>
        <Package ID="Microsoft-Windows-Shielded-VM-Tools-FoD-Package~31bf3856ad364e35~AMD64~th-th~" PackageType="SatellitePackage" />
      </Packages>
    </Feature>
    <Feature Type="OnDemandFeature" FeatureID="SNMP.Client~~1.0" FMID="MSDN" Group="Microsoft">
      <Packages>
        <Package ID="Microsoft-Windows-SNMP-Client-Package~31bf3856ad364e35~AMD64~th-th~" PackageType="SatellitePackage" />
        <Package ID="Microsoft-Windows-SNMP-Client-Package~31bf3856ad364e35~wow64~th-th~" PackageType="SatellitePackage" />
      </Packages>
    </Feature>
    <Feature Type="OnDemandFeature" FeatureID="Microsoft.Windows.StorageManagement~~1.0" FMID="MSDN" Group="Microsoft">
      <Packages>
        <Package ID="Microsoft-Windows-StorageManagement-FoD-Package~31bf3856ad364e35~AMD64~th-th~" PackageType="SatellitePackage" />
        <Package ID="Microsoft-Windows-StorageManagement-FoD-Package~31bf3856ad364e35~wow64~th-th~" PackageType="SatellitePackage" />
      </Packages>
    </Feature>
    <Feature Type="OnDemandFeature" FeatureID="Rsat.StorageMigrationService.Management.Tools~~1.0" FMID="MSDN" Group="Microsoft">
      <Packages>
        <Package ID="Microsoft-Windows-StorageMigrationService-Management-Tools-FOD-Package~31bf3856ad364e35~AMD64~th-th~" PackageType="SatellitePackage" />
      </Packages>
    </Feature>
    <Feature Type="OnDemandFeature" FeatureID="Rsat.StorageReplica.Tools~~1.0" FMID="MSDN" Group="Microsoft">
      <Packages>
        <Package ID="Microsoft-Windows-StorageReplica-Tools-FoD-Package~31bf3856ad364e35~AMD64~th-th~" PackageType="SatellitePackage" />
      </Packages>
    </Feature>
    <Feature Type="OnDemandFeature" FeatureID="Rsat.SystemInsights.Management.Tools~~1.0" FMID="MSDN" Group="Microsoft">
      <Packages>
        <Package ID="Microsoft-Windows-SystemInsights-Management-Tools-FOD-Package~31bf3856ad364e35~AMD64~th-th~" PackageType="SatellitePackage" />
      </Packages>
    </Feature>
    <Feature Type="OnDemandFeature" FeatureID="Rsat.VolumeActivation.Tools~~1.0" FMID="MSDN" Group="Microsoft">
      <Packages>
        <Package ID="Microsoft-Windows-VolumeActivation-Tools-FoD-Package~31bf3856ad364e35~AMD64~th-th~" PackageType="SatellitePackage" />
      </Packages>
    </Feature>
    <Feature Type="OnDemandFeature" FeatureID="WMI-SNMP-Provider.Client~~1.0" FMID="MSDN" Group="Microsoft">
      <Dependencies>
        <Feature FeatureID="SNMP.Client~~1.0" />
      </Dependencies>
      <Packages>
        <Package ID="Microsoft-Windows-WMI-SNMP-Provider-Client-Package~31bf3856ad364e35~AMD64~th-th~" PackageType="SatellitePackage" />
        <Package ID="Microsoft-Windows-WMI-SNMP-Provider-Client-Package~31bf3856ad364e35~wow64~th-th~" PackageType="SatellitePackage" />
      </Packages>
    </Feature>
    <Feature Type="OnDemandFeature" FeatureID="Rsat.WSUS.Tools~~1.0" FMID="MSDN" Group="Microsoft">
      <Packages>
        <Package ID="Microsoft-Windows-WSUS-Tools-FoD-Package~31bf3856ad364e35~AMD64~th-th~" PackageType="SatellitePackage" />
      </Packages>
    </Feature>
  </Features>
  <Packages>
    <Package ID="Microsoft-Windows-Server-LanguagePack-Package_th-th~31bf3856ad364e35~amd64~th-th~" InstalledSize="983143247" Version="10.0.17763.1">
      <SatelliteInfo>
        <DeclareInfo>
          <Declare Type="language" Value="th-TH" />
        </DeclareInfo>
      </SatelliteInfo>
      <Payload>
        <PayloadItem PayloadHash="8AMeAdAl/xNYz68NQT1MAFitrQErW4wKWWpYJOAbzzI=" PayloadSize="1628429" Path="UUP\Desktop\editionpackages\Server\th-th\baseless\Microsoft-Windows-Server-LanguagePack-Package_th-th~31bf3856ad364e35~amd64~th-th~.cab" PayloadType="ExpressCab" />
        <PayloadItem PayloadHash="mxfKjDieL664vExYKRGG+xzn2ia27+1bUyvd/L8LAeE=" PayloadSize="76247570" Path="UUP\Desktop\editionpackages\Server\th-th\baseless\Microsoft-Windows-Server-LanguagePack-Package_th-th~31bf3856ad364e35~amd64~th-th~.psf" PayloadType="ExpressPSF" />
      </Payload>
    </Package>
    <Package ID="Microsoft-OneCore-StorageManagement-FoD-Package~31bf3856ad364e35~AMD64~th-th~" InstalledSize="2019463" Version="10.0.17763.1">
      <SatelliteInfo>
        <ApplyToInfo>
          <ApplyTo Type="language" Value="th-TH" />
        </ApplyToInfo>
      </SatelliteInfo>
      <Payload>
        <PayloadItem PayloadHash="mibKYlyMZT60eU2bhfVe7Ma/xWL+pxRkP8/AaXoi2/M=" PayloadSize="21019" Path="FeaturesOnDemand\th-th\baseless\Microsoft-OneCore-StorageManagement-FoD-Package~31bf3856ad364e35~AMD64~th-th~.cab" PayloadType="ExpressCab" />
        <PayloadItem PayloadHash="AspbEGuJDMBhqYTPbl2I0J12WVVqbgqvkKfPg3nuNCo=" PayloadSize="214830" Path="FeaturesOnDemand\th-th\baseless\Microsoft-OneCore-StorageManagement-FoD-Package~31bf3856ad364e35~AMD64~th-th~.psf" PayloadType="ExpressPSF" />
      </Payload>
    </Package>
    <Package ID="Microsoft-OneCore-StorageManagement-FoD-Package~31bf3856ad364e35~wow64~th-th~" InstalledSize="1099003" Version="10.0.17763.1">
      <SatelliteInfo>
        <ApplyToInfo>
          <ApplyTo Type="arch" Value="wow64" />
          <ApplyTo Type="language" Value="th-TH" />
        </ApplyToInfo>
      </SatelliteInfo>
      <Payload>
        <PayloadItem PayloadHash="uu37Dw3eogMg7SwBjiWX8iSWsyugHFpaC7hQ+eFzQAI=" PayloadSize="18779" Path="FeaturesOnDemand\th-th\baseless\Microsoft-OneCore-StorageManagement-FoD-Package~31bf3856ad364e35~wow64~th-th~.cab" PayloadType="ExpressCab" />
        <PayloadItem PayloadHash="Pg/da2d/MFzXJuKrE4UiTlWz6RFbBBQ2vz3Ne321m2A=" PayloadSize="119373" Path="FeaturesOnDemand\th-th\baseless\Microsoft-OneCore-StorageManagement-FoD-Package~31bf3856ad364e35~wow64~th-th~.psf" PayloadType="ExpressPSF" />
      </Payload>
    </Package>
    <Package ID="Microsoft-Windows-ActiveDirectory-DS-LDS-Tools-FoD-Package~31bf3856ad364e35~AMD64~th-th~" InstalledSize="5800863" Version="10.0.17763.1">
      <SatelliteInfo>
        <ApplyToInfo>
          <ApplyTo Type="language" Value="th-TH" />
        </ApplyToInfo>
      </SatelliteInfo>
      <Payload>
        <PayloadItem PayloadHash="xTqMTNxWdpQlruA+r4W8r+312TOXREmV9wQRk+s/dis=" PayloadSize="28119" Path="FeaturesOnDemand\th-th\baseless\Microsoft-Windows-ActiveDirectory-DS-LDS-Tools-FoD-Package~31bf3856ad364e35~AMD64~th-th~.cab" PayloadType="ExpressCab" />
        <PayloadItem PayloadHash="lWYvRa6X9W9k7rKHFDXRJhf2eehYCvV+znYHnqXBgO0=" PayloadSize="967359" Path="FeaturesOnDemand\th-th\baseless\Microsoft-Windows-ActiveDirectory-DS-LDS-Tools-FoD-Package~31bf3856ad364e35~AMD64~th-th~.psf" PayloadType="ExpressPSF" />
      </Payload>
    </Package>
    <Package ID="Microsoft-Windows-ActiveDirectory-DS-LDS-Tools-FoD-Package~31bf3856ad364e35~wow64~th-th~" InstalledSize="816404" Version="10.0.17763.1">
      <SatelliteInfo>
        <ApplyToInfo>
          <ApplyTo Type="arch" Value="wow64" />
          <ApplyTo Type="language" Value="th-TH" />
        </ApplyToInfo>
      </SatelliteInfo>
      <Payload>
        <PayloadItem PayloadHash="TC1hM9dx+wB54E1tdsEueyqQEo22Un/d7lOJV8R+MvE=" PayloadSize="20069" Path="FeaturesOnDemand\th-th\baseless\Microsoft-Windows-ActiveDirectory-DS-LDS-Tools-FoD-Package~31bf3856ad364e35~wow64~th-th~.cab" PayloadType="ExpressCab" />
        <PayloadItem PayloadHash="+yUcrD6W2r0iy3LMJQdlh24wlANlUr3F1kAGuF6i2z0=" PayloadSize="165207" Path="FeaturesOnDemand\th-th\baseless\Microsoft-Windows-ActiveDirectory-DS-LDS-Tools-FoD-Package~31bf3856ad364e35~wow64~th-th~.psf" PayloadType="ExpressPSF" />
      </Payload>
    </Package>
    <Package ID="Microsoft-Windows-BitLocker-Recovery-Tools-FoD-Package~31bf3856ad364e35~AMD64~th-th~" InstalledSize="52623" Version="10.0.17763.1">
      <SatelliteInfo>
        <ApplyToInfo>
          <ApplyTo Type="language" Value="th-TH" />
        </ApplyToInfo>
      </SatelliteInfo>
      <Payload>
        <PayloadItem PayloadHash="05TPHghQe6LY8gBAKuf5q+Y6k4ThnZBybwKeotAmJI8=" PayloadSize="19007" Path="FeaturesOnDemand\th-th\baseless\Microsoft-Windows-BitLocker-Recovery-Tools-FoD-Package~31bf3856ad364e35~AMD64~th-th~.cab" PayloadType="ExpressCab" />
        <PayloadItem PayloadHash="g5YIaRX2K0VfxzYriPfhcOdOtRJbSssU4Gm4gDCgWuM=" PayloadSize="70289" Path="FeaturesOnDemand\th-th\baseless\Microsoft-Windows-BitLocker-Recovery-Tools-FoD-Package~31bf3856ad364e35~AMD64~th-th~.psf" PayloadType="ExpressPSF" />
      </Payload>
    </Package>
    <Package ID="Microsoft-Windows-CertificateServices-Tools-FoD-Package~31bf3856ad364e35~AMD64~th-th~" InstalledSize="1034591" Version="10.0.17763.1">
      <SatelliteInfo>
        <ApplyToInfo>
          <ApplyTo Type="language" Value="th-TH" />
        </ApplyToInfo>
      </SatelliteInfo>
      <Payload>
        <PayloadItem PayloadHash="vopc2x9zmzDnbpQOan2RjgtFCQnRwMtpvv1qbmBdyDE=" PayloadSize="21211" Path="FeaturesOnDemand\th-th\baseless\Microsoft-Windows-CertificateServices-Tools-FoD-Package~31bf3856ad364e35~AMD64~th-th~.cab" PayloadType="ExpressCab" />
        <PayloadItem PayloadHash="N8nHRbVNbyndp4PEgnsrt9xDYIlo3UymbcXtj+XFkqQ=" PayloadSize="207796" Path="FeaturesOnDemand\th-th\baseless\Microsoft-Windows-CertificateServices-Tools-FoD-Package~31bf3856ad364e35~AMD64~th-th~.psf" PayloadType="ExpressPSF" />
      </Payload>
    </Package>
    <Package ID="Microsoft-Windows-DHCP-Tools-FoD-Package~31bf3856ad364e35~AMD64~th-th~" InstalledSize="1809097" Version="10.0.17763.1">
      <SatelliteInfo>
        <ApplyToInfo>
          <ApplyTo Type="language" Value="th-TH" />
        </ApplyToInfo>
      </SatelliteInfo>
      <Payload>
        <PayloadItem PayloadHash="2+QY04RboxYh/eWQcSxPQij+WJB/ayK4Du8pbEHSPyE=" PayloadSize="19773" Path="FeaturesOnDemand\th-th\baseless\Microsoft-Windows-DHCP-Tools-FoD-Package~31bf3856ad364e35~AMD64~th-th~.cab" PayloadType="ExpressCab" />
        <PayloadItem PayloadHash="DSbFi5RJp8ZJzAwjO7xxWohxE4pV78wG5LPmyWEFXag=" PayloadSize="210844" Path="FeaturesOnDemand\th-th\baseless\Microsoft-Windows-DHCP-Tools-FoD-Package~31bf3856ad364e35~AMD64~th-th~.psf" PayloadType="ExpressPSF" />
      </Payload>
    </Package>
    <Package ID="Microsoft-Windows-DHCP-Tools-FoD-Package~31bf3856ad364e35~wow64~th-th~" InstalledSize="483830" Version="10.0.17763.1">
      <SatelliteInfo>
        <ApplyToInfo>
          <ApplyTo Type="arch" Value="wow64" />
          <ApplyTo Type="language" Value="th-TH" />
        </ApplyToInfo>
      </SatelliteInfo>
      <Payload>
        <PayloadItem PayloadHash="3kce7lKBujofFdN0AVYCI8dLCU4dFBwJUtxLR33RrXg=" PayloadSize="18591" Path="FeaturesOnDemand\th-th\baseless\Microsoft-Windows-DHCP-Tools-FoD-Package~31bf3856ad364e35~wow64~th-th~.cab" PayloadType="ExpressCab" />
        <PayloadItem PayloadHash="l8hzVpKihX215WzA1W8d/N+o9kH9wo1RX0fA7b4NpCc=" PayloadSize="99089" Path="FeaturesOnDemand\th-th\baseless\Microsoft-Windows-DHCP-Tools-FoD-Package~31bf3856ad364e35~wow64~th-th~.psf" PayloadType="ExpressPSF" />
      </Payload>
    </Package>
    <Package ID="Microsoft-Windows-DNS-Tools-FoD-Package~31bf3856ad364e35~AMD64~th-th~" InstalledSize="1930469" Version="10.0.17763.1">
      <SatelliteInfo>
        <ApplyToInfo>
          <ApplyTo Type="language" Value="th-TH" />
        </ApplyToInfo>
      </SatelliteInfo>
      <Payload>
        <PayloadItem PayloadHash="CxtJQUikT6KStynfYmBN5rioa9VoheuV38u+z2UjKaE=" PayloadSize="20411" Path="FeaturesOnDemand\th-th\baseless\Microsoft-Windows-DNS-Tools-FoD-Package~31bf3856ad364e35~AMD64~th-th~.cab" PayloadType="ExpressCab" />
        <PayloadItem PayloadHash="MZLUh73A9sICjReTDOnyIlg7ohd5bQWQzig3inxGaWM=" PayloadSize="249435" Path="FeaturesOnDemand\th-th\baseless\Microsoft-Windows-DNS-Tools-FoD-Package~31bf3856ad364e35~AMD64~th-th~.psf" PayloadType="ExpressPSF" />
      </Payload>
    </Package>
    <Package ID="Microsoft-Windows-DNS-Tools-FoD-Package~31bf3856ad364e35~wow64~th-th~" InstalledSize="32740" Version="10.0.17763.1">
      <SatelliteInfo>
        <ApplyToInfo>
          <ApplyTo Type="arch" Value="wow64" />
          <ApplyTo Type="language" Value="th-TH" />
        </ApplyToInfo>
      </SatelliteInfo>
      <Payload>
        <PayloadItem PayloadHash="xDWtTV8H9Dm7wU18J92zh7Is71yF54CZ/9niOlk+wRE=" PayloadSize="18645" Path="FeaturesOnDemand\th-th\baseless\Microsoft-Windows-DNS-Tools-FoD-Package~31bf3856ad364e35~wow64~th-th~.cab" PayloadType="ExpressCab" />
        <PayloadItem PayloadHash="Ef2/MABnlLzTQXZyITra2mL8bBKV0paof14N7ftBUrE=" PayloadSize="61041" Path="FeaturesOnDemand\th-th\baseless\Microsoft-Windows-DNS-Tools-FoD-Package~31bf3856ad364e35~wow64~th-th~.psf" PayloadType="ExpressPSF" />
      </Payload>
    </Package>
    <Package ID="Microsoft-Windows-FailoverCluster-Management-Tools-FOD-Package~31bf3856ad364e35~AMD64~th-th~" InstalledSize="9011510" Version="10.0.17763.1">
      <SatelliteInfo>
        <ApplyToInfo>
          <ApplyTo Type="language" Value="th-TH" />
        </ApplyToInfo>
      </SatelliteInfo>
      <Payload>
        <PayloadItem PayloadHash="Cas5sEkstuIHVFVFsb1jiqS6IVpqcRT/1UGI3TlDZfs=" PayloadSize="27087" Path="FeaturesOnDemand\th-th\baseless\Microsoft-Windows-FailoverCluster-Management-Tools-FOD-Package~31bf3856ad364e35~AMD64~th-th~.cab" PayloadType="ExpressCab" />
        <PayloadItem PayloadHash="Y9VawrIccSH30lrGf/jVdSDgcx94YP60+XTUWKzqM9k=" PayloadSize="2474143" Path="FeaturesOnDemand\th-th\baseless\Microsoft-Windows-FailoverCluster-Management-Tools-FOD-Package~31bf3856ad364e35~AMD64~th-th~.psf" PayloadType="ExpressPSF" />
      </Payload>
    </Package>
    <Package ID="Microsoft-Windows-FailoverCluster-Management-Tools-FOD-Package~31bf3856ad364e35~wow64~th-th~" InstalledSize="133783" Version="10.0.17763.1">
      <SatelliteInfo>
        <ApplyToInfo>
          <ApplyTo Type="arch" Value="wow64" />
          <ApplyTo Type="language" Value="th-TH" />
        </ApplyToInfo>
      </SatelliteInfo>
      <Payload>
        <PayloadItem PayloadHash="Kt9XwNb5DllOzo7UBWV62f7qNwHYCv9wLIjQ9Rbbc5g=" PayloadSize="20063" Path="FeaturesOnDemand\th-th\baseless\Microsoft-Windows-FailoverCluster-Management-Tools-FOD-Package~31bf3856ad364e35~wow64~th-th~.cab" PayloadType="ExpressCab" />
        <PayloadItem PayloadHash="ZVB9Rv+GDyaPl/uxpk+wapd4xo4HDdjXB7H7c5B6R8g=" PayloadSize="94828" Path="FeaturesOnDemand\th-th\baseless\Microsoft-Windows-FailoverCluster-Management-Tools-FOD-Package~31bf3856ad364e35~wow64~th-th~.psf" PayloadType="ExpressPSF" />
      </Payload>
    </Package>
    <Package ID="Microsoft-Windows-FileServices-Tools-FoD-Package~31bf3856ad364e35~AMD64~th-th~" InstalledSize="4172028" Version="10.0.17763.1">
      <SatelliteInfo>
        <ApplyToInfo>
          <ApplyTo Type="language" Value="th-TH" />
        </ApplyToInfo>
      </SatelliteInfo>
      <Payload>
        <PayloadItem PayloadHash="UORNCG+/JJtJRdC1b+G2qkJ6xYJKQhxpP15CRSPMY94=" PayloadSize="24355" Path="FeaturesOnDemand\th-th\baseless\Microsoft-Windows-FileServices-Tools-FoD-Package~31bf3856ad364e35~AMD64~th-th~.cab" PayloadType="ExpressCab" />
        <PayloadItem PayloadHash="UU/ikBeAQfxlrHx4xsdRCsXBOACSVkrysdH3RYZPGZY=" PayloadSize="623729" Path="FeaturesOnDemand\th-th\baseless\Microsoft-Windows-FileServices-Tools-FoD-Package~31bf3856ad364e35~AMD64~th-th~.psf" PayloadType="ExpressPSF" />
      </Payload>
    </Package>
    <Package ID="Microsoft-Windows-FileServices-Tools-FoD-Package~31bf3856ad364e35~wow64~th-th~" InstalledSize="196501" Version="10.0.17763.1">
      <SatelliteInfo>
        <ApplyToInfo>
          <ApplyTo Type="arch" Value="wow64" />
          <ApplyTo Type="language" Value="th-TH" />
        </ApplyToInfo>
      </SatelliteInfo>
      <Payload>
        <PayloadItem PayloadHash="NjQ1Uy6z8xFboTYxKAD20f7JKtcCrAJKaAaZnWPWIsA=" PayloadSize="19177" Path="FeaturesOnDemand\th-th\baseless\Microsoft-Windows-FileServices-Tools-FoD-Package~31bf3856ad364e35~wow64~th-th~.cab" PayloadType="ExpressCab" />
        <PayloadItem PayloadHash="hG0Va0bm3rKRQ5a30Frb0ggU3s6fHn7aJEXc0Nzzrzw=" PayloadSize="88884" Path="FeaturesOnDemand\th-th\baseless\Microsoft-Windows-FileServices-Tools-FoD-Package~31bf3856ad364e35~wow64~th-th~.psf" PayloadType="ExpressPSF" />
      </Payload>
    </Package>
    <Package ID="Microsoft-Windows-GroupPolicy-Management-Tools-FoD-Package~31bf3856ad364e35~AMD64~th-th~" InstalledSize="2302810" Version="10.0.17763.1">
      <SatelliteInfo>
        <ApplyToInfo>
          <ApplyTo Type="language" Value="th-TH" />
        </ApplyToInfo>
      </SatelliteInfo>
      <Payload>
        <PayloadItem PayloadHash="fra8bJIFiTjiiSQrUXJHiVeQFNH2PQb03sGvmJj9+6A=" PayloadSize="22773" Path="FeaturesOnDemand\th-th\baseless\Microsoft-Windows-GroupPolicy-Management-Tools-FoD-Package~31bf3856ad364e35~AMD64~th-th~.cab" PayloadType="ExpressCab" />
        <PayloadItem PayloadHash="vHdwTGa/RwJT0DrZeLEpp9sz0ceX0HHT/tjoIjq0olE=" PayloadSize="354899" Path="FeaturesOnDemand\th-th\baseless\Microsoft-Windows-GroupPolicy-Management-Tools-FoD-Package~31bf3856ad364e35~AMD64~th-th~.psf" PayloadType="ExpressPSF" />
      </Payload>
    </Package>
    <Package ID="Microsoft-Windows-GroupPolicy-Management-Tools-FoD-Package~31bf3856ad364e35~wow64~th-th~" InstalledSize="329350" Version="10.0.17763.1">
      <SatelliteInfo>
        <ApplyToInfo>
          <ApplyTo Type="arch" Value="wow64" />
          <ApplyTo Type="language" Value="th-TH" />
        </ApplyToInfo>
      </SatelliteInfo>
      <Payload>
        <PayloadItem PayloadHash="AVSBayjH+XcNCOBPvzAgnJ3VV09oal9YnmhJGUMDPb4=" PayloadSize="19131" Path="FeaturesOnDemand\th-th\baseless\Microsoft-Windows-GroupPolicy-Management-Tools-FoD-Package~31bf3856ad364e35~wow64~th-th~.cab" PayloadType="ExpressCab" />
        <PayloadItem PayloadHash="p26ZwVtzRTGbgH3oxEHntp2VbSzYCYD0eyedYWU9m14=" PayloadSize="102642" Path="FeaturesOnDemand\th-th\baseless\Microsoft-Windows-GroupPolicy-Management-Tools-FoD-Package~31bf3856ad364e35~wow64~th-th~.psf" PayloadType="ExpressPSF" />
      </Payload>
    </Package>
    <Package ID="Microsoft-Windows-IPAM-Client-FoD-Package~31bf3856ad364e35~AMD64~th-th~" InstalledSize="123012" Version="10.0.17763.1">
      <SatelliteInfo>
        <ApplyToInfo>
          <ApplyTo Type="language" Value="th-TH" />
        </ApplyToInfo>
      </SatelliteInfo>
      <Payload>
        <PayloadItem PayloadHash="X6QdjHGb3yjjiZC7X5BqlfjxMt+8qWPDkQF3wAGIaP8=" PayloadSize="18799" Path="FeaturesOnDemand\th-th\baseless\Microsoft-Windows-IPAM-Client-FoD-Package~31bf3856ad364e35~AMD64~th-th~.cab" PayloadType="ExpressCab" />
        <PayloadItem PayloadHash="374JYiuZXydKc9kVf/2dLr70Sk4yU5brpbkgOT8tzVo=" PayloadSize="73866" Path="FeaturesOnDemand\th-th\baseless\Microsoft-Windows-IPAM-Client-FoD-Package~31bf3856ad364e35~AMD64~th-th~.psf" PayloadType="ExpressPSF" />
      </Payload>
    </Package>
    <Package ID="Microsoft-Windows-IPAM-Client-FoD-Package~31bf3856ad364e35~wow64~th-th~" InstalledSize="45685" Version="10.0.17763.1">
      <SatelliteInfo>
        <ApplyToInfo>
          <ApplyTo Type="arch" Value="wow64" />
          <ApplyTo Type="language" Value="th-TH" />
        </ApplyToInfo>
      </SatelliteInfo>
      <Payload>
        <PayloadItem PayloadHash="cJy6dK++rdVrBzGZFxCbTotNc08omckBWQ/bbMF1GMs=" PayloadSize="18341" Path="FeaturesOnDemand\th-th\baseless\Microsoft-Windows-IPAM-Client-FoD-Package~31bf3856ad364e35~wow64~th-th~.cab" PayloadType="ExpressCab" />
        <PayloadItem PayloadHash="jEjdrd5ZX/Xm49JV4cwONbQvJJCgklcy4Tqmb0ftUiQ=" PayloadSize="63518" Path="FeaturesOnDemand\th-th\baseless\Microsoft-Windows-IPAM-Client-FoD-Package~31bf3856ad364e35~wow64~th-th~.psf" PayloadType="ExpressPSF" />
      </Payload>
    </Package>
    <Package ID="Microsoft-Windows-NetworkController-Tools-FoD-Package~31bf3856ad364e35~AMD64~th-th~" InstalledSize="89234" Version="10.0.17763.1">
      <SatelliteInfo>
        <ApplyToInfo>
          <ApplyTo Type="language" Value="th-TH" />
        </ApplyToInfo>
      </SatelliteInfo>
      <Payload>
        <PayloadItem PayloadHash="B4pyKcCrMbpbteItqsu+1CSI/f3IsEiUnTyCuohdtfI=" PayloadSize="19057" Path="FeaturesOnDemand\th-th\baseless\Microsoft-Windows-NetworkController-Tools-FoD-Package~31bf3856ad364e35~AMD64~th-th~.cab" PayloadType="ExpressCab" />
        <PayloadItem PayloadHash="gfQvSrkYSTnBcArE0hk6u7cnBRfGDrqaJBT7509gnyw=" PayloadSize="81973" Path="FeaturesOnDemand\th-th\baseless\Microsoft-Windows-NetworkController-Tools-FoD-Package~31bf3856ad364e35~AMD64~th-th~.psf" PayloadType="ExpressPSF" />
      </Payload>
    </Package>
    <Package ID="Microsoft-Windows-NetworkLoadBalancing-Tools-FoD-Package~31bf3856ad364e35~AMD64~th-th~" InstalledSize="241671" Version="10.0.17763.1">
      <SatelliteInfo>
        <ApplyToInfo>
          <ApplyTo Type="language" Value="th-TH" />
        </ApplyToInfo>
      </SatelliteInfo>
      <Payload>
        <PayloadItem PayloadHash="44S/ClqHXhakSIAHqWhCHokzJbT50IVfkCvNomenhH8=" PayloadSize="19145" Path="FeaturesOnDemand\th-th\baseless\Microsoft-Windows-NetworkLoadBalancing-Tools-FoD-Package~31bf3856ad364e35~AMD64~th-th~.cab" PayloadType="ExpressCab" />
        <PayloadItem PayloadHash="AhiUgrjSicVielU2+U2BbtSE7OlJORujIeDZI4CdBDE=" PayloadSize="99924" Path="FeaturesOnDemand\th-th\baseless\Microsoft-Windows-NetworkLoadBalancing-Tools-FoD-Package~31bf3856ad364e35~AMD64~th-th~.psf" PayloadType="ExpressPSF" />
      </Payload>
    </Package>
    <Package ID="Microsoft-Windows-RasCMAK-Client-Package~31bf3856ad364e35~AMD64~th-th~" InstalledSize="242300" Version="10.0.17763.1">
      <SatelliteInfo>
        <ApplyToInfo>
          <ApplyTo Type="language" Value="th-TH" />
        </ApplyToInfo>
      </SatelliteInfo>
      <Payload>
        <PayloadItem PayloadHash="BLRpMPbsOZvtD9QzENZRbdaN5whNmCr0sxWbFh3FXcg=" PayloadSize="18791" Path="FeaturesOnDemand\th-th\baseless\Microsoft-Windows-RasCMAK-Client-Package~31bf3856ad364e35~AMD64~th-th~.cab" PayloadType="ExpressCab" />
        <PayloadItem PayloadHash="oAlS0xVpuA+i6uIX/xVlyTKxTg+A4JrsbUYyurutUts=" PayloadSize="126430" Path="FeaturesOnDemand\th-th\baseless\Microsoft-Windows-RasCMAK-Client-Package~31bf3856ad364e35~AMD64~th-th~.psf" PayloadType="ExpressPSF" />
      </Payload>
    </Package>
    <Package ID="Microsoft-Windows-RasCMAK-Client-Package~31bf3856ad364e35~wow64~th-th~" InstalledSize="418061" Version="10.0.17763.1">
      <SatelliteInfo>
        <ApplyToInfo>
          <ApplyTo Type="arch" Value="wow64" />
          <ApplyTo Type="language" Value="th-TH" />
        </ApplyToInfo>
      </SatelliteInfo>
      <Payload>
        <PayloadItem PayloadHash="X9VzC2QjSghfYKENb5+TSyJvFzpeMcx/1f8+5U6zJHg=" PayloadSize="19299" Path="FeaturesOnDemand\th-th\baseless\Microsoft-Windows-RasCMAK-Client-Package~31bf3856ad364e35~wow64~th-th~.cab" PayloadType="ExpressCab" />
        <PayloadItem PayloadHash="cJLsUa7Uvu8HD47aTNa86ntamenY8HPA2wFsWKohuz0=" PayloadSize="329160" Path="FeaturesOnDemand\th-th\baseless\Microsoft-Windows-RasCMAK-Client-Package~31bf3856ad364e35~wow64~th-th~.psf" PayloadType="ExpressPSF" />
      </Payload>
    </Package>
    <Package ID="Microsoft-Windows-RasRip-Package~31bf3856ad364e35~AMD64~th-th~" InstalledSize="47041" Version="10.0.17763.1">
      <SatelliteInfo>
        <ApplyToInfo>
          <ApplyTo Type="language" Value="th-TH" />
        </ApplyToInfo>
      </SatelliteInfo>
      <Payload>
        <PayloadItem PayloadHash="+mY921lJKdXWs8eYj0JiZ2QJG7aOtcxX5m0PboB9TPE=" PayloadSize="18323" Path="FeaturesOnDemand\th-th\baseless\Microsoft-Windows-RasRip-Package~31bf3856ad364e35~AMD64~th-th~.cab" PayloadType="ExpressCab" />
        <PayloadItem PayloadHash="vbUv/EqIgMr9kMZrwvk8znS4QEbkjtw7Wo21rkLGGSE=" PayloadSize="64579" Path="FeaturesOnDemand\th-th\baseless\Microsoft-Windows-RasRip-Package~31bf3856ad364e35~AMD64~th-th~.psf" PayloadType="ExpressPSF" />
      </Payload>
    </Package>
    <Package ID="Microsoft-Windows-RemoteAccess-Management-Tools-FoD-Package~31bf3856ad364e35~AMD64~th-th~" InstalledSize="18571170" Version="10.0.17763.1">
      <SatelliteInfo>
        <ApplyToInfo>
          <ApplyTo Type="language" Value="th-TH" />
        </ApplyToInfo>
      </SatelliteInfo>
      <Payload>
        <PayloadItem PayloadHash="vvZ7qNheM3S4Z5EU3mkamSgI8MrBj/3YZeIkMBlRFhQ=" PayloadSize="21469" Path="FeaturesOnDemand\th-th\baseless\Microsoft-Windows-RemoteAccess-Management-Tools-FoD-Package~31bf3856ad364e35~AMD64~th-th~.cab" PayloadType="ExpressCab" />
        <PayloadItem PayloadHash="A/40ytgp+r1fSExrKF7FfY9qk2A2bxNvj34w45MvcXc=" PayloadSize="3405700" Path="FeaturesOnDemand\th-th\baseless\Microsoft-Windows-RemoteAccess-Management-Tools-FoD-Package~31bf3856ad364e35~AMD64~th-th~.psf" PayloadType="ExpressPSF" />
      </Payload>
    </Package>
    <Package ID="Microsoft-Windows-RemoteAccess-Management-Tools-FoD-Package~31bf3856ad364e35~wow64~th-th~" InstalledSize="32824" Version="10.0.17763.1">
      <SatelliteInfo>
        <ApplyToInfo>
          <ApplyTo Type="arch" Value="wow64" />
          <ApplyTo Type="language" Value="th-TH" />
        </ApplyToInfo>
      </SatelliteInfo>
      <Payload>
        <PayloadItem PayloadHash="QlV0DUNSWYCVJ9p0yoGyjR7HdoeGcbhW0LFaNMA+q94=" PayloadSize="18617" Path="FeaturesOnDemand\th-th\baseless\Microsoft-Windows-RemoteAccess-Management-Tools-FoD-Package~31bf3856ad364e35~wow64~th-th~.cab" PayloadType="ExpressCab" />
        <PayloadItem PayloadHash="DDMAneAA4kSGA1Ix4c9OKuahrQVTT/3UqQeSqlU7+y8=" PayloadSize="60990" Path="FeaturesOnDemand\th-th\baseless\Microsoft-Windows-RemoteAccess-Management-Tools-FoD-Package~31bf3856ad364e35~wow64~th-th~.psf" PayloadType="ExpressPSF" />
      </Payload>
    </Package>
    <Package ID="Microsoft-Windows-RemoteDesktop-Services-Tools-FoD-Package~31bf3856ad364e35~AMD64~th-th~" InstalledSize="1533532" Version="10.0.17763.1">
      <SatelliteInfo>
        <ApplyToInfo>
          <ApplyTo Type="language" Value="th-TH" />
        </ApplyToInfo>
      </SatelliteInfo>
      <Payload>
        <PayloadItem PayloadHash="HKbp1AhSWuPT0Nu7NIw1hZhiNFbm6DdQb5A451vdMVw=" PayloadSize="20707" Path="FeaturesOnDemand\th-th\baseless\Microsoft-Windows-RemoteDesktop-Services-Tools-FoD-Package~31bf3856ad364e35~AMD64~th-th~.cab" PayloadType="ExpressCab" />
        <PayloadItem PayloadHash="OZuOfLpc/3Dz4+fkhn/uujIGlB2byfQ9rizKnp+Tbww=" PayloadSize="306230" Path="FeaturesOnDemand\th-th\baseless\Microsoft-Windows-RemoteDesktop-Services-Tools-FoD-Package~31bf3856ad364e35~AMD64~th-th~.psf" PayloadType="ExpressPSF" />
      </Payload>
    </Package>
    <Package ID="Microsoft-Windows-Server-AppCompat-FoD-Package~31bf3856ad364e35~AMD64~th-th~" InstalledSize="29013012" Version="10.0.17763.1">
      <SatelliteInfo>
        <ApplyToInfo>
          <ApplyTo Type="language" Value="th-TH" />
        </ApplyToInfo>
      </SatelliteInfo>
      <Payload>
        <PayloadItem PayloadHash="6bpw7KFqEg+dZr31Y3nJVS1zX+xHB+uEYtvrnujgL64=" PayloadSize="95799" Path="FeaturesOnDemand\th-th\baseless\Microsoft-Windows-Server-AppCompat-FoD-Package~31bf3856ad364e35~AMD64~th-th~.cab" PayloadType="ExpressCab" />
        <PayloadItem PayloadHash="goK/IAG9c3S0zMdrWDAPyP88kR5nil6P0SlWki9lihc=" PayloadSize="6954567" Path="FeaturesOnDemand\th-th\baseless\Microsoft-Windows-Server-AppCompat-FoD-Package~31bf3856ad364e35~AMD64~th-th~.psf" PayloadType="ExpressPSF" />
      </Payload>
    </Package>
    <Package ID="Microsoft-Windows-ServerManager-Tools-FoD-Package~31bf3856ad364e35~AMD64~th-th~" InstalledSize="12074283" Version="10.0.17763.1">
      <SatelliteInfo>
        <ApplyToInfo>
          <ApplyTo Type="language" Value="th-TH" />
        </ApplyToInfo>
      </SatelliteInfo>
      <Payload>
        <PayloadItem PayloadHash="TqDVdvWX5ttbOzr4UQRQBnSkChrlMczkTsDDHNOlc18=" PayloadSize="38231" Path="FeaturesOnDemand\th-th\baseless\Microsoft-Windows-ServerManager-Tools-FoD-Package~31bf3856ad364e35~AMD64~th-th~.cab" PayloadType="ExpressCab" />
        <PayloadItem PayloadHash="WWfofe5zlj5CR/RqfUZY2/9RiKxVBnj5Jvq8ClatCGs=" PayloadSize="2344569" Path="FeaturesOnDemand\th-th\baseless\Microsoft-Windows-ServerManager-Tools-FoD-Package~31bf3856ad364e35~AMD64~th-th~.psf" PayloadType="ExpressPSF" />
      </Payload>
    </Package>
    <Package ID="Microsoft-Windows-ServerManager-Tools-FoD-Package~31bf3856ad364e35~wow64~th-th~" InstalledSize="1238625" Version="10.0.17763.1">
      <SatelliteInfo>
        <ApplyToInfo>
          <ApplyTo Type="arch" Value="wow64" />
          <ApplyTo Type="language" Value="th-TH" />
        </ApplyToInfo>
      </SatelliteInfo>
      <Payload>
        <PayloadItem PayloadHash="I9Uk6bV21ZtKrHl0Whg47PiHtNAy0f3786srH74vZiw=" PayloadSize="19681" Path="FeaturesOnDemand\th-th\baseless\Microsoft-Windows-ServerManager-Tools-FoD-Package~31bf3856ad364e35~wow64~th-th~.cab" PayloadType="ExpressCab" />
        <PayloadItem PayloadHash="vE2oMtnmy2yFQpo9IjSxDvnMVtcdVrfno0/3Kj2EQQg=" PayloadSize="369851" Path="FeaturesOnDemand\th-th\baseless\Microsoft-Windows-ServerManager-Tools-FoD-Package~31bf3856ad364e35~wow64~th-th~.psf" PayloadType="ExpressPSF" />
      </Payload>
    </Package>
    <Package ID="Microsoft-Windows-Shielded-VM-Tools-FoD-Package~31bf3856ad364e35~AMD64~th-th~" InstalledSize="466639" Version="10.0.17763.1">
      <SatelliteInfo>
        <ApplyToInfo>
          <ApplyTo Type="language" Value="th-TH" />
        </ApplyToInfo>
      </SatelliteInfo>
      <Payload>
        <PayloadItem PayloadHash="hMKTyUVepAMD0PBoTqnKyqKKNUf5BJBXcgU/2JpPfus=" PayloadSize="23489" Path="FeaturesOnDemand\th-th\baseless\Microsoft-Windows-Shielded-VM-Tools-FoD-Package~31bf3856ad364e35~AMD64~th-th~.cab" PayloadType="ExpressCab" />
        <PayloadItem PayloadHash="QSTag6dbcgjMOzi1Se33IC2uSwSBNZd584Xu2nsktbM=" PayloadSize="190035" Path="FeaturesOnDemand\th-th\baseless\Microsoft-Windows-Shielded-VM-Tools-FoD-Package~31bf3856ad364e35~AMD64~th-th~.psf" PayloadType="ExpressPSF" />
      </Payload>
    </Package>
    <Package ID="Microsoft-Windows-SNMP-Client-Package~31bf3856ad364e35~AMD64~th-th~" InstalledSize="170381" Version="10.0.17763.1">
      <SatelliteInfo>
        <ApplyToInfo>
          <ApplyTo Type="language" Value="th-TH" />
        </ApplyToInfo>
      </SatelliteInfo>
      <Payload>
        <PayloadItem PayloadHash="rJCEnM2Zp1bQOCTFO6IrgENAeAG1PNFKZGijTSKKFXk=" PayloadSize="20119" Path="FeaturesOnDemand\th-th\baseless\Microsoft-Windows-SNMP-Client-Package~31bf3856ad364e35~AMD64~th-th~.cab" PayloadType="ExpressCab" />
        <PayloadItem PayloadHash="yjN4M7hX99kQ88dM9ELtH1ShkAj6RoeRSHIv8At1ofQ=" PayloadSize="106494" Path="FeaturesOnDemand\th-th\baseless\Microsoft-Windows-SNMP-Client-Package~31bf3856ad364e35~AMD64~th-th~.psf" PayloadType="ExpressPSF" />
      </Payload>
    </Package>
    <Package ID="Microsoft-Windows-SNMP-Client-Package~31bf3856ad364e35~wow64~th-th~" InstalledSize="170535" Version="10.0.17763.1">
      <SatelliteInfo>
        <ApplyToInfo>
          <ApplyTo Type="arch" Value="wow64" />
          <ApplyTo Type="language" Value="th-TH" />
        </ApplyToInfo>
      </SatelliteInfo>
      <Payload>
        <PayloadItem PayloadHash="7MgH6RQwypiMxFGSJ8ygeAogiXyaVhR7pA8820CYORM=" PayloadSize="20123" Path="FeaturesOnDemand\th-th\baseless\Microsoft-Windows-SNMP-Client-Package~31bf3856ad364e35~wow64~th-th~.cab" PayloadType="ExpressCab" />
        <PayloadItem PayloadHash="r5h0dQeDO38zMPbu1dHOvORhtUJy07YBIYWbuTKj5xQ=" PayloadSize="106526" Path="FeaturesOnDemand\th-th\baseless\Microsoft-Windows-SNMP-Client-Package~31bf3856ad364e35~wow64~th-th~.psf" PayloadType="ExpressPSF" />
      </Payload>
    </Package>
    <Package ID="Microsoft-Windows-StorageManagement-FoD-Package~31bf3856ad364e35~AMD64~th-th~" InstalledSize="1676261" Version="10.0.17763.1">
      <SatelliteInfo>
        <ApplyToInfo>
          <ApplyTo Type="language" Value="th-TH" />
        </ApplyToInfo>
      </SatelliteInfo>
      <Payload>
        <PayloadItem PayloadHash="322yp8mQJpc0LpJqtrvFQTYsZqQxxlFMAiWM8dHuDVY=" PayloadSize="21603" Path="FeaturesOnDemand\th-th\baseless\Microsoft-Windows-StorageManagement-FoD-Package~31bf3856ad364e35~AMD64~th-th~.cab" PayloadType="ExpressCab" />
        <PayloadItem PayloadHash="ek+THC1/CTKv+XijBuYLb09GvpwPkPC7FtAaEcSAh2U=" PayloadSize="217688" Path="FeaturesOnDemand\th-th\baseless\Microsoft-Windows-StorageManagement-FoD-Package~31bf3856ad364e35~AMD64~th-th~.psf" PayloadType="ExpressPSF" />
      </Payload>
    </Package>
    <Package ID="Microsoft-Windows-StorageManagement-FoD-Package~31bf3856ad364e35~wow64~th-th~" InstalledSize="1177483" Version="10.0.17763.1">
      <SatelliteInfo>
        <ApplyToInfo>
          <ApplyTo Type="arch" Value="wow64" />
          <ApplyTo Type="language" Value="th-TH" />
        </ApplyToInfo>
      </SatelliteInfo>
      <Payload>
        <PayloadItem PayloadHash="a8LNzcRT7r5CCQKoMsnzuN1iHpV3XJpJ9ppCmKSD1yg=" PayloadSize="20455" Path="FeaturesOnDemand\th-th\baseless\Microsoft-Windows-StorageManagement-FoD-Package~31bf3856ad364e35~wow64~th-th~.cab" PayloadType="ExpressCab" />
        <PayloadItem PayloadHash="aZXMoXFB860ddOmbSDR/hUGGccmkEwpyJXwXu2JHEpE=" PayloadSize="147690" Path="FeaturesOnDemand\th-th\baseless\Microsoft-Windows-StorageManagement-FoD-Package~31bf3856ad364e35~wow64~th-th~.psf" PayloadType="ExpressPSF" />
      </Payload>
    </Package>
    <Package ID="Microsoft-Windows-StorageMigrationService-Management-Tools-FOD-Package~31bf3856ad364e35~AMD64~th-th~" InstalledSize="76271" Version="10.0.17763.1">
      <SatelliteInfo>
        <ApplyToInfo>
          <ApplyTo Type="language" Value="th-TH" />
        </ApplyToInfo>
      </SatelliteInfo>
      <Payload>
        <PayloadItem PayloadHash="1wZQ8XXrK+jXm1Ht+/0HNJpCqtdipA+JX7dqS7sJVuM=" PayloadSize="18981" Path="FeaturesOnDemand\th-th\baseless\Microsoft-Windows-StorageMigrationService-Management-Tools-FOD-Package~31bf3856ad364e35~AMD64~th-th~.cab" PayloadType="ExpressCab" />
        <PayloadItem PayloadHash="FFdwgML4XahJPHtq54Wg/IFrru5Wq857kEGPgVIDq3g=" PayloadSize="75666" Path="FeaturesOnDemand\th-th\baseless\Microsoft-Windows-StorageMigrationService-Management-Tools-FOD-Package~31bf3856ad364e35~AMD64~th-th~.psf" PayloadType="ExpressPSF" />
      </Payload>
    </Package>
    <Package ID="Microsoft-Windows-StorageReplica-Tools-FoD-Package~31bf3856ad364e35~AMD64~th-th~" InstalledSize="420745" Version="10.0.17763.1">
      <SatelliteInfo>
        <ApplyToInfo>
          <ApplyTo Type="language" Value="th-TH" />
        </ApplyToInfo>
      </SatelliteInfo>
      <Payload>
        <PayloadItem PayloadHash="xIHjqIiRrwMqv19ZOj+Rl3dV8KeTofzbl596GBy4FjM=" PayloadSize="19383" Path="FeaturesOnDemand\th-th\baseless\Microsoft-Windows-StorageReplica-Tools-FoD-Package~31bf3856ad364e35~AMD64~th-th~.cab" PayloadType="ExpressCab" />
        <PayloadItem PayloadHash="IQBGzeZrJ8DEl8I+ckWsAGZ7nEJxOMO57gZsdm38nEY=" PayloadSize="119449" Path="FeaturesOnDemand\th-th\baseless\Microsoft-Windows-StorageReplica-Tools-FoD-Package~31bf3856ad364e35~AMD64~th-th~.psf" PayloadType="ExpressPSF" />
      </Payload>
    </Package>
    <Package ID="Microsoft-Windows-SystemInsights-Management-Tools-FOD-Package~31bf3856ad364e35~AMD64~th-th~" InstalledSize="61140" Version="10.0.17763.1">
      <SatelliteInfo>
        <ApplyToInfo>
          <ApplyTo Type="language" Value="th-TH" />
        </ApplyToInfo>
      </SatelliteInfo>
      <Payload>
        <PayloadItem PayloadHash="+Wk44YIY9pRGxZEZY0qlDcQ1SrKQgnm7viMiE2j6fCE=" PayloadSize="18771" Path="FeaturesOnDemand\th-th\baseless\Microsoft-Windows-SystemInsights-Management-Tools-FOD-Package~31bf3856ad364e35~AMD64~th-th~.cab" PayloadType="ExpressCab" />
        <PayloadItem PayloadHash="7ZvtXKuKABDEpN+7OsKnr0vfRruiyic9EiisXpKACGY=" PayloadSize="72983" Path="FeaturesOnDemand\th-th\baseless\Microsoft-Windows-SystemInsights-Management-Tools-FOD-Package~31bf3856ad364e35~AMD64~th-th~.psf" PayloadType="ExpressPSF" />
      </Payload>
    </Package>
    <Package ID="Microsoft-Windows-VolumeActivation-Tools-FoD-Package~31bf3856ad364e35~AMD64~th-th~" InstalledSize="244223" Version="10.0.17763.1">
      <SatelliteInfo>
        <ApplyToInfo>
          <ApplyTo Type="language" Value="th-TH" />
        </ApplyToInfo>
      </SatelliteInfo>
      <Payload>
        <PayloadItem PayloadHash="InY+UwNo6jhxfMUoOktImuEyinEbpjt1Uqh/L/RLTvs=" PayloadSize="18451" Path="FeaturesOnDemand\th-th\baseless\Microsoft-Windows-VolumeActivation-Tools-FoD-Package~31bf3856ad364e35~AMD64~th-th~.cab" PayloadType="ExpressCab" />
        <PayloadItem PayloadHash="Yp06uOSj7Qyzbo7cj5dwp4+ydV2k43l06FRcPXUyjzc=" PayloadSize="182909" Path="FeaturesOnDemand\th-th\baseless\Microsoft-Windows-VolumeActivation-Tools-FoD-Package~31bf3856ad364e35~AMD64~th-th~.psf" PayloadType="ExpressPSF" />
      </Payload>
    </Package>
    <Package ID="Microsoft-Windows-WMI-SNMP-Provider-Client-Package~31bf3856ad364e35~AMD64~th-th~" InstalledSize="76493" Version="10.0.17763.1">
      <SatelliteInfo>
        <ApplyToInfo>
          <ApplyTo Type="language" Value="th-TH" />
        </ApplyToInfo>
      </SatelliteInfo>
      <Payload>
        <PayloadItem PayloadHash="6R8ksHygQGgx4SoLOsTHDVjOTxTbXSwXSKnGdBvDLts=" PayloadSize="19297" Path="FeaturesOnDemand\th-th\baseless\Microsoft-Windows-WMI-SNMP-Provider-Client-Package~31bf3856ad364e35~AMD64~th-th~.cab" PayloadType="ExpressCab" />
        <PayloadItem PayloadHash="kpCl6NtI3SHRXUQgc0wrB44Ii+JQv7evlM5DVMtoEu0=" PayloadSize="76743" Path="FeaturesOnDemand\th-th\baseless\Microsoft-Windows-WMI-SNMP-Provider-Client-Package~31bf3856ad364e35~AMD64~th-th~.psf" PayloadType="ExpressPSF" />
      </Payload>
    </Package>
    <Package ID="Microsoft-Windows-WMI-SNMP-Provider-Client-Package~31bf3856ad364e35~wow64~th-th~" InstalledSize="76562" Version="10.0.17763.1">
      <SatelliteInfo>
        <ApplyToInfo>
          <ApplyTo Type="arch" Value="wow64" />
          <ApplyTo Type="language" Value="th-TH" />
        </ApplyToInfo>
      </SatelliteInfo>
      <Payload>
        <PayloadItem PayloadHash="5D952sZ1sTvuC2uPho1++1FzVSuHN958PsFbENTMHns=" PayloadSize="18891" Path="FeaturesOnDemand\th-th\baseless\Microsoft-Windows-WMI-SNMP-Provider-Client-Package~31bf3856ad364e35~wow64~th-th~.cab" PayloadType="ExpressCab" />
        <PayloadItem PayloadHash="VuDPA+yvDBeWqIhg+BqCqNhDHKZjyyM4AYcc7LRaZqQ=" PayloadSize="76620" Path="FeaturesOnDemand\th-th\baseless\Microsoft-Windows-WMI-SNMP-Provider-Client-Package~31bf3856ad364e35~wow64~th-th~.psf" PayloadType="ExpressPSF" />
      </Payload>
    </Package>
    <Package ID="Microsoft-Windows-WSUS-Tools-FoD-Package~31bf3856ad364e35~AMD64~th-th~" InstalledSize="2948452" Version="10.0.17763.1">
      <SatelliteInfo>
        <ApplyToInfo>
          <ApplyTo Type="language" Value="th-TH" />
        </ApplyToInfo>
      </SatelliteInfo>
      <Payload>
        <PayloadItem PayloadHash="e1uo/qx848D6GJ9OaUFOwCrRL1QBrVXBJyDDWzF/WNY=" PayloadSize="19547" Path="FeaturesOnDemand\th-th\baseless\Microsoft-Windows-WSUS-Tools-FoD-Package~31bf3856ad364e35~AMD64~th-th~.cab" PayloadType="ExpressCab" />
        <PayloadItem PayloadHash="SzD2UHUcCt7WtQDR73RO+/gKbH2aIxeUeazd0h6gne8=" PayloadSize="397648" Path="FeaturesOnDemand\th-th\baseless\Microsoft-Windows-WSUS-Tools-FoD-Package~31bf3856ad364e35~AMD64~th-th~.psf" PayloadType="ExpressPSF" />
      </Payload>
    </Package>
  </Packages>
</CompDB>