<?xml version="1.0" encoding="utf-8"?>
<CompDB xmlns:xsi="http://www.w3.org/2001/XMLSchema-instance" xmlns:xsd="http://www.w3.org/2001/XMLSchema" CreatedDate="2018-11-16T01:03:53.8635665Z" Revision="1" SchemaVersion="1.2" Product="Desktop" BuildID="80154b57-1148-3590-c1b9-d2ce93ee1fac" BuildInfo="rs5_release.17763.1.180914-1434" OSVersion="10.0.17763.1" BuildArch="amd64" ReleaseType="Production" Type="Baseless" xmlns="http://schemas.microsoft.com/embedded/2004/10/ImageUpdate">
  <Tags Type="Language">
    <Tag Name="Language" Value="sv-SE" />
    <Tag Name="UpdateType" Value="Baseless" />
  </Tags>
  <Features>
    <Feature Type="LanguagePack" FeatureID="Language.UI.Server~sv-se" FMID="MSDL" Group="Microsoft">
      <Packages>
        <Package ID="Microsoft-Windows-Server-LanguagePack-Package_sv-se~31bf3856ad364e35~amd64~sv-se~" PackageType="FeaturePackage" />
      </Packages>
    </Feature>
    <Feature Type="OnDemandFeature" FeatureID="Microsoft.Onecore.StorageManagement~~1.0" FMID="MSDN" Group="Microsoft">
      <Packages>
        <Package ID="Microsoft-OneCore-StorageManagement-FoD-Package~31bf3856ad364e35~AMD64~sv-se~" PackageType="SatellitePackage" />
        <Package ID="Microsoft-OneCore-StorageManagement-FoD-Package~31bf3856ad364e35~wow64~sv-se~" PackageType="SatellitePackage" />
      </Packages>
    </Feature>
    <Feature Type="OnDemandFeature" FeatureID="Rsat.ActiveDirectory.DS-LDS.Tools~~1.0" FMID="MSDN" Group="Microsoft">
      <Dependencies>
        <Feature FeatureID="Rsat.ServerManager.Tools~~1.0" />
      </Dependencies>
      <Packages>
        <Package ID="Microsoft-Windows-ActiveDirectory-DS-LDS-Tools-FoD-Package~31bf3856ad364e35~AMD64~sv-se~" PackageType="SatellitePackage" />
        <Package ID="Microsoft-Windows-ActiveDirectory-DS-LDS-Tools-FoD-Package~31bf3856ad364e35~wow64~sv-se~" PackageType="SatellitePackage" />
      </Packages>
    </Feature>
    <Feature Type="OnDemandFeature" FeatureID="Rsat.BitLocker.Recovery.Tools~~1.0" FMID="MSDN" Group="Microsoft">
      <Dependencies>
        <Feature FeatureID="Rsat.ActiveDirectory.DS-LDS.Tools~~1.0" />
      </Dependencies>
      <Packages>
        <Package ID="Microsoft-Windows-BitLocker-Recovery-Tools-FoD-Package~31bf3856ad364e35~AMD64~sv-se~" PackageType="SatellitePackage" />
      </Packages>
    </Feature>
    <Feature Type="OnDemandFeature" FeatureID="Rsat.CertificateServices.Tools~~1.0" FMID="MSDN" Group="Microsoft">
      <Packages>
        <Package ID="Microsoft-Windows-CertificateServices-Tools-FoD-Package~31bf3856ad364e35~AMD64~sv-se~" PackageType="SatellitePackage" />
      </Packages>
    </Feature>
    <Feature Type="OnDemandFeature" FeatureID="Rsat.DHCP.Tools~~1.0" FMID="MSDN" Group="Microsoft">
      <Packages>
        <Package ID="Microsoft-Windows-DHCP-Tools-FoD-Package~31bf3856ad364e35~AMD64~sv-se~" PackageType="SatellitePackage" />
        <Package ID="Microsoft-Windows-DHCP-Tools-FoD-Package~31bf3856ad364e35~wow64~sv-se~" PackageType="SatellitePackage" />
      </Packages>
    </Feature>
    <Feature Type="OnDemandFeature" FeatureID="Rsat.Dns.Tools~~1.0" FMID="MSDN" Group="Microsoft">
      <Packages>
        <Package ID="Microsoft-Windows-DNS-Tools-FoD-Package~31bf3856ad364e35~AMD64~sv-se~" PackageType="SatellitePackage" />
        <Package ID="Microsoft-Windows-DNS-Tools-FoD-Package~31bf3856ad364e35~wow64~sv-se~" PackageType="SatellitePackage" />
      </Packages>
    </Feature>
    <Feature Type="OnDemandFeature" FeatureID="Rsat.FailoverCluster.Management.Tools~~1.0" FMID="MSDN" Group="Microsoft">
      <Dependencies>
        <Feature FeatureID="Rsat.FileServices.Tools~~1.0" />
      </Dependencies>
      <Packages>
        <Package ID="Microsoft-Windows-FailoverCluster-Management-Tools-FOD-Package~31bf3856ad364e35~AMD64~sv-se~" PackageType="SatellitePackage" />
        <Package ID="Microsoft-Windows-FailoverCluster-Management-Tools-FOD-Package~31bf3856ad364e35~wow64~sv-se~" PackageType="SatellitePackage" />
      </Packages>
    </Feature>
    <Feature Type="OnDemandFeature" FeatureID="Rsat.FileServices.Tools~~1.0" FMID="MSDN" Group="Microsoft">
      <Dependencies>
        <Feature FeatureID="Rsat.ServerManager.Tools~~1.0" />
      </Dependencies>
      <Packages>
        <Package ID="Microsoft-Windows-FileServices-Tools-FoD-Package~31bf3856ad364e35~AMD64~sv-se~" PackageType="SatellitePackage" />
        <Package ID="Microsoft-Windows-FileServices-Tools-FoD-Package~31bf3856ad364e35~wow64~sv-se~" PackageType="SatellitePackage" />
      </Packages>
    </Feature>
    <Feature Type="OnDemandFeature" FeatureID="Rsat.GroupPolicy.Management.Tools~~1.0" FMID="MSDN" Group="Microsoft">
      <Packages>
        <Package ID="Microsoft-Windows-GroupPolicy-Management-Tools-FoD-Package~31bf3856ad364e35~AMD64~sv-se~" PackageType="SatellitePackage" />
        <Package ID="Microsoft-Windows-GroupPolicy-Management-Tools-FoD-Package~31bf3856ad364e35~wow64~sv-se~" PackageType="SatellitePackage" />
      </Packages>
    </Feature>
    <Feature Type="OnDemandFeature" FeatureID="Rsat.IPAM.Client.Tools~~1.0" FMID="MSDN" Group="Microsoft">
      <Dependencies>
        <Feature FeatureID="Rsat.ServerManager.Tools~~1.0" />
      </Dependencies>
      <Packages>
        <Package ID="Microsoft-Windows-IPAM-Client-FoD-Package~31bf3856ad364e35~AMD64~sv-se~" PackageType="SatellitePackage" />
        <Package ID="Microsoft-Windows-IPAM-Client-FoD-Package~31bf3856ad364e35~wow64~sv-se~" PackageType="SatellitePackage" />
      </Packages>
    </Feature>
    <Feature Type="OnDemandFeature" FeatureID="Rsat.NetworkController.Tools~~1.0" FMID="MSDN" Group="Microsoft">
      <Packages>
        <Package ID="Microsoft-Windows-NetworkController-Tools-FoD-Package~31bf3856ad364e35~AMD64~sv-se~" PackageType="SatellitePackage" />
      </Packages>
    </Feature>
    <Feature Type="OnDemandFeature" FeatureID="Rsat.NetworkLoadBalancing.Tools~~1.0" FMID="MSDN" Group="Microsoft">
      <Packages>
        <Package ID="Microsoft-Windows-NetworkLoadBalancing-Tools-FoD-Package~31bf3856ad364e35~AMD64~sv-se~" PackageType="SatellitePackage" />
      </Packages>
    </Feature>
    <Feature Type="OnDemandFeature" FeatureID="RasCMAK.Client~~1.0" FMID="MSDN" Group="Microsoft">
      <Packages>
        <Package ID="Microsoft-Windows-RasCMAK-Client-Package~31bf3856ad364e35~AMD64~sv-se~" PackageType="SatellitePackage" />
        <Package ID="Microsoft-Windows-RasCMAK-Client-Package~31bf3856ad364e35~wow64~sv-se~" PackageType="SatellitePackage" />
      </Packages>
    </Feature>
    <Feature Type="OnDemandFeature" FeatureID="RIP.Listener~~1.0" FMID="MSDN" Group="Microsoft">
      <Packages>
        <Package ID="Microsoft-Windows-RasRip-Package~31bf3856ad364e35~AMD64~sv-se~" PackageType="SatellitePackage" />
      </Packages>
    </Feature>
    <Feature Type="OnDemandFeature" FeatureID="Rsat.RemoteAccess.Management.Tools~~1.0" FMID="MSDN" Group="Microsoft">
      <Dependencies>
        <Feature FeatureID="Rsat.GroupPolicy.Management.Tools~~1.0" />
        <Feature FeatureID="Rsat.ServerManager.Tools~~1.0" />
      </Dependencies>
      <Packages>
        <Package ID="Microsoft-Windows-RemoteAccess-Management-Tools-FoD-Package~31bf3856ad364e35~AMD64~sv-se~" PackageType="SatellitePackage" />
        <Package ID="Microsoft-Windows-RemoteAccess-Management-Tools-FoD-Package~31bf3856ad364e35~wow64~sv-se~" PackageType="SatellitePackage" />
      </Packages>
    </Feature>
    <Feature Type="OnDemandFeature" FeatureID="Rsat.RemoteDesktop.Services.Tools~~1.0" FMID="MSDN" Group="Microsoft">
      <Packages>
        <Package ID="Microsoft-Windows-RemoteDesktop-Services-Tools-FoD-Package~31bf3856ad364e35~AMD64~sv-se~" PackageType="SatellitePackage" />
      </Packages>
    </Feature>
    <Feature Type="OnDemandFeature" FeatureID="ServerCore.AppCompatibility~~1.0" FMID="MSDN" Group="Microsoft">
      <Packages>
        <Package ID="Microsoft-Windows-Server-AppCompat-FoD-Package~31bf3856ad364e35~AMD64~sv-se~" PackageType="SatellitePackage" />
      </Packages>
    </Feature>
    <Feature Type="OnDemandFeature" FeatureID="Rsat.ServerManager.Tools~~1.0" FMID="MSDN" Group="Microsoft">
      <Packages>
        <Package ID="Microsoft-Windows-ServerManager-Tools-FoD-Package~31bf3856ad364e35~AMD64~sv-se~" PackageType="SatellitePackage" />
        <Package ID="Microsoft-Windows-ServerManager-Tools-FoD-Package~31bf3856ad364e35~wow64~sv-se~" PackageType="SatellitePackage" />
      </Packages>
    </Feature>
    <Feature Type="OnDemandFeature" FeatureID="Rsat.Shielded.VM.Tools~~1.0" FMID="MSDN" Group="Microsoft">
      <Dependencies>
        <Feature FeatureID="Rsat.ServerManager.Tools~~1.0" />
      </Dependencies>
      <Packages>
        <Package ID="Microsoft-Windows-Shielded-VM-Tools-FoD-Package~31bf3856ad364e35~AMD64~sv-se~" PackageType="SatellitePackage" />
      </Packages>
    </Feature>
    <Feature Type="OnDemandFeature" FeatureID="SNMP.Client~~1.0" FMID="MSDN" Group="Microsoft">
      <Packages>
        <Package ID="Microsoft-Windows-SNMP-Client-Package~31bf3856ad364e35~AMD64~sv-se~" PackageType="SatellitePackage" />
        <Package ID="Microsoft-Windows-SNMP-Client-Package~31bf3856ad364e35~wow64~sv-se~" PackageType="SatellitePackage" />
      </Packages>
    </Feature>
    <Feature Type="OnDemandFeature" FeatureID="Microsoft.Windows.StorageManagement~~1.0" FMID="MSDN" Group="Microsoft">
      <Packages>
        <Package ID="Microsoft-Windows-StorageManagement-FoD-Package~31bf3856ad364e35~AMD64~sv-se~" PackageType="SatellitePackage" />
        <Package ID="Microsoft-Windows-StorageManagement-FoD-Package~31bf3856ad364e35~wow64~sv-se~" PackageType="SatellitePackage" />
      </Packages>
    </Feature>
    <Feature Type="OnDemandFeature" FeatureID="Rsat.StorageMigrationService.Management.Tools~~1.0" FMID="MSDN" Group="Microsoft">
      <Packages>
        <Package ID="Microsoft-Windows-StorageMigrationService-Management-Tools-FOD-Package~31bf3856ad364e35~AMD64~sv-se~" PackageType="SatellitePackage" />
      </Packages>
    </Feature>
    <Feature Type="OnDemandFeature" FeatureID="Rsat.StorageReplica.Tools~~1.0" FMID="MSDN" Group="Microsoft">
      <Packages>
        <Package ID="Microsoft-Windows-StorageReplica-Tools-FoD-Package~31bf3856ad364e35~AMD64~sv-se~" PackageType="SatellitePackage" />
      </Packages>
    </Feature>
    <Feature Type="OnDemandFeature" FeatureID="Rsat.SystemInsights.Management.Tools~~1.0" FMID="MSDN" Group="Microsoft">
      <Packages>
        <Package ID="Microsoft-Windows-SystemInsights-Management-Tools-FOD-Package~31bf3856ad364e35~AMD64~sv-se~" PackageType="SatellitePackage" />
      </Packages>
    </Feature>
    <Feature Type="OnDemandFeature" FeatureID="Rsat.VolumeActivation.Tools~~1.0" FMID="MSDN" Group="Microsoft">
      <Packages>
        <Package ID="Microsoft-Windows-VolumeActivation-Tools-FoD-Package~31bf3856ad364e35~AMD64~sv-se~" PackageType="SatellitePackage" />
      </Packages>
    </Feature>
    <Feature Type="OnDemandFeature" FeatureID="WMI-SNMP-Provider.Client~~1.0" FMID="MSDN" Group="Microsoft">
      <Dependencies>
        <Feature FeatureID="SNMP.Client~~1.0" />
      </Dependencies>
      <Packages>
        <Package ID="Microsoft-Windows-WMI-SNMP-Provider-Client-Package~31bf3856ad364e35~AMD64~sv-se~" PackageType="SatellitePackage" />
        <Package ID="Microsoft-Windows-WMI-SNMP-Provider-Client-Package~31bf3856ad364e35~wow64~sv-se~" PackageType="SatellitePackage" />
      </Packages>
    </Feature>
    <Feature Type="OnDemandFeature" FeatureID="Rsat.WSUS.Tools~~1.0" FMID="MSDN" Group="Microsoft">
      <Packages>
        <Package ID="Microsoft-Windows-WSUS-Tools-FoD-Package~31bf3856ad364e35~AMD64~sv-se~" PackageType="SatellitePackage" />
      </Packages>
    </Feature>
  </Features>
  <Packages>
    <Package ID="Microsoft-Windows-Server-LanguagePack-Package_sv-se~31bf3856ad364e35~amd64~sv-se~" InstalledSize="1108418502" Version="10.0.17763.1">
      <SatelliteInfo>
        <DeclareInfo>
          <Declare Type="language" Value="sv-SE" />
        </DeclareInfo>
      </SatelliteInfo>
      <Payload>
        <PayloadItem PayloadHash="Ch4QYb/fe9bVI0mnRUWu8gqrvvXKxPSFtpBhCLOGQ5s=" PayloadSize="1670097" Path="UUP\Desktop\editionpackages\Server\sv-se\baseless\Microsoft-Windows-Server-LanguagePack-Package_sv-se~31bf3856ad364e35~amd64~sv-se~.cab" PayloadType="ExpressCab" />
        <PayloadItem PayloadHash="3bOOHgWmKYBr9aQNVkwl24n142s5rph8niStUhOkLkg=" PayloadSize="78241675" Path="UUP\Desktop\editionpackages\Server\sv-se\baseless\Microsoft-Windows-Server-LanguagePack-Package_sv-se~31bf3856ad364e35~amd64~sv-se~.psf" PayloadType="ExpressPSF" />
      </Payload>
    </Package>
    <Package ID="Microsoft-OneCore-StorageManagement-FoD-Package~31bf3856ad364e35~AMD64~sv-se~" InstalledSize="1961253" Version="10.0.17763.1">
      <SatelliteInfo>
        <ApplyToInfo>
          <ApplyTo Type="language" Value="sv-SE" />
        </ApplyToInfo>
      </SatelliteInfo>
      <Payload>
        <PayloadItem PayloadHash="NJQUfBxRSjWP8cFYvxVxQAnYskYeTnkz5COcAWJ9YTU=" PayloadSize="20987" Path="FeaturesOnDemand\sv-se\baseless\Microsoft-OneCore-StorageManagement-FoD-Package~31bf3856ad364e35~AMD64~sv-se~.cab" PayloadType="ExpressCab" />
        <PayloadItem PayloadHash="pas/pP9FD4tdC7wzzhrcfDYb2DHwai5nI+Icin97G0A=" PayloadSize="207352" Path="FeaturesOnDemand\sv-se\baseless\Microsoft-OneCore-StorageManagement-FoD-Package~31bf3856ad364e35~AMD64~sv-se~.psf" PayloadType="ExpressPSF" />
      </Payload>
    </Package>
    <Package ID="Microsoft-OneCore-StorageManagement-FoD-Package~31bf3856ad364e35~wow64~sv-se~" InstalledSize="1079701" Version="10.0.17763.1">
      <SatelliteInfo>
        <ApplyToInfo>
          <ApplyTo Type="arch" Value="wow64" />
          <ApplyTo Type="language" Value="sv-SE" />
        </ApplyToInfo>
      </SatelliteInfo>
      <Payload>
        <PayloadItem PayloadHash="PEDx+NknxmyinE8O1G/y5ip2LExPliMJLDUIYi3JFUY=" PayloadSize="18777" Path="FeaturesOnDemand\sv-se\baseless\Microsoft-OneCore-StorageManagement-FoD-Package~31bf3856ad364e35~wow64~sv-se~.cab" PayloadType="ExpressCab" />
        <PayloadItem PayloadHash="kEZAEqFRjJkKyKn2Z3J7UxJSZER5nHusw/BmYGAZMr0=" PayloadSize="116970" Path="FeaturesOnDemand\sv-se\baseless\Microsoft-OneCore-StorageManagement-FoD-Package~31bf3856ad364e35~wow64~sv-se~.psf" PayloadType="ExpressPSF" />
      </Payload>
    </Package>
    <Package ID="Microsoft-Windows-ActiveDirectory-DS-LDS-Tools-FoD-Package~31bf3856ad364e35~AMD64~sv-se~" InstalledSize="5752916" Version="10.0.17763.1">
      <SatelliteInfo>
        <ApplyToInfo>
          <ApplyTo Type="language" Value="sv-SE" />
        </ApplyToInfo>
      </SatelliteInfo>
      <Payload>
        <PayloadItem PayloadHash="/4GYn3fUAgpZm+RbObjpJ3WTtCczuGJL+GBySAdYql4=" PayloadSize="28285" Path="FeaturesOnDemand\sv-se\baseless\Microsoft-Windows-ActiveDirectory-DS-LDS-Tools-FoD-Package~31bf3856ad364e35~AMD64~sv-se~.cab" PayloadType="ExpressCab" />
        <PayloadItem PayloadHash="smGm1UncCCU2BzIUmlLBYiZ8AKLO132/EAyS4keVv0s=" PayloadSize="966276" Path="FeaturesOnDemand\sv-se\baseless\Microsoft-Windows-ActiveDirectory-DS-LDS-Tools-FoD-Package~31bf3856ad364e35~AMD64~sv-se~.psf" PayloadType="ExpressPSF" />
      </Payload>
    </Package>
    <Package ID="Microsoft-Windows-ActiveDirectory-DS-LDS-Tools-FoD-Package~31bf3856ad364e35~wow64~sv-se~" InstalledSize="804766" Version="10.0.17763.1">
      <SatelliteInfo>
        <ApplyToInfo>
          <ApplyTo Type="arch" Value="wow64" />
          <ApplyTo Type="language" Value="sv-SE" />
        </ApplyToInfo>
      </SatelliteInfo>
      <Payload>
        <PayloadItem PayloadHash="3xtCvFf53VgAlK9F5jpXshul8tqXLxrR/a5ZwG811AE=" PayloadSize="20091" Path="FeaturesOnDemand\sv-se\baseless\Microsoft-Windows-ActiveDirectory-DS-LDS-Tools-FoD-Package~31bf3856ad364e35~wow64~sv-se~.cab" PayloadType="ExpressCab" />
        <PayloadItem PayloadHash="RGhyQvtQKBAn73Zzch8YhB4Mc7TRn63X8ih8tri50Ro=" PayloadSize="163628" Path="FeaturesOnDemand\sv-se\baseless\Microsoft-Windows-ActiveDirectory-DS-LDS-Tools-FoD-Package~31bf3856ad364e35~wow64~sv-se~.psf" PayloadType="ExpressPSF" />
      </Payload>
    </Package>
    <Package ID="Microsoft-Windows-BitLocker-Recovery-Tools-FoD-Package~31bf3856ad364e35~AMD64~sv-se~" InstalledSize="34451" Version="10.0.17763.1">
      <SatelliteInfo>
        <ApplyToInfo>
          <ApplyTo Type="language" Value="sv-SE" />
        </ApplyToInfo>
      </SatelliteInfo>
      <Payload>
        <PayloadItem PayloadHash="j5IhlTpaq9n91lBflUf0KaLCzanMYu7r+1TSNXsJYg4=" PayloadSize="19033" Path="FeaturesOnDemand\sv-se\baseless\Microsoft-Windows-BitLocker-Recovery-Tools-FoD-Package~31bf3856ad364e35~AMD64~sv-se~.cab" PayloadType="ExpressCab" />
        <PayloadItem PayloadHash="iGupELyO6wGctI+7U6LHVNjxrAJdiFEFwSd2GPgwgqk=" PayloadSize="68119" Path="FeaturesOnDemand\sv-se\baseless\Microsoft-Windows-BitLocker-Recovery-Tools-FoD-Package~31bf3856ad364e35~AMD64~sv-se~.psf" PayloadType="ExpressPSF" />
      </Payload>
    </Package>
    <Package ID="Microsoft-Windows-CertificateServices-Tools-FoD-Package~31bf3856ad364e35~AMD64~sv-se~" InstalledSize="1038471" Version="10.0.17763.1">
      <SatelliteInfo>
        <ApplyToInfo>
          <ApplyTo Type="language" Value="sv-SE" />
        </ApplyToInfo>
      </SatelliteInfo>
      <Payload>
        <PayloadItem PayloadHash="4rCGkJepFWE3vhJJWG4n7lCas3lNm8AoQ+xWrcDc+AE=" PayloadSize="20963" Path="FeaturesOnDemand\sv-se\baseless\Microsoft-Windows-CertificateServices-Tools-FoD-Package~31bf3856ad364e35~AMD64~sv-se~.cab" PayloadType="ExpressCab" />
        <PayloadItem PayloadHash="QwRfhQ8HNRye5vZQkm1YdpssvuvbJNtGskii5BQcXt4=" PayloadSize="208095" Path="FeaturesOnDemand\sv-se\baseless\Microsoft-Windows-CertificateServices-Tools-FoD-Package~31bf3856ad364e35~AMD64~sv-se~.psf" PayloadType="ExpressPSF" />
      </Payload>
    </Package>
    <Package ID="Microsoft-Windows-DHCP-Tools-FoD-Package~31bf3856ad364e35~AMD64~sv-se~" InstalledSize="1797361" Version="10.0.17763.1">
      <SatelliteInfo>
        <ApplyToInfo>
          <ApplyTo Type="language" Value="sv-SE" />
        </ApplyToInfo>
      </SatelliteInfo>
      <Payload>
        <PayloadItem PayloadHash="Y+Ypz7t5Brrmu7fLHzK+smMefVK0oh1JddgCW+crWOI=" PayloadSize="19555" Path="FeaturesOnDemand\sv-se\baseless\Microsoft-Windows-DHCP-Tools-FoD-Package~31bf3856ad364e35~AMD64~sv-se~.cab" PayloadType="ExpressCab" />
        <PayloadItem PayloadHash="VphAkh2p+bG6RBwOwkFuGeCqwH8rsbAly8sCC09UZOk=" PayloadSize="209411" Path="FeaturesOnDemand\sv-se\baseless\Microsoft-Windows-DHCP-Tools-FoD-Package~31bf3856ad364e35~AMD64~sv-se~.psf" PayloadType="ExpressPSF" />
      </Payload>
    </Package>
    <Package ID="Microsoft-Windows-DHCP-Tools-FoD-Package~31bf3856ad364e35~wow64~sv-se~" InstalledSize="464789" Version="10.0.17763.1">
      <SatelliteInfo>
        <ApplyToInfo>
          <ApplyTo Type="arch" Value="wow64" />
          <ApplyTo Type="language" Value="sv-SE" />
        </ApplyToInfo>
      </SatelliteInfo>
      <Payload>
        <PayloadItem PayloadHash="xXfoysGFtN8Khnu8ABQ+5M9NvetRl7fOE0hr86tnPZY=" PayloadSize="18803" Path="FeaturesOnDemand\sv-se\baseless\Microsoft-Windows-DHCP-Tools-FoD-Package~31bf3856ad364e35~wow64~sv-se~.cab" PayloadType="ExpressCab" />
        <PayloadItem PayloadHash="6Y4VHvkwJMDyCJfiGwC3hqnAoVbv7FQtiT1kOso+qko=" PayloadSize="96224" Path="FeaturesOnDemand\sv-se\baseless\Microsoft-Windows-DHCP-Tools-FoD-Package~31bf3856ad364e35~wow64~sv-se~.psf" PayloadType="ExpressPSF" />
      </Payload>
    </Package>
    <Package ID="Microsoft-Windows-DNS-Tools-FoD-Package~31bf3856ad364e35~AMD64~sv-se~" InstalledSize="1903477" Version="10.0.17763.1">
      <SatelliteInfo>
        <ApplyToInfo>
          <ApplyTo Type="language" Value="sv-SE" />
        </ApplyToInfo>
      </SatelliteInfo>
      <Payload>
        <PayloadItem PayloadHash="rDdtaLrTwJlf+cgEc8/L6WeW9G1HqBYKOgsfr3dbuMY=" PayloadSize="20409" Path="FeaturesOnDemand\sv-se\baseless\Microsoft-Windows-DNS-Tools-FoD-Package~31bf3856ad364e35~AMD64~sv-se~.cab" PayloadType="ExpressCab" />
        <PayloadItem PayloadHash="DI1cQ62fu0u1kXp9ch2GDAv8o6QWUBKthnxbR98dsyE=" PayloadSize="246016" Path="FeaturesOnDemand\sv-se\baseless\Microsoft-Windows-DNS-Tools-FoD-Package~31bf3856ad364e35~AMD64~sv-se~.psf" PayloadType="ExpressPSF" />
      </Payload>
    </Package>
    <Package ID="Microsoft-Windows-DNS-Tools-FoD-Package~31bf3856ad364e35~wow64~sv-se~" InstalledSize="13637" Version="10.0.17763.1">
      <SatelliteInfo>
        <ApplyToInfo>
          <ApplyTo Type="arch" Value="wow64" />
          <ApplyTo Type="language" Value="sv-SE" />
        </ApplyToInfo>
      </SatelliteInfo>
      <Payload>
        <PayloadItem PayloadHash="K133e8uafmC10OB1cI/43V2gpxKPzWTghKarQu18Ycw=" PayloadSize="18381" Path="FeaturesOnDemand\sv-se\baseless\Microsoft-Windows-DNS-Tools-FoD-Package~31bf3856ad364e35~wow64~sv-se~.cab" PayloadType="ExpressCab" />
        <PayloadItem PayloadHash="tWhDRjbEvrrXCYMI3104Pcg3tKg07XUDLwFU/1vWYWw=" PayloadSize="58986" Path="FeaturesOnDemand\sv-se\baseless\Microsoft-Windows-DNS-Tools-FoD-Package~31bf3856ad364e35~wow64~sv-se~.psf" PayloadType="ExpressPSF" />
      </Payload>
    </Package>
    <Package ID="Microsoft-Windows-FailoverCluster-Management-Tools-FOD-Package~31bf3856ad364e35~AMD64~sv-se~" InstalledSize="8973277" Version="10.0.17763.1">
      <SatelliteInfo>
        <ApplyToInfo>
          <ApplyTo Type="language" Value="sv-SE" />
        </ApplyToInfo>
      </SatelliteInfo>
      <Payload>
        <PayloadItem PayloadHash="BbRqBFRNXTRsMqofxcS5By45FK/iQuz20kMOjSzf9x4=" PayloadSize="26691" Path="FeaturesOnDemand\sv-se\baseless\Microsoft-Windows-FailoverCluster-Management-Tools-FOD-Package~31bf3856ad364e35~AMD64~sv-se~.cab" PayloadType="ExpressCab" />
        <PayloadItem PayloadHash="z3chPs51+FIrEzt4+VBapA8MoNOm2k4CLE+4tqavbNg=" PayloadSize="2475217" Path="FeaturesOnDemand\sv-se\baseless\Microsoft-Windows-FailoverCluster-Management-Tools-FOD-Package~31bf3856ad364e35~AMD64~sv-se~.psf" PayloadType="ExpressPSF" />
      </Payload>
    </Package>
    <Package ID="Microsoft-Windows-FailoverCluster-Management-Tools-FOD-Package~31bf3856ad364e35~wow64~sv-se~" InstalledSize="78423" Version="10.0.17763.1">
      <SatelliteInfo>
        <ApplyToInfo>
          <ApplyTo Type="arch" Value="wow64" />
          <ApplyTo Type="language" Value="sv-SE" />
        </ApplyToInfo>
      </SatelliteInfo>
      <Payload>
        <PayloadItem PayloadHash="IwjPX8yo/5Rf/7HrlTSEd9P20Alobahx5+DD/tD2nTU=" PayloadSize="20043" Path="FeaturesOnDemand\sv-se\baseless\Microsoft-Windows-FailoverCluster-Management-Tools-FOD-Package~31bf3856ad364e35~wow64~sv-se~.cab" PayloadType="ExpressCab" />
        <PayloadItem PayloadHash="7XvBmLfrm7nzZHSbMDLzfydBkh8I8pXpJlvrNJbE/Gk=" PayloadSize="88012" Path="FeaturesOnDemand\sv-se\baseless\Microsoft-Windows-FailoverCluster-Management-Tools-FOD-Package~31bf3856ad364e35~wow64~sv-se~.psf" PayloadType="ExpressPSF" />
      </Payload>
    </Package>
    <Package ID="Microsoft-Windows-FileServices-Tools-FoD-Package~31bf3856ad364e35~AMD64~sv-se~" InstalledSize="4167397" Version="10.0.17763.1">
      <SatelliteInfo>
        <ApplyToInfo>
          <ApplyTo Type="language" Value="sv-SE" />
        </ApplyToInfo>
      </SatelliteInfo>
      <Payload>
        <PayloadItem PayloadHash="+waYN/6JtFplFJCIreKDr9nYmBgTSgPI0XKje2pJV/Y=" PayloadSize="24391" Path="FeaturesOnDemand\sv-se\baseless\Microsoft-Windows-FileServices-Tools-FoD-Package~31bf3856ad364e35~AMD64~sv-se~.cab" PayloadType="ExpressCab" />
        <PayloadItem PayloadHash="Q2CpPEgSLH+6VHoKrcgliJB9IpTgFEqjeT6EQJ0JW/8=" PayloadSize="627983" Path="FeaturesOnDemand\sv-se\baseless\Microsoft-Windows-FileServices-Tools-FoD-Package~31bf3856ad364e35~AMD64~sv-se~.psf" PayloadType="ExpressPSF" />
      </Payload>
    </Package>
    <Package ID="Microsoft-Windows-FileServices-Tools-FoD-Package~31bf3856ad364e35~wow64~sv-se~" InstalledSize="180362" Version="10.0.17763.1">
      <SatelliteInfo>
        <ApplyToInfo>
          <ApplyTo Type="arch" Value="wow64" />
          <ApplyTo Type="language" Value="sv-SE" />
        </ApplyToInfo>
      </SatelliteInfo>
      <Payload>
        <PayloadItem PayloadHash="uXqWL5HTVhrRpt8pgldQN0XroiFj/OakNk41Gq7lknE=" PayloadSize="19373" Path="FeaturesOnDemand\sv-se\baseless\Microsoft-Windows-FileServices-Tools-FoD-Package~31bf3856ad364e35~wow64~sv-se~.cab" PayloadType="ExpressCab" />
        <PayloadItem PayloadHash="qHOPJIqZZS4xtNFIZBpwRVPWlgAyBbX2kw56FbeyCFE=" PayloadSize="87196" Path="FeaturesOnDemand\sv-se\baseless\Microsoft-Windows-FileServices-Tools-FoD-Package~31bf3856ad364e35~wow64~sv-se~.psf" PayloadType="ExpressPSF" />
      </Payload>
    </Package>
    <Package ID="Microsoft-Windows-GroupPolicy-Management-Tools-FoD-Package~31bf3856ad364e35~AMD64~sv-se~" InstalledSize="2326732" Version="10.0.17763.1">
      <SatelliteInfo>
        <ApplyToInfo>
          <ApplyTo Type="language" Value="sv-SE" />
        </ApplyToInfo>
      </SatelliteInfo>
      <Payload>
        <PayloadItem PayloadHash="1ZmJqY9vbszeI97r18JkT3Oqo51DTMlZFu6J6dh5HFk=" PayloadSize="22819" Path="FeaturesOnDemand\sv-se\baseless\Microsoft-Windows-GroupPolicy-Management-Tools-FoD-Package~31bf3856ad364e35~AMD64~sv-se~.cab" PayloadType="ExpressCab" />
        <PayloadItem PayloadHash="cxmnemi1/kXMDjn8KV1RWIarqko41j1h6e2zhgOvkLM=" PayloadSize="358132" Path="FeaturesOnDemand\sv-se\baseless\Microsoft-Windows-GroupPolicy-Management-Tools-FoD-Package~31bf3856ad364e35~AMD64~sv-se~.psf" PayloadType="ExpressPSF" />
      </Payload>
    </Package>
    <Package ID="Microsoft-Windows-GroupPolicy-Management-Tools-FoD-Package~31bf3856ad364e35~wow64~sv-se~" InstalledSize="321690" Version="10.0.17763.1">
      <SatelliteInfo>
        <ApplyToInfo>
          <ApplyTo Type="arch" Value="wow64" />
          <ApplyTo Type="language" Value="sv-SE" />
        </ApplyToInfo>
      </SatelliteInfo>
      <Payload>
        <PayloadItem PayloadHash="GRLJYIGe7UbvJjdfnwnh+mNtsmeRxoEt61OfYuycrDM=" PayloadSize="18695" Path="FeaturesOnDemand\sv-se\baseless\Microsoft-Windows-GroupPolicy-Management-Tools-FoD-Package~31bf3856ad364e35~wow64~sv-se~.cab" PayloadType="ExpressCab" />
        <PayloadItem PayloadHash="z77EOe6BuSCD+4I+GX+pstscIuV99dzvIO+gcdUfig0=" PayloadSize="100516" Path="FeaturesOnDemand\sv-se\baseless\Microsoft-Windows-GroupPolicy-Management-Tools-FoD-Package~31bf3856ad364e35~wow64~sv-se~.psf" PayloadType="ExpressPSF" />
      </Payload>
    </Package>
    <Package ID="Microsoft-Windows-IPAM-Client-FoD-Package~31bf3856ad364e35~AMD64~sv-se~" InstalledSize="105333" Version="10.0.17763.1">
      <SatelliteInfo>
        <ApplyToInfo>
          <ApplyTo Type="language" Value="sv-SE" />
        </ApplyToInfo>
      </SatelliteInfo>
      <Payload>
        <PayloadItem PayloadHash="AqhngykpmhJ7ecQP+dlFPI0f369KRXgsCjYW8JoFMXA=" PayloadSize="18969" Path="FeaturesOnDemand\sv-se\baseless\Microsoft-Windows-IPAM-Client-FoD-Package~31bf3856ad364e35~AMD64~sv-se~.cab" PayloadType="ExpressCab" />
        <PayloadItem PayloadHash="iLUp+nhf2MTPRd/t5qZR20WLz4e6EV/MD4WOVC+4Sao=" PayloadSize="71894" Path="FeaturesOnDemand\sv-se\baseless\Microsoft-Windows-IPAM-Client-FoD-Package~31bf3856ad364e35~AMD64~sv-se~.psf" PayloadType="ExpressPSF" />
      </Payload>
    </Package>
    <Package ID="Microsoft-Windows-IPAM-Client-FoD-Package~31bf3856ad364e35~wow64~sv-se~" InstalledSize="27580" Version="10.0.17763.1">
      <SatelliteInfo>
        <ApplyToInfo>
          <ApplyTo Type="arch" Value="wow64" />
          <ApplyTo Type="language" Value="sv-SE" />
        </ApplyToInfo>
      </SatelliteInfo>
      <Payload>
        <PayloadItem PayloadHash="Rr+poEBN1nxELHZhOg8L1O7E1IDKGeW/B2QKSbWoRNg=" PayloadSize="18721" Path="FeaturesOnDemand\sv-se\baseless\Microsoft-Windows-IPAM-Client-FoD-Package~31bf3856ad364e35~wow64~sv-se~.cab" PayloadType="ExpressCab" />
        <PayloadItem PayloadHash="1SHSKEUhMtrzRghF9peIx1tzvGoc6qUT+u+hVzx3AX8=" PayloadSize="61840" Path="FeaturesOnDemand\sv-se\baseless\Microsoft-Windows-IPAM-Client-FoD-Package~31bf3856ad364e35~wow64~sv-se~.psf" PayloadType="ExpressPSF" />
      </Payload>
    </Package>
    <Package ID="Microsoft-Windows-NetworkController-Tools-FoD-Package~31bf3856ad364e35~AMD64~sv-se~" InstalledSize="70044" Version="10.0.17763.1">
      <SatelliteInfo>
        <ApplyToInfo>
          <ApplyTo Type="language" Value="sv-SE" />
        </ApplyToInfo>
      </SatelliteInfo>
      <Payload>
        <PayloadItem PayloadHash="kzSIsz9GJciceaGNS/3nAQmYzZqUP4fytN2X5u4VAiY=" PayloadSize="18835" Path="FeaturesOnDemand\sv-se\baseless\Microsoft-Windows-NetworkController-Tools-FoD-Package~31bf3856ad364e35~AMD64~sv-se~.cab" PayloadType="ExpressCab" />
        <PayloadItem PayloadHash="AUxPkajL+LwdVG95vtF6w+Sz5F4+Me6PLLP3pVD/Di8=" PayloadSize="79819" Path="FeaturesOnDemand\sv-se\baseless\Microsoft-Windows-NetworkController-Tools-FoD-Package~31bf3856ad364e35~AMD64~sv-se~.psf" PayloadType="ExpressPSF" />
      </Payload>
    </Package>
    <Package ID="Microsoft-Windows-NetworkLoadBalancing-Tools-FoD-Package~31bf3856ad364e35~AMD64~sv-se~" InstalledSize="227800" Version="10.0.17763.1">
      <SatelliteInfo>
        <ApplyToInfo>
          <ApplyTo Type="language" Value="sv-SE" />
        </ApplyToInfo>
      </SatelliteInfo>
      <Payload>
        <PayloadItem PayloadHash="wqG040MoaDU/WKeF1IxchKZLrvhRGtXkxOFN2UgykfA=" PayloadSize="19353" Path="FeaturesOnDemand\sv-se\baseless\Microsoft-Windows-NetworkLoadBalancing-Tools-FoD-Package~31bf3856ad364e35~AMD64~sv-se~.cab" PayloadType="ExpressCab" />
        <PayloadItem PayloadHash="2nL8W1Wc8leucHPqov5OcOOb2tcNkUHxRF1XNSyPun0=" PayloadSize="98567" Path="FeaturesOnDemand\sv-se\baseless\Microsoft-Windows-NetworkLoadBalancing-Tools-FoD-Package~31bf3856ad364e35~AMD64~sv-se~.psf" PayloadType="ExpressPSF" />
      </Payload>
    </Package>
    <Package ID="Microsoft-Windows-RasCMAK-Client-Package~31bf3856ad364e35~AMD64~sv-se~" InstalledSize="225861" Version="10.0.17763.1">
      <SatelliteInfo>
        <ApplyToInfo>
          <ApplyTo Type="language" Value="sv-SE" />
        </ApplyToInfo>
      </SatelliteInfo>
      <Payload>
        <PayloadItem PayloadHash="zCI5+zm3e/G6D3W7Lo0aRiun2uhX0Kl4x9CxAlRAR5s=" PayloadSize="19187" Path="FeaturesOnDemand\sv-se\baseless\Microsoft-Windows-RasCMAK-Client-Package~31bf3856ad364e35~AMD64~sv-se~.cab" PayloadType="ExpressCab" />
        <PayloadItem PayloadHash="lm/siD5FXCyQmS2VDKFtgt80PCrVJmtlmwAKCgY6Y6Q=" PayloadSize="125119" Path="FeaturesOnDemand\sv-se\baseless\Microsoft-Windows-RasCMAK-Client-Package~31bf3856ad364e35~AMD64~sv-se~.psf" PayloadType="ExpressPSF" />
      </Payload>
    </Package>
    <Package ID="Microsoft-Windows-RasCMAK-Client-Package~31bf3856ad364e35~wow64~sv-se~" InstalledSize="489441" Version="10.0.17763.1">
      <SatelliteInfo>
        <ApplyToInfo>
          <ApplyTo Type="arch" Value="wow64" />
          <ApplyTo Type="language" Value="sv-SE" />
        </ApplyToInfo>
      </SatelliteInfo>
      <Payload>
        <PayloadItem PayloadHash="M8YhATCAqDy+nnQSRFTtl6SdzOGCYyezb+l4KaKfsqU=" PayloadSize="19105" Path="FeaturesOnDemand\sv-se\baseless\Microsoft-Windows-RasCMAK-Client-Package~31bf3856ad364e35~wow64~sv-se~.cab" PayloadType="ExpressCab" />
        <PayloadItem PayloadHash="96xbc+03lNHMGlULFKvNGAJMbsWWsB3K53+enY6aqmU=" PayloadSize="400638" Path="FeaturesOnDemand\sv-se\baseless\Microsoft-Windows-RasCMAK-Client-Package~31bf3856ad364e35~wow64~sv-se~.psf" PayloadType="ExpressPSF" />
      </Payload>
    </Package>
    <Package ID="Microsoft-Windows-RasRip-Package~31bf3856ad364e35~AMD64~sv-se~" InstalledSize="27740" Version="10.0.17763.1">
      <SatelliteInfo>
        <ApplyToInfo>
          <ApplyTo Type="language" Value="sv-SE" />
        </ApplyToInfo>
      </SatelliteInfo>
      <Payload>
        <PayloadItem PayloadHash="4jX0G78VXl3xKoFtaG0JkRJNM3fYd7m7ttniduvi8jk=" PayloadSize="18545" Path="FeaturesOnDemand\sv-se\baseless\Microsoft-Windows-RasRip-Package~31bf3856ad364e35~AMD64~sv-se~.cab" PayloadType="ExpressCab" />
        <PayloadItem PayloadHash="wgKGcamLCvwMgz1Vfj7hR7ryr4TpgzpdKhGPfc6HxdA=" PayloadSize="61957" Path="FeaturesOnDemand\sv-se\baseless\Microsoft-Windows-RasRip-Package~31bf3856ad364e35~AMD64~sv-se~.psf" PayloadType="ExpressPSF" />
      </Payload>
    </Package>
    <Package ID="Microsoft-Windows-RemoteAccess-Management-Tools-FoD-Package~31bf3856ad364e35~AMD64~sv-se~" InstalledSize="18593033" Version="10.0.17763.1">
      <SatelliteInfo>
        <ApplyToInfo>
          <ApplyTo Type="language" Value="sv-SE" />
        </ApplyToInfo>
      </SatelliteInfo>
      <Payload>
        <PayloadItem PayloadHash="+YbHGb1UUxqRZduuKLH4I3sPzfxWv+8IJH4JQqfLOsA=" PayloadSize="21485" Path="FeaturesOnDemand\sv-se\baseless\Microsoft-Windows-RemoteAccess-Management-Tools-FoD-Package~31bf3856ad364e35~AMD64~sv-se~.cab" PayloadType="ExpressCab" />
        <PayloadItem PayloadHash="physwWr3FcOlrRX5zoeTEmCyKlGeXLarT6sn31010q4=" PayloadSize="3406238" Path="FeaturesOnDemand\sv-se\baseless\Microsoft-Windows-RemoteAccess-Management-Tools-FoD-Package~31bf3856ad364e35~AMD64~sv-se~.psf" PayloadType="ExpressPSF" />
      </Payload>
    </Package>
    <Package ID="Microsoft-Windows-RemoteAccess-Management-Tools-FoD-Package~31bf3856ad364e35~wow64~sv-se~" InstalledSize="13523" Version="10.0.17763.1">
      <SatelliteInfo>
        <ApplyToInfo>
          <ApplyTo Type="arch" Value="wow64" />
          <ApplyTo Type="language" Value="sv-SE" />
        </ApplyToInfo>
      </SatelliteInfo>
      <Payload>
        <PayloadItem PayloadHash="g59DnoibwcX+jhKsGZFHdzjN64KJge7y0jaBYt/2fEA=" PayloadSize="18627" Path="FeaturesOnDemand\sv-se\baseless\Microsoft-Windows-RemoteAccess-Management-Tools-FoD-Package~31bf3856ad364e35~wow64~sv-se~.cab" PayloadType="ExpressCab" />
        <PayloadItem PayloadHash="/WrUJpXirYhysF2ubefhpxUbLexuXazSOTpC4mSfu0w=" PayloadSize="58908" Path="FeaturesOnDemand\sv-se\baseless\Microsoft-Windows-RemoteAccess-Management-Tools-FoD-Package~31bf3856ad364e35~wow64~sv-se~.psf" PayloadType="ExpressPSF" />
      </Payload>
    </Package>
    <Package ID="Microsoft-Windows-RemoteDesktop-Services-Tools-FoD-Package~31bf3856ad364e35~AMD64~sv-se~" InstalledSize="1524479" Version="10.0.17763.1">
      <SatelliteInfo>
        <ApplyToInfo>
          <ApplyTo Type="language" Value="sv-SE" />
        </ApplyToInfo>
      </SatelliteInfo>
      <Payload>
        <PayloadItem PayloadHash="uXvjx01ufHu8EMBry9u9896eASkItZXKG0p19zJpixM=" PayloadSize="20665" Path="FeaturesOnDemand\sv-se\baseless\Microsoft-Windows-RemoteDesktop-Services-Tools-FoD-Package~31bf3856ad364e35~AMD64~sv-se~.cab" PayloadType="ExpressCab" />
        <PayloadItem PayloadHash="EEu4nrp1+hE/4HlvQuW6hQPHuAmh85Y0Z/8fgK70M4o=" PayloadSize="307050" Path="FeaturesOnDemand\sv-se\baseless\Microsoft-Windows-RemoteDesktop-Services-Tools-FoD-Package~31bf3856ad364e35~AMD64~sv-se~.psf" PayloadType="ExpressPSF" />
      </Payload>
    </Package>
    <Package ID="Microsoft-Windows-Server-AppCompat-FoD-Package~31bf3856ad364e35~AMD64~sv-se~" InstalledSize="28158333" Version="10.0.17763.1">
      <SatelliteInfo>
        <ApplyToInfo>
          <ApplyTo Type="language" Value="sv-SE" />
        </ApplyToInfo>
      </SatelliteInfo>
      <Payload>
        <PayloadItem PayloadHash="fH7X+xE8y/cT1MV9dsVMYTcAHxJtJ18+l4UQtJ7B4jw=" PayloadSize="95923" Path="FeaturesOnDemand\sv-se\baseless\Microsoft-Windows-Server-AppCompat-FoD-Package~31bf3856ad364e35~AMD64~sv-se~.cab" PayloadType="ExpressCab" />
        <PayloadItem PayloadHash="NdyAkrRaqwro6VLgpULE20M/sH20sbVL0Hbmm5f3QHU=" PayloadSize="6844774" Path="FeaturesOnDemand\sv-se\baseless\Microsoft-Windows-Server-AppCompat-FoD-Package~31bf3856ad364e35~AMD64~sv-se~.psf" PayloadType="ExpressPSF" />
      </Payload>
    </Package>
    <Package ID="Microsoft-Windows-ServerManager-Tools-FoD-Package~31bf3856ad364e35~AMD64~sv-se~" InstalledSize="11897310" Version="10.0.17763.1">
      <SatelliteInfo>
        <ApplyToInfo>
          <ApplyTo Type="language" Value="sv-SE" />
        </ApplyToInfo>
      </SatelliteInfo>
      <Payload>
        <PayloadItem PayloadHash="0QzbjpCGYWeWL+S7yEPRD7HSdJyeT7N+Ibm3ccKz9XQ=" PayloadSize="38347" Path="FeaturesOnDemand\sv-se\baseless\Microsoft-Windows-ServerManager-Tools-FoD-Package~31bf3856ad364e35~AMD64~sv-se~.cab" PayloadType="ExpressCab" />
        <PayloadItem PayloadHash="y6jClD2XdCcekRBc9k0e5kZBwaA8G2IRvAACXiV0ogI=" PayloadSize="2330312" Path="FeaturesOnDemand\sv-se\baseless\Microsoft-Windows-ServerManager-Tools-FoD-Package~31bf3856ad364e35~AMD64~sv-se~.psf" PayloadType="ExpressPSF" />
      </Payload>
    </Package>
    <Package ID="Microsoft-Windows-ServerManager-Tools-FoD-Package~31bf3856ad364e35~wow64~sv-se~" InstalledSize="1214987" Version="10.0.17763.1">
      <SatelliteInfo>
        <ApplyToInfo>
          <ApplyTo Type="arch" Value="wow64" />
          <ApplyTo Type="language" Value="sv-SE" />
        </ApplyToInfo>
      </SatelliteInfo>
      <Payload>
        <PayloadItem PayloadHash="Ta0vIJKX+ZDnTbGOhwKkRlDJOcsU1AzKAo8BK5tvus4=" PayloadSize="19685" Path="FeaturesOnDemand\sv-se\baseless\Microsoft-Windows-ServerManager-Tools-FoD-Package~31bf3856ad364e35~wow64~sv-se~.cab" PayloadType="ExpressCab" />
        <PayloadItem PayloadHash="EtJwiMtApXDMmActPQZ1aoJ3+4UEsBrhPTw3D4+31QA=" PayloadSize="366405" Path="FeaturesOnDemand\sv-se\baseless\Microsoft-Windows-ServerManager-Tools-FoD-Package~31bf3856ad364e35~wow64~sv-se~.psf" PayloadType="ExpressPSF" />
      </Payload>
    </Package>
    <Package ID="Microsoft-Windows-Shielded-VM-Tools-FoD-Package~31bf3856ad364e35~AMD64~sv-se~" InstalledSize="392245" Version="10.0.17763.1">
      <SatelliteInfo>
        <ApplyToInfo>
          <ApplyTo Type="language" Value="sv-SE" />
        </ApplyToInfo>
      </SatelliteInfo>
      <Payload>
        <PayloadItem PayloadHash="b9IT8t+8BySDLjuDklI79xhxH4TlQFb0Zoyhd4DrX4k=" PayloadSize="23843" Path="FeaturesOnDemand\sv-se\baseless\Microsoft-Windows-Shielded-VM-Tools-FoD-Package~31bf3856ad364e35~AMD64~sv-se~.cab" PayloadType="ExpressCab" />
        <PayloadItem PayloadHash="jANHRSAp21XeVZlPAexjPrzWjLH/ENablxN0moQ6ylI=" PayloadSize="181870" Path="FeaturesOnDemand\sv-se\baseless\Microsoft-Windows-Shielded-VM-Tools-FoD-Package~31bf3856ad364e35~AMD64~sv-se~.psf" PayloadType="ExpressPSF" />
      </Payload>
    </Package>
    <Package ID="Microsoft-Windows-SNMP-Client-Package~31bf3856ad364e35~AMD64~sv-se~" InstalledSize="138733" Version="10.0.17763.1">
      <SatelliteInfo>
        <ApplyToInfo>
          <ApplyTo Type="language" Value="sv-SE" />
        </ApplyToInfo>
      </SatelliteInfo>
      <Payload>
        <PayloadItem PayloadHash="u2o210qotew8DN+sMoC6W7jAmQ1Wq9DvNRP+aWQTweo=" PayloadSize="20505" Path="FeaturesOnDemand\sv-se\baseless\Microsoft-Windows-SNMP-Client-Package~31bf3856ad364e35~AMD64~sv-se~.cab" PayloadType="ExpressCab" />
        <PayloadItem PayloadHash="2xiTyn1PHu9X7DjiHFRkXW11SS5T0M6XMJZUFZ5dwY4=" PayloadSize="102651" Path="FeaturesOnDemand\sv-se\baseless\Microsoft-Windows-SNMP-Client-Package~31bf3856ad364e35~AMD64~sv-se~.psf" PayloadType="ExpressPSF" />
      </Payload>
    </Package>
    <Package ID="Microsoft-Windows-SNMP-Client-Package~31bf3856ad364e35~wow64~sv-se~" InstalledSize="139076" Version="10.0.17763.1">
      <SatelliteInfo>
        <ApplyToInfo>
          <ApplyTo Type="arch" Value="wow64" />
          <ApplyTo Type="language" Value="sv-SE" />
        </ApplyToInfo>
      </SatelliteInfo>
      <Payload>
        <PayloadItem PayloadHash="/vMmmzdlfsdotjXa4LQXE7BInxjEHdtVwgQBg2bZAjI=" PayloadSize="20541" Path="FeaturesOnDemand\sv-se\baseless\Microsoft-Windows-SNMP-Client-Package~31bf3856ad364e35~wow64~sv-se~.cab" PayloadType="ExpressCab" />
        <PayloadItem PayloadHash="K7Y9j4VSFd/pbPzy+/c2LaiS15iggU+69K5Wk9qHz/0=" PayloadSize="102860" Path="FeaturesOnDemand\sv-se\baseless\Microsoft-Windows-SNMP-Client-Package~31bf3856ad364e35~wow64~sv-se~.psf" PayloadType="ExpressPSF" />
      </Payload>
    </Package>
    <Package ID="Microsoft-Windows-StorageManagement-FoD-Package~31bf3856ad364e35~AMD64~sv-se~" InstalledSize="1618622" Version="10.0.17763.1">
      <SatelliteInfo>
        <ApplyToInfo>
          <ApplyTo Type="language" Value="sv-SE" />
        </ApplyToInfo>
      </SatelliteInfo>
      <Payload>
        <PayloadItem PayloadHash="NWAkBWBhlgQlIaLgoYrPM17sVnw3ivk3efjvhPQ2Yi8=" PayloadSize="21637" Path="FeaturesOnDemand\sv-se\baseless\Microsoft-Windows-StorageManagement-FoD-Package~31bf3856ad364e35~AMD64~sv-se~.cab" PayloadType="ExpressCab" />
        <PayloadItem PayloadHash="t1umIF1qeJw4DozC2wH6OuZpgI5ljSyhr9a/C/7BudY=" PayloadSize="210410" Path="FeaturesOnDemand\sv-se\baseless\Microsoft-Windows-StorageManagement-FoD-Package~31bf3856ad364e35~AMD64~sv-se~.psf" PayloadType="ExpressPSF" />
      </Payload>
    </Package>
    <Package ID="Microsoft-Windows-StorageManagement-FoD-Package~31bf3856ad364e35~wow64~sv-se~" InstalledSize="1119988" Version="10.0.17763.1">
      <SatelliteInfo>
        <ApplyToInfo>
          <ApplyTo Type="arch" Value="wow64" />
          <ApplyTo Type="language" Value="sv-SE" />
        </ApplyToInfo>
      </SatelliteInfo>
      <Payload>
        <PayloadItem PayloadHash="/RDn5YxBvmd15yOZW2WfKb6xdIHHt0b+nxlsEMz+XKY=" PayloadSize="20429" Path="FeaturesOnDemand\sv-se\baseless\Microsoft-Windows-StorageManagement-FoD-Package~31bf3856ad364e35~wow64~sv-se~.cab" PayloadType="ExpressCab" />
        <PayloadItem PayloadHash="I3ip5YWhyXhHodcobSf9+T1MZ32tvGPvfreSXaT007A=" PayloadSize="140893" Path="FeaturesOnDemand\sv-se\baseless\Microsoft-Windows-StorageManagement-FoD-Package~31bf3856ad364e35~wow64~sv-se~.psf" PayloadType="ExpressPSF" />
      </Payload>
    </Package>
    <Package ID="Microsoft-Windows-StorageMigrationService-Management-Tools-FOD-Package~31bf3856ad364e35~AMD64~sv-se~" InstalledSize="56954" Version="10.0.17763.1">
      <SatelliteInfo>
        <ApplyToInfo>
          <ApplyTo Type="language" Value="sv-SE" />
        </ApplyToInfo>
      </SatelliteInfo>
      <Payload>
        <PayloadItem PayloadHash="atuiqKjFq4tfdcKTFLk63eqAIrQlAMB1/h7yTBcqUNg=" PayloadSize="19003" Path="FeaturesOnDemand\sv-se\baseless\Microsoft-Windows-StorageMigrationService-Management-Tools-FOD-Package~31bf3856ad364e35~AMD64~sv-se~.cab" PayloadType="ExpressCab" />
        <PayloadItem PayloadHash="JnqDxXZYAMajBLBIXzFZfHFWCqH4Js6rv2GZezahd5I=" PayloadSize="73464" Path="FeaturesOnDemand\sv-se\baseless\Microsoft-Windows-StorageMigrationService-Management-Tools-FOD-Package~31bf3856ad364e35~AMD64~sv-se~.psf" PayloadType="ExpressPSF" />
      </Payload>
    </Package>
    <Package ID="Microsoft-Windows-StorageReplica-Tools-FoD-Package~31bf3856ad364e35~AMD64~sv-se~" InstalledSize="401654" Version="10.0.17763.1">
      <SatelliteInfo>
        <ApplyToInfo>
          <ApplyTo Type="language" Value="sv-SE" />
        </ApplyToInfo>
      </SatelliteInfo>
      <Payload>
        <PayloadItem PayloadHash="sf53k99/gU1QwebhIqFZqrlLjnmzy0qc3vF5KBb9zf8=" PayloadSize="19177" Path="FeaturesOnDemand\sv-se\baseless\Microsoft-Windows-StorageReplica-Tools-FoD-Package~31bf3856ad364e35~AMD64~sv-se~.cab" PayloadType="ExpressCab" />
        <PayloadItem PayloadHash="jOoSdr+IIJzkrSlTjO3H6V657bWAJyRcpgQifUl/i+4=" PayloadSize="116838" Path="FeaturesOnDemand\sv-se\baseless\Microsoft-Windows-StorageReplica-Tools-FoD-Package~31bf3856ad364e35~AMD64~sv-se~.psf" PayloadType="ExpressPSF" />
      </Payload>
    </Package>
    <Package ID="Microsoft-Windows-SystemInsights-Management-Tools-FOD-Package~31bf3856ad364e35~AMD64~sv-se~" InstalledSize="41445" Version="10.0.17763.1">
      <SatelliteInfo>
        <ApplyToInfo>
          <ApplyTo Type="language" Value="sv-SE" />
        </ApplyToInfo>
      </SatelliteInfo>
      <Payload>
        <PayloadItem PayloadHash="Wa1sqYlHCpXSX7CuOUww/wzHxeCGMtby9x43Xop2oGA=" PayloadSize="18991" Path="FeaturesOnDemand\sv-se\baseless\Microsoft-Windows-SystemInsights-Management-Tools-FOD-Package~31bf3856ad364e35~AMD64~sv-se~.cab" PayloadType="ExpressCab" />
        <PayloadItem PayloadHash="YFAzala851bVaIHmEn1b/0nT2UoiIuO81M7YCIfFYEI=" PayloadSize="70319" Path="FeaturesOnDemand\sv-se\baseless\Microsoft-Windows-SystemInsights-Management-Tools-FOD-Package~31bf3856ad364e35~AMD64~sv-se~.psf" PayloadType="ExpressPSF" />
      </Payload>
    </Package>
    <Package ID="Microsoft-Windows-VolumeActivation-Tools-FoD-Package~31bf3856ad364e35~AMD64~sv-se~" InstalledSize="226649" Version="10.0.17763.1">
      <SatelliteInfo>
        <ApplyToInfo>
          <ApplyTo Type="language" Value="sv-SE" />
        </ApplyToInfo>
      </SatelliteInfo>
      <Payload>
        <PayloadItem PayloadHash="GA6Hyn+bucm8azmPHHWwBLo07/j6gL3ORt/LXjQ8O4w=" PayloadSize="18445" Path="FeaturesOnDemand\sv-se\baseless\Microsoft-Windows-VolumeActivation-Tools-FoD-Package~31bf3856ad364e35~AMD64~sv-se~.cab" PayloadType="ExpressCab" />
        <PayloadItem PayloadHash="/ImzGlZV9n7R3zWf0yH2TT165YJRZ+uvuznSAGF1q54=" PayloadSize="181241" Path="FeaturesOnDemand\sv-se\baseless\Microsoft-Windows-VolumeActivation-Tools-FoD-Package~31bf3856ad364e35~AMD64~sv-se~.psf" PayloadType="ExpressPSF" />
      </Payload>
    </Package>
    <Package ID="Microsoft-Windows-WMI-SNMP-Provider-Client-Package~31bf3856ad364e35~AMD64~sv-se~" InstalledSize="57180" Version="10.0.17763.1">
      <SatelliteInfo>
        <ApplyToInfo>
          <ApplyTo Type="language" Value="sv-SE" />
        </ApplyToInfo>
      </SatelliteInfo>
      <Payload>
        <PayloadItem PayloadHash="UjLMNlDWb9XnzNeOGTQ0A8bEJ0rymAo3x3OaF6HvOVI=" PayloadSize="19303" Path="FeaturesOnDemand\sv-se\baseless\Microsoft-Windows-WMI-SNMP-Provider-Client-Package~31bf3856ad364e35~AMD64~sv-se~.cab" PayloadType="ExpressCab" />
        <PayloadItem PayloadHash="uZNGFXEoewAXBPY8EZlLS2mUpYyMydlx0iwICgc03BM=" PayloadSize="74162" Path="FeaturesOnDemand\sv-se\baseless\Microsoft-Windows-WMI-SNMP-Provider-Client-Package~31bf3856ad364e35~AMD64~sv-se~.psf" PayloadType="ExpressPSF" />
      </Payload>
    </Package>
    <Package ID="Microsoft-Windows-WMI-SNMP-Provider-Client-Package~31bf3856ad364e35~wow64~sv-se~" InstalledSize="57064" Version="10.0.17763.1">
      <SatelliteInfo>
        <ApplyToInfo>
          <ApplyTo Type="arch" Value="wow64" />
          <ApplyTo Type="language" Value="sv-SE" />
        </ApplyToInfo>
      </SatelliteInfo>
      <Payload>
        <PayloadItem PayloadHash="ikkv8dOtLEN+ry1q5KS4rMQm4PDa0gXyZsx3TV/2Lts=" PayloadSize="19323" Path="FeaturesOnDemand\sv-se\baseless\Microsoft-Windows-WMI-SNMP-Provider-Client-Package~31bf3856ad364e35~wow64~sv-se~.cab" PayloadType="ExpressCab" />
        <PayloadItem PayloadHash="HWg/5N/VDMbqVp4IARe1JF5N8mD1LI58yjXEyDz1UIM=" PayloadSize="73869" Path="FeaturesOnDemand\sv-se\baseless\Microsoft-Windows-WMI-SNMP-Provider-Client-Package~31bf3856ad364e35~wow64~sv-se~.psf" PayloadType="ExpressPSF" />
      </Payload>
    </Package>
    <Package ID="Microsoft-Windows-WSUS-Tools-FoD-Package~31bf3856ad364e35~AMD64~sv-se~" InstalledSize="2940126" Version="10.0.17763.1">
      <SatelliteInfo>
        <ApplyToInfo>
          <ApplyTo Type="language" Value="sv-SE" />
        </ApplyToInfo>
      </SatelliteInfo>
      <Payload>
        <PayloadItem PayloadHash="TxUuHbvVS+9Z4ZVzjcrB81Qha/UuzYBbGK/Rr5QRCw0=" PayloadSize="19531" Path="FeaturesOnDemand\sv-se\baseless\Microsoft-Windows-WSUS-Tools-FoD-Package~31bf3856ad364e35~AMD64~sv-se~.cab" PayloadType="ExpressCab" />
        <PayloadItem PayloadHash="glyMnq+fzVcNu8vNMgfJTzSLqPKzj7/TUl3Z3+OYxcc=" PayloadSize="397774" Path="FeaturesOnDemand\sv-se\baseless\Microsoft-Windows-WSUS-Tools-FoD-Package~31bf3856ad364e35~AMD64~sv-se~.psf" PayloadType="ExpressPSF" />
      </Payload>
    </Package>
  </Packages>
</CompDB>