<?xml version="1.0" encoding="utf-8"?>
<CompDB xmlns:xsi="http://www.w3.org/2001/XMLSchema-instance" xmlns:xsd="http://www.w3.org/2001/XMLSchema" CreatedDate="2018-11-15T21:48:16.3818194Z" Revision="1" SchemaVersion="1.2" Product="Desktop" BuildID="80154b57-1148-3590-c1b9-d2ce93ee1fac" BuildInfo="rs5_release.17763.1.180914-1434" OSVersion="10.0.17763.1" BuildArch="amd64" ReleaseType="Production" Type="Baseless" xmlns="http://schemas.microsoft.com/embedded/2004/10/ImageUpdate">
  <Tags Type="Language">
    <Tag Name="Language" Value="hr-HR" />
    <Tag Name="UpdateType" Value="Baseless" />
  </Tags>
  <Features>
    <Feature Type="LanguagePack" FeatureID="Language.UI.Server~hr-hr" FMID="MSDL" Group="Microsoft">
      <Packages>
        <Package ID="Microsoft-Windows-Server-LanguagePack-Package_hr-hr~31bf3856ad364e35~amd64~hr-hr~" PackageType="FeaturePackage" />
      </Packages>
    </Feature>
    <Feature Type="OnDemandFeature" FeatureID="Microsoft.Onecore.StorageManagement~~1.0" FMID="MSDN" Group="Microsoft">
      <Packages>
        <Package ID="Microsoft-OneCore-StorageManagement-FoD-Package~31bf3856ad364e35~AMD64~hr-hr~" PackageType="SatellitePackage" />
        <Package ID="Microsoft-OneCore-StorageManagement-FoD-Package~31bf3856ad364e35~wow64~hr-hr~" PackageType="SatellitePackage" />
      </Packages>
    </Feature>
    <Feature Type="OnDemandFeature" FeatureID="Rsat.ActiveDirectory.DS-LDS.Tools~~1.0" FMID="MSDN" Group="Microsoft">
      <Dependencies>
        <Feature FeatureID="Rsat.ServerManager.Tools~~1.0" />
      </Dependencies>
      <Packages>
        <Package ID="Microsoft-Windows-ActiveDirectory-DS-LDS-Tools-FoD-Package~31bf3856ad364e35~AMD64~hr-hr~" PackageType="SatellitePackage" />
        <Package ID="Microsoft-Windows-ActiveDirectory-DS-LDS-Tools-FoD-Package~31bf3856ad364e35~wow64~hr-hr~" PackageType="SatellitePackage" />
      </Packages>
    </Feature>
    <Feature Type="OnDemandFeature" FeatureID="Rsat.BitLocker.Recovery.Tools~~1.0" FMID="MSDN" Group="Microsoft">
      <Dependencies>
        <Feature FeatureID="Rsat.ActiveDirectory.DS-LDS.Tools~~1.0" />
      </Dependencies>
      <Packages>
        <Package ID="Microsoft-Windows-BitLocker-Recovery-Tools-FoD-Package~31bf3856ad364e35~AMD64~hr-hr~" PackageType="SatellitePackage" />
      </Packages>
    </Feature>
    <Feature Type="OnDemandFeature" FeatureID="Rsat.CertificateServices.Tools~~1.0" FMID="MSDN" Group="Microsoft">
      <Packages>
        <Package ID="Microsoft-Windows-CertificateServices-Tools-FoD-Package~31bf3856ad364e35~AMD64~hr-hr~" PackageType="SatellitePackage" />
      </Packages>
    </Feature>
    <Feature Type="OnDemandFeature" FeatureID="Rsat.DHCP.Tools~~1.0" FMID="MSDN" Group="Microsoft">
      <Packages>
        <Package ID="Microsoft-Windows-DHCP-Tools-FoD-Package~31bf3856ad364e35~AMD64~hr-hr~" PackageType="SatellitePackage" />
        <Package ID="Microsoft-Windows-DHCP-Tools-FoD-Package~31bf3856ad364e35~wow64~hr-hr~" PackageType="SatellitePackage" />
      </Packages>
    </Feature>
    <Feature Type="OnDemandFeature" FeatureID="Rsat.Dns.Tools~~1.0" FMID="MSDN" Group="Microsoft">
      <Packages>
        <Package ID="Microsoft-Windows-DNS-Tools-FoD-Package~31bf3856ad364e35~AMD64~hr-hr~" PackageType="SatellitePackage" />
        <Package ID="Microsoft-Windows-DNS-Tools-FoD-Package~31bf3856ad364e35~wow64~hr-hr~" PackageType="SatellitePackage" />
      </Packages>
    </Feature>
    <Feature Type="OnDemandFeature" FeatureID="Rsat.FailoverCluster.Management.Tools~~1.0" FMID="MSDN" Group="Microsoft">
      <Dependencies>
        <Feature FeatureID="Rsat.FileServices.Tools~~1.0" />
      </Dependencies>
      <Packages>
        <Package ID="Microsoft-Windows-FailoverCluster-Management-Tools-FOD-Package~31bf3856ad364e35~AMD64~hr-hr~" PackageType="SatellitePackage" />
        <Package ID="Microsoft-Windows-FailoverCluster-Management-Tools-FOD-Package~31bf3856ad364e35~wow64~hr-hr~" PackageType="SatellitePackage" />
      </Packages>
    </Feature>
    <Feature Type="OnDemandFeature" FeatureID="Rsat.FileServices.Tools~~1.0" FMID="MSDN" Group="Microsoft">
      <Dependencies>
        <Feature FeatureID="Rsat.ServerManager.Tools~~1.0" />
      </Dependencies>
      <Packages>
        <Package ID="Microsoft-Windows-FileServices-Tools-FoD-Package~31bf3856ad364e35~AMD64~hr-hr~" PackageType="SatellitePackage" />
        <Package ID="Microsoft-Windows-FileServices-Tools-FoD-Package~31bf3856ad364e35~wow64~hr-hr~" PackageType="SatellitePackage" />
      </Packages>
    </Feature>
    <Feature Type="OnDemandFeature" FeatureID="Rsat.GroupPolicy.Management.Tools~~1.0" FMID="MSDN" Group="Microsoft">
      <Packages>
        <Package ID="Microsoft-Windows-GroupPolicy-Management-Tools-FoD-Package~31bf3856ad364e35~AMD64~hr-hr~" PackageType="SatellitePackage" />
        <Package ID="Microsoft-Windows-GroupPolicy-Management-Tools-FoD-Package~31bf3856ad364e35~wow64~hr-hr~" PackageType="SatellitePackage" />
      </Packages>
    </Feature>
    <Feature Type="OnDemandFeature" FeatureID="Rsat.IPAM.Client.Tools~~1.0" FMID="MSDN" Group="Microsoft">
      <Dependencies>
        <Feature FeatureID="Rsat.ServerManager.Tools~~1.0" />
      </Dependencies>
      <Packages>
        <Package ID="Microsoft-Windows-IPAM-Client-FoD-Package~31bf3856ad364e35~AMD64~hr-hr~" PackageType="SatellitePackage" />
        <Package ID="Microsoft-Windows-IPAM-Client-FoD-Package~31bf3856ad364e35~wow64~hr-hr~" PackageType="SatellitePackage" />
      </Packages>
    </Feature>
    <Feature Type="OnDemandFeature" FeatureID="Rsat.NetworkController.Tools~~1.0" FMID="MSDN" Group="Microsoft">
      <Packages>
        <Package ID="Microsoft-Windows-NetworkController-Tools-FoD-Package~31bf3856ad364e35~AMD64~hr-hr~" PackageType="SatellitePackage" />
      </Packages>
    </Feature>
    <Feature Type="OnDemandFeature" FeatureID="Rsat.NetworkLoadBalancing.Tools~~1.0" FMID="MSDN" Group="Microsoft">
      <Packages>
        <Package ID="Microsoft-Windows-NetworkLoadBalancing-Tools-FoD-Package~31bf3856ad364e35~AMD64~hr-hr~" PackageType="SatellitePackage" />
      </Packages>
    </Feature>
    <Feature Type="OnDemandFeature" FeatureID="RasCMAK.Client~~1.0" FMID="MSDN" Group="Microsoft">
      <Packages>
        <Package ID="Microsoft-Windows-RasCMAK-Client-Package~31bf3856ad364e35~AMD64~hr-hr~" PackageType="SatellitePackage" />
        <Package ID="Microsoft-Windows-RasCMAK-Client-Package~31bf3856ad364e35~wow64~hr-hr~" PackageType="SatellitePackage" />
      </Packages>
    </Feature>
    <Feature Type="OnDemandFeature" FeatureID="RIP.Listener~~1.0" FMID="MSDN" Group="Microsoft">
      <Packages>
        <Package ID="Microsoft-Windows-RasRip-Package~31bf3856ad364e35~AMD64~hr-hr~" PackageType="SatellitePackage" />
      </Packages>
    </Feature>
    <Feature Type="OnDemandFeature" FeatureID="Rsat.RemoteAccess.Management.Tools~~1.0" FMID="MSDN" Group="Microsoft">
      <Dependencies>
        <Feature FeatureID="Rsat.GroupPolicy.Management.Tools~~1.0" />
        <Feature FeatureID="Rsat.ServerManager.Tools~~1.0" />
      </Dependencies>
      <Packages>
        <Package ID="Microsoft-Windows-RemoteAccess-Management-Tools-FoD-Package~31bf3856ad364e35~AMD64~hr-hr~" PackageType="SatellitePackage" />
        <Package ID="Microsoft-Windows-RemoteAccess-Management-Tools-FoD-Package~31bf3856ad364e35~wow64~hr-hr~" PackageType="SatellitePackage" />
      </Packages>
    </Feature>
    <Feature Type="OnDemandFeature" FeatureID="Rsat.RemoteDesktop.Services.Tools~~1.0" FMID="MSDN" Group="Microsoft">
      <Packages>
        <Package ID="Microsoft-Windows-RemoteDesktop-Services-Tools-FoD-Package~31bf3856ad364e35~AMD64~hr-hr~" PackageType="SatellitePackage" />
      </Packages>
    </Feature>
    <Feature Type="OnDemandFeature" FeatureID="ServerCore.AppCompatibility~~1.0" FMID="MSDN" Group="Microsoft">
      <Packages>
        <Package ID="Microsoft-Windows-Server-AppCompat-FoD-Package~31bf3856ad364e35~AMD64~hr-hr~" PackageType="SatellitePackage" />
      </Packages>
    </Feature>
    <Feature Type="OnDemandFeature" FeatureID="Rsat.ServerManager.Tools~~1.0" FMID="MSDN" Group="Microsoft">
      <Packages>
        <Package ID="Microsoft-Windows-ServerManager-Tools-FoD-Package~31bf3856ad364e35~AMD64~hr-hr~" PackageType="SatellitePackage" />
        <Package ID="Microsoft-Windows-ServerManager-Tools-FoD-Package~31bf3856ad364e35~wow64~hr-hr~" PackageType="SatellitePackage" />
      </Packages>
    </Feature>
    <Feature Type="OnDemandFeature" FeatureID="Rsat.Shielded.VM.Tools~~1.0" FMID="MSDN" Group="Microsoft">
      <Dependencies>
        <Feature FeatureID="Rsat.ServerManager.Tools~~1.0" />
      </Dependencies>
      <Packages>
        <Package ID="Microsoft-Windows-Shielded-VM-Tools-FoD-Package~31bf3856ad364e35~AMD64~hr-hr~" PackageType="SatellitePackage" />
      </Packages>
    </Feature>
    <Feature Type="OnDemandFeature" FeatureID="SNMP.Client~~1.0" FMID="MSDN" Group="Microsoft">
      <Packages>
        <Package ID="Microsoft-Windows-SNMP-Client-Package~31bf3856ad364e35~AMD64~hr-hr~" PackageType="SatellitePackage" />
        <Package ID="Microsoft-Windows-SNMP-Client-Package~31bf3856ad364e35~wow64~hr-hr~" PackageType="SatellitePackage" />
      </Packages>
    </Feature>
    <Feature Type="OnDemandFeature" FeatureID="Microsoft.Windows.StorageManagement~~1.0" FMID="MSDN" Group="Microsoft">
      <Packages>
        <Package ID="Microsoft-Windows-StorageManagement-FoD-Package~31bf3856ad364e35~AMD64~hr-hr~" PackageType="SatellitePackage" />
        <Package ID="Microsoft-Windows-StorageManagement-FoD-Package~31bf3856ad364e35~wow64~hr-hr~" PackageType="SatellitePackage" />
      </Packages>
    </Feature>
    <Feature Type="OnDemandFeature" FeatureID="Rsat.StorageMigrationService.Management.Tools~~1.0" FMID="MSDN" Group="Microsoft">
      <Packages>
        <Package ID="Microsoft-Windows-StorageMigrationService-Management-Tools-FOD-Package~31bf3856ad364e35~AMD64~hr-hr~" PackageType="SatellitePackage" />
      </Packages>
    </Feature>
    <Feature Type="OnDemandFeature" FeatureID="Rsat.StorageReplica.Tools~~1.0" FMID="MSDN" Group="Microsoft">
      <Packages>
        <Package ID="Microsoft-Windows-StorageReplica-Tools-FoD-Package~31bf3856ad364e35~AMD64~hr-hr~" PackageType="SatellitePackage" />
      </Packages>
    </Feature>
    <Feature Type="OnDemandFeature" FeatureID="Rsat.SystemInsights.Management.Tools~~1.0" FMID="MSDN" Group="Microsoft">
      <Packages>
        <Package ID="Microsoft-Windows-SystemInsights-Management-Tools-FOD-Package~31bf3856ad364e35~AMD64~hr-hr~" PackageType="SatellitePackage" />
      </Packages>
    </Feature>
    <Feature Type="OnDemandFeature" FeatureID="Rsat.VolumeActivation.Tools~~1.0" FMID="MSDN" Group="Microsoft">
      <Packages>
        <Package ID="Microsoft-Windows-VolumeActivation-Tools-FoD-Package~31bf3856ad364e35~AMD64~hr-hr~" PackageType="SatellitePackage" />
      </Packages>
    </Feature>
    <Feature Type="OnDemandFeature" FeatureID="WMI-SNMP-Provider.Client~~1.0" FMID="MSDN" Group="Microsoft">
      <Dependencies>
        <Feature FeatureID="SNMP.Client~~1.0" />
      </Dependencies>
      <Packages>
        <Package ID="Microsoft-Windows-WMI-SNMP-Provider-Client-Package~31bf3856ad364e35~AMD64~hr-hr~" PackageType="SatellitePackage" />
        <Package ID="Microsoft-Windows-WMI-SNMP-Provider-Client-Package~31bf3856ad364e35~wow64~hr-hr~" PackageType="SatellitePackage" />
      </Packages>
    </Feature>
    <Feature Type="OnDemandFeature" FeatureID="Rsat.WSUS.Tools~~1.0" FMID="MSDN" Group="Microsoft">
      <Packages>
        <Package ID="Microsoft-Windows-WSUS-Tools-FoD-Package~31bf3856ad364e35~AMD64~hr-hr~" PackageType="SatellitePackage" />
      </Packages>
    </Feature>
  </Features>
  <Packages>
    <Package ID="Microsoft-Windows-Server-LanguagePack-Package_hr-hr~31bf3856ad364e35~amd64~hr-hr~" InstalledSize="887051565" Version="10.0.17763.1">
      <SatelliteInfo>
        <DeclareInfo>
          <Declare Type="language" Value="hr-HR" />
        </DeclareInfo>
      </SatelliteInfo>
      <Payload>
        <PayloadItem PayloadHash="FsrdeDs2SW+ypCSv2cVOnXWQWpIdMfkPM0R8DUbAzs0=" PayloadSize="1620245" Path="UUP\Desktop\editionpackages\Server\hr-hr\baseless\Microsoft-Windows-Server-LanguagePack-Package_hr-hr~31bf3856ad364e35~amd64~hr-hr~.cab" PayloadType="ExpressCab" />
        <PayloadItem PayloadHash="0BKnnyCCJjzMVPy3SYzbMDV0IBGocwRfUVAXjSU1sOY=" PayloadSize="67593971" Path="UUP\Desktop\editionpackages\Server\hr-hr\baseless\Microsoft-Windows-Server-LanguagePack-Package_hr-hr~31bf3856ad364e35~amd64~hr-hr~.psf" PayloadType="ExpressPSF" />
      </Payload>
    </Package>
    <Package ID="Microsoft-OneCore-StorageManagement-FoD-Package~31bf3856ad364e35~AMD64~hr-hr~" InstalledSize="1961386" Version="10.0.17763.1">
      <SatelliteInfo>
        <ApplyToInfo>
          <ApplyTo Type="language" Value="hr-HR" />
        </ApplyToInfo>
      </SatelliteInfo>
      <Payload>
        <PayloadItem PayloadHash="CTcusLrTehIfKpFN0a3I5SA5yWkDRl+MuG43CsBoDko=" PayloadSize="20603" Path="FeaturesOnDemand\hr-hr\baseless\Microsoft-OneCore-StorageManagement-FoD-Package~31bf3856ad364e35~AMD64~hr-hr~.cab" PayloadType="ExpressCab" />
        <PayloadItem PayloadHash="TCHvOaJ3RTdsQf8gcZAMaUgNpfMyVCEH8fdS/qG2+2M=" PayloadSize="207525" Path="FeaturesOnDemand\hr-hr\baseless\Microsoft-OneCore-StorageManagement-FoD-Package~31bf3856ad364e35~AMD64~hr-hr~.psf" PayloadType="ExpressPSF" />
      </Payload>
    </Package>
    <Package ID="Microsoft-OneCore-StorageManagement-FoD-Package~31bf3856ad364e35~wow64~hr-hr~" InstalledSize="1079702" Version="10.0.17763.1">
      <SatelliteInfo>
        <ApplyToInfo>
          <ApplyTo Type="arch" Value="wow64" />
          <ApplyTo Type="language" Value="hr-HR" />
        </ApplyToInfo>
      </SatelliteInfo>
      <Payload>
        <PayloadItem PayloadHash="HTfgA5/a3mqNhdFS4xretWRaNPuSVfFHIB66NuOTZh8=" PayloadSize="19179" Path="FeaturesOnDemand\hr-hr\baseless\Microsoft-OneCore-StorageManagement-FoD-Package~31bf3856ad364e35~wow64~hr-hr~.cab" PayloadType="ExpressCab" />
        <PayloadItem PayloadHash="E+EWJQghdcjDzlwuwGId2y7VwZWfNn6NuHJ0AxUrHi8=" PayloadSize="117542" Path="FeaturesOnDemand\hr-hr\baseless\Microsoft-OneCore-StorageManagement-FoD-Package~31bf3856ad364e35~wow64~hr-hr~.psf" PayloadType="ExpressPSF" />
      </Payload>
    </Package>
    <Package ID="Microsoft-Windows-ActiveDirectory-DS-LDS-Tools-FoD-Package~31bf3856ad364e35~AMD64~hr-hr~" InstalledSize="5722998" Version="10.0.17763.1">
      <SatelliteInfo>
        <ApplyToInfo>
          <ApplyTo Type="language" Value="hr-HR" />
        </ApplyToInfo>
      </SatelliteInfo>
      <Payload>
        <PayloadItem PayloadHash="CxABqM4eCO9q6aCWCEG0L92XKvdtyYYp7kFpUOOyPeg=" PayloadSize="27915" Path="FeaturesOnDemand\hr-hr\baseless\Microsoft-Windows-ActiveDirectory-DS-LDS-Tools-FoD-Package~31bf3856ad364e35~AMD64~hr-hr~.cab" PayloadType="ExpressCab" />
        <PayloadItem PayloadHash="cbFEKKwMO9xZaEJplvjCg+DO3dIQCXGlaWI/UAeDW4w=" PayloadSize="957562" Path="FeaturesOnDemand\hr-hr\baseless\Microsoft-Windows-ActiveDirectory-DS-LDS-Tools-FoD-Package~31bf3856ad364e35~AMD64~hr-hr~.psf" PayloadType="ExpressPSF" />
      </Payload>
    </Package>
    <Package ID="Microsoft-Windows-ActiveDirectory-DS-LDS-Tools-FoD-Package~31bf3856ad364e35~wow64~hr-hr~" InstalledSize="796697" Version="10.0.17763.1">
      <SatelliteInfo>
        <ApplyToInfo>
          <ApplyTo Type="arch" Value="wow64" />
          <ApplyTo Type="language" Value="hr-HR" />
        </ApplyToInfo>
      </SatelliteInfo>
      <Payload>
        <PayloadItem PayloadHash="9BmhKno6FxSYiy6OpRG32EEnJXghkK3oNR16saSpoLk=" PayloadSize="19665" Path="FeaturesOnDemand\hr-hr\baseless\Microsoft-Windows-ActiveDirectory-DS-LDS-Tools-FoD-Package~31bf3856ad364e35~wow64~hr-hr~.cab" PayloadType="ExpressCab" />
        <PayloadItem PayloadHash="vUfHaeycEvHRdH0X5T1HZaNQohRUzMZTdLZGIAbHg9w=" PayloadSize="162320" Path="FeaturesOnDemand\hr-hr\baseless\Microsoft-Windows-ActiveDirectory-DS-LDS-Tools-FoD-Package~31bf3856ad364e35~wow64~hr-hr~.psf" PayloadType="ExpressPSF" />
      </Payload>
    </Package>
    <Package ID="Microsoft-Windows-BitLocker-Recovery-Tools-FoD-Package~31bf3856ad364e35~AMD64~hr-hr~" InstalledSize="33535" Version="10.0.17763.1">
      <SatelliteInfo>
        <ApplyToInfo>
          <ApplyTo Type="language" Value="hr-HR" />
        </ApplyToInfo>
      </SatelliteInfo>
      <Payload>
        <PayloadItem PayloadHash="uG0jvkbHh0qDN/jCAj3pFcy/qT8h0gQk181q/vWxim4=" PayloadSize="19005" Path="FeaturesOnDemand\hr-hr\baseless\Microsoft-Windows-BitLocker-Recovery-Tools-FoD-Package~31bf3856ad364e35~AMD64~hr-hr~.cab" PayloadType="ExpressCab" />
        <PayloadItem PayloadHash="CLUyqHr+9nvfJHuoN8mHvdSnwwkeu3RKBEefkm25Qu0=" PayloadSize="68149" Path="FeaturesOnDemand\hr-hr\baseless\Microsoft-Windows-BitLocker-Recovery-Tools-FoD-Package~31bf3856ad364e35~AMD64~hr-hr~.psf" PayloadType="ExpressPSF" />
      </Payload>
    </Package>
    <Package ID="Microsoft-Windows-CertificateServices-Tools-FoD-Package~31bf3856ad364e35~AMD64~hr-hr~" InstalledSize="1015305" Version="10.0.17763.1">
      <SatelliteInfo>
        <ApplyToInfo>
          <ApplyTo Type="language" Value="hr-HR" />
        </ApplyToInfo>
      </SatelliteInfo>
      <Payload>
        <PayloadItem PayloadHash="giYNxGnZOALWnLVgMyI55xHXedZ3EJqaB1zipjVS6D8=" PayloadSize="21187" Path="FeaturesOnDemand\hr-hr\baseless\Microsoft-Windows-CertificateServices-Tools-FoD-Package~31bf3856ad364e35~AMD64~hr-hr~.cab" PayloadType="ExpressCab" />
        <PayloadItem PayloadHash="F35m9tL5LZxKXH3uG6lbte6//RWGwRilPGfJebZbelw=" PayloadSize="205683" Path="FeaturesOnDemand\hr-hr\baseless\Microsoft-Windows-CertificateServices-Tools-FoD-Package~31bf3856ad364e35~AMD64~hr-hr~.psf" PayloadType="ExpressPSF" />
      </Payload>
    </Package>
    <Package ID="Microsoft-Windows-DHCP-Tools-FoD-Package~31bf3856ad364e35~AMD64~hr-hr~" InstalledSize="1789795" Version="10.0.17763.1">
      <SatelliteInfo>
        <ApplyToInfo>
          <ApplyTo Type="language" Value="hr-HR" />
        </ApplyToInfo>
      </SatelliteInfo>
      <Payload>
        <PayloadItem PayloadHash="8Kd4ADoV1R5MBTv8s31Q+LLNsMXuE6PcpaUIhVsHfvE=" PayloadSize="19575" Path="FeaturesOnDemand\hr-hr\baseless\Microsoft-Windows-DHCP-Tools-FoD-Package~31bf3856ad364e35~AMD64~hr-hr~.cab" PayloadType="ExpressCab" />
        <PayloadItem PayloadHash="ggPS0gDLWe/HaPNIyMrjqStBvKko3LTR6rC4J/Sev/8=" PayloadSize="208092" Path="FeaturesOnDemand\hr-hr\baseless\Microsoft-Windows-DHCP-Tools-FoD-Package~31bf3856ad364e35~AMD64~hr-hr~.psf" PayloadType="ExpressPSF" />
      </Payload>
    </Package>
    <Package ID="Microsoft-Windows-DHCP-Tools-FoD-Package~31bf3856ad364e35~wow64~hr-hr~" InstalledSize="464544" Version="10.0.17763.1">
      <SatelliteInfo>
        <ApplyToInfo>
          <ApplyTo Type="arch" Value="wow64" />
          <ApplyTo Type="language" Value="hr-HR" />
        </ApplyToInfo>
      </SatelliteInfo>
      <Payload>
        <PayloadItem PayloadHash="M3UmPaoB0CqYLyezC8+GzLXt0ARn7snuc+IqZwKnTjY=" PayloadSize="18995" Path="FeaturesOnDemand\hr-hr\baseless\Microsoft-Windows-DHCP-Tools-FoD-Package~31bf3856ad364e35~wow64~hr-hr~.cab" PayloadType="ExpressCab" />
        <PayloadItem PayloadHash="17Zv9RFj//rLh9z97hqi7W3dUG4O1+vwBXPqFQ6YwSI=" PayloadSize="96788" Path="FeaturesOnDemand\hr-hr\baseless\Microsoft-Windows-DHCP-Tools-FoD-Package~31bf3856ad364e35~wow64~hr-hr~.psf" PayloadType="ExpressPSF" />
      </Payload>
    </Package>
    <Package ID="Microsoft-Windows-DNS-Tools-FoD-Package~31bf3856ad364e35~AMD64~hr-hr~" InstalledSize="1891845" Version="10.0.17763.1">
      <SatelliteInfo>
        <ApplyToInfo>
          <ApplyTo Type="language" Value="hr-HR" />
        </ApplyToInfo>
      </SatelliteInfo>
      <Payload>
        <PayloadItem PayloadHash="cKnvddLF2wGsqTosTiKLYTlRfm9APkJeyj4SJUM5T54=" PayloadSize="20019" Path="FeaturesOnDemand\hr-hr\baseless\Microsoft-Windows-DNS-Tools-FoD-Package~31bf3856ad364e35~AMD64~hr-hr~.cab" PayloadType="ExpressCab" />
        <PayloadItem PayloadHash="sxZwklTWRwI1s5Z61rjehKln/7TJCz660IaUlWj2hiY=" PayloadSize="244474" Path="FeaturesOnDemand\hr-hr\baseless\Microsoft-Windows-DNS-Tools-FoD-Package~31bf3856ad364e35~AMD64~hr-hr~.psf" PayloadType="ExpressPSF" />
      </Payload>
    </Package>
    <Package ID="Microsoft-Windows-DNS-Tools-FoD-Package~31bf3856ad364e35~wow64~hr-hr~" InstalledSize="13637" Version="10.0.17763.1">
      <SatelliteInfo>
        <ApplyToInfo>
          <ApplyTo Type="arch" Value="wow64" />
          <ApplyTo Type="language" Value="hr-HR" />
        </ApplyToInfo>
      </SatelliteInfo>
      <Payload>
        <PayloadItem PayloadHash="/GqMSThKOogsUA+wA46KlJloYmiggpe4Mruc9fkAzH4=" PayloadSize="18613" Path="FeaturesOnDemand\hr-hr\baseless\Microsoft-Windows-DNS-Tools-FoD-Package~31bf3856ad364e35~wow64~hr-hr~.cab" PayloadType="ExpressCab" />
        <PayloadItem PayloadHash="l4EHX9nE0jMuMKH6yoLgUkKs0WC1yFlWRqjeHBVa5tU=" PayloadSize="58786" Path="FeaturesOnDemand\hr-hr\baseless\Microsoft-Windows-DNS-Tools-FoD-Package~31bf3856ad364e35~wow64~hr-hr~.psf" PayloadType="ExpressPSF" />
      </Payload>
    </Package>
    <Package ID="Microsoft-Windows-FailoverCluster-Management-Tools-FOD-Package~31bf3856ad364e35~AMD64~hr-hr~" InstalledSize="8934274" Version="10.0.17763.1">
      <SatelliteInfo>
        <ApplyToInfo>
          <ApplyTo Type="language" Value="hr-HR" />
        </ApplyToInfo>
      </SatelliteInfo>
      <Payload>
        <PayloadItem PayloadHash="s+MaJ437uiYNyopc33GBJuOMV33Sg98Z+6Fa3H+6lrw=" PayloadSize="26667" Path="FeaturesOnDemand\hr-hr\baseless\Microsoft-Windows-FailoverCluster-Management-Tools-FOD-Package~31bf3856ad364e35~AMD64~hr-hr~.cab" PayloadType="ExpressCab" />
        <PayloadItem PayloadHash="LogPMFQQqKCRbTcE5eV0y1caEC3/FRth7QYHdfmDGzk=" PayloadSize="2464460" Path="FeaturesOnDemand\hr-hr\baseless\Microsoft-Windows-FailoverCluster-Management-Tools-FOD-Package~31bf3856ad364e35~AMD64~hr-hr~.psf" PayloadType="ExpressPSF" />
      </Payload>
    </Package>
    <Package ID="Microsoft-Windows-FailoverCluster-Management-Tools-FOD-Package~31bf3856ad364e35~wow64~hr-hr~" InstalledSize="76071" Version="10.0.17763.1">
      <SatelliteInfo>
        <ApplyToInfo>
          <ApplyTo Type="arch" Value="wow64" />
          <ApplyTo Type="language" Value="hr-HR" />
        </ApplyToInfo>
      </SatelliteInfo>
      <Payload>
        <PayloadItem PayloadHash="9u6vplFQAQLvNaKYBclE0xHyPkOO5cBP7JLDlQxmy6I=" PayloadSize="20067" Path="FeaturesOnDemand\hr-hr\baseless\Microsoft-Windows-FailoverCluster-Management-Tools-FOD-Package~31bf3856ad364e35~wow64~hr-hr~.cab" PayloadType="ExpressCab" />
        <PayloadItem PayloadHash="PAU7oiZiCSWYGhcVInF6EL3jCz3ASXesnfQQmF2+h28=" PayloadSize="87896" Path="FeaturesOnDemand\hr-hr\baseless\Microsoft-Windows-FailoverCluster-Management-Tools-FOD-Package~31bf3856ad364e35~wow64~hr-hr~.psf" PayloadType="ExpressPSF" />
      </Payload>
    </Package>
    <Package ID="Microsoft-Windows-FileServices-Tools-FoD-Package~31bf3856ad364e35~AMD64~hr-hr~" InstalledSize="4152940" Version="10.0.17763.1">
      <SatelliteInfo>
        <ApplyToInfo>
          <ApplyTo Type="language" Value="hr-HR" />
        </ApplyToInfo>
      </SatelliteInfo>
      <Payload>
        <PayloadItem PayloadHash="ka8xIxHilmJ8vVE6oDinV0E0H9mr2wwlIvWgs5l6WJc=" PayloadSize="24001" Path="FeaturesOnDemand\hr-hr\baseless\Microsoft-Windows-FileServices-Tools-FoD-Package~31bf3856ad364e35~AMD64~hr-hr~.cab" PayloadType="ExpressCab" />
        <PayloadItem PayloadHash="4U4ge62cl4GTzmg1ArifXSKfJcpTlLa4mDQSYYuqbA4=" PayloadSize="621393" Path="FeaturesOnDemand\hr-hr\baseless\Microsoft-Windows-FileServices-Tools-FoD-Package~31bf3856ad364e35~AMD64~hr-hr~.psf" PayloadType="ExpressPSF" />
      </Payload>
    </Package>
    <Package ID="Microsoft-Windows-FileServices-Tools-FoD-Package~31bf3856ad364e35~wow64~hr-hr~" InstalledSize="177414" Version="10.0.17763.1">
      <SatelliteInfo>
        <ApplyToInfo>
          <ApplyTo Type="arch" Value="wow64" />
          <ApplyTo Type="language" Value="hr-HR" />
        </ApplyToInfo>
      </SatelliteInfo>
      <Payload>
        <PayloadItem PayloadHash="QXJ1E9Ij26/SEfKtbf+fvYDKW8Q+REDf19cBVIYQJwM=" PayloadSize="19343" Path="FeaturesOnDemand\hr-hr\baseless\Microsoft-Windows-FileServices-Tools-FoD-Package~31bf3856ad364e35~wow64~hr-hr~.cab" PayloadType="ExpressCab" />
        <PayloadItem PayloadHash="FbJisA4XhTV0VZbkSYoDQGIQSaHlFgj5XHKeL5pjpk0=" PayloadSize="86657" Path="FeaturesOnDemand\hr-hr\baseless\Microsoft-Windows-FileServices-Tools-FoD-Package~31bf3856ad364e35~wow64~hr-hr~.psf" PayloadType="ExpressPSF" />
      </Payload>
    </Package>
    <Package ID="Microsoft-Windows-GroupPolicy-Management-Tools-FoD-Package~31bf3856ad364e35~AMD64~hr-hr~" InstalledSize="2283515" Version="10.0.17763.1">
      <SatelliteInfo>
        <ApplyToInfo>
          <ApplyTo Type="language" Value="hr-HR" />
        </ApplyToInfo>
      </SatelliteInfo>
      <Payload>
        <PayloadItem PayloadHash="OoCT04gDwS4BG1R/S0RFZHwgTo5U1bSnU/4dofIs5Ug=" PayloadSize="22553" Path="FeaturesOnDemand\hr-hr\baseless\Microsoft-Windows-GroupPolicy-Management-Tools-FoD-Package~31bf3856ad364e35~AMD64~hr-hr~.cab" PayloadType="ExpressCab" />
        <PayloadItem PayloadHash="GLgeLtx9uZjGexCEQYx1hbCv4T7IgrZIABppzDjZeug=" PayloadSize="352483" Path="FeaturesOnDemand\hr-hr\baseless\Microsoft-Windows-GroupPolicy-Management-Tools-FoD-Package~31bf3856ad364e35~AMD64~hr-hr~.psf" PayloadType="ExpressPSF" />
      </Payload>
    </Package>
    <Package ID="Microsoft-Windows-GroupPolicy-Management-Tools-FoD-Package~31bf3856ad364e35~wow64~hr-hr~" InstalledSize="310049" Version="10.0.17763.1">
      <SatelliteInfo>
        <ApplyToInfo>
          <ApplyTo Type="arch" Value="wow64" />
          <ApplyTo Type="language" Value="hr-HR" />
        </ApplyToInfo>
      </SatelliteInfo>
      <Payload>
        <PayloadItem PayloadHash="pzbhnq7+gl8fM6vYK5TcMCpvl6qxxNjQJaQmuVxTUIw=" PayloadSize="18915" Path="FeaturesOnDemand\hr-hr\baseless\Microsoft-Windows-GroupPolicy-Management-Tools-FoD-Package~31bf3856ad364e35~wow64~hr-hr~.cab" PayloadType="ExpressCab" />
        <PayloadItem PayloadHash="AE6BY56bQSdLGsvZTktRV2u8DI2hgeD5i+ElXIoCYP4=" PayloadSize="100117" Path="FeaturesOnDemand\hr-hr\baseless\Microsoft-Windows-GroupPolicy-Management-Tools-FoD-Package~31bf3856ad364e35~wow64~hr-hr~.psf" PayloadType="ExpressPSF" />
      </Payload>
    </Package>
    <Package ID="Microsoft-Windows-IPAM-Client-FoD-Package~31bf3856ad364e35~AMD64~hr-hr~" InstalledSize="103711" Version="10.0.17763.1">
      <SatelliteInfo>
        <ApplyToInfo>
          <ApplyTo Type="language" Value="hr-HR" />
        </ApplyToInfo>
      </SatelliteInfo>
      <Payload>
        <PayloadItem PayloadHash="TkqHrgxblxCfNWIKc6yfu9Q87uu1kove3KXNduPDKTs=" PayloadSize="18805" Path="FeaturesOnDemand\hr-hr\baseless\Microsoft-Windows-IPAM-Client-FoD-Package~31bf3856ad364e35~AMD64~hr-hr~.cab" PayloadType="ExpressCab" />
        <PayloadItem PayloadHash="ic+8nfN9FdmYxlTMj9Vh3Vrk+Qw13TCc7jb8+fvFOzs=" PayloadSize="71568" Path="FeaturesOnDemand\hr-hr\baseless\Microsoft-Windows-IPAM-Client-FoD-Package~31bf3856ad364e35~AMD64~hr-hr~.psf" PayloadType="ExpressPSF" />
      </Payload>
    </Package>
    <Package ID="Microsoft-Windows-IPAM-Client-FoD-Package~31bf3856ad364e35~wow64~hr-hr~" InstalledSize="26385" Version="10.0.17763.1">
      <SatelliteInfo>
        <ApplyToInfo>
          <ApplyTo Type="arch" Value="wow64" />
          <ApplyTo Type="language" Value="hr-HR" />
        </ApplyToInfo>
      </SatelliteInfo>
      <Payload>
        <PayloadItem PayloadHash="V9lVFGK6wSdPBGhYgPYadxgMHF52Az88I+K2gPzBl1A=" PayloadSize="18327" Path="FeaturesOnDemand\hr-hr\baseless\Microsoft-Windows-IPAM-Client-FoD-Package~31bf3856ad364e35~wow64~hr-hr~.cab" PayloadType="ExpressCab" />
        <PayloadItem PayloadHash="dXV5GOuR0wzSEVoMq6Yk58jNP1k7kdeDjogD18O9u7I=" PayloadSize="61346" Path="FeaturesOnDemand\hr-hr\baseless\Microsoft-Windows-IPAM-Client-FoD-Package~31bf3856ad364e35~wow64~hr-hr~.psf" PayloadType="ExpressPSF" />
      </Payload>
    </Package>
    <Package ID="Microsoft-Windows-NetworkController-Tools-FoD-Package~31bf3856ad364e35~AMD64~hr-hr~" InstalledSize="69933" Version="10.0.17763.1">
      <SatelliteInfo>
        <ApplyToInfo>
          <ApplyTo Type="language" Value="hr-HR" />
        </ApplyToInfo>
      </SatelliteInfo>
      <Payload>
        <PayloadItem PayloadHash="tAtsFGhEcSDT8mVlsmg1/uc/DvINFjlqCQFkWKpeYN0=" PayloadSize="18849" Path="FeaturesOnDemand\hr-hr\baseless\Microsoft-Windows-NetworkController-Tools-FoD-Package~31bf3856ad364e35~AMD64~hr-hr~.cab" PayloadType="ExpressCab" />
        <PayloadItem PayloadHash="rWg4MvQKIhovCB2ZfRI6yzDBFTUCsVxVwIXWpHO0kcI=" PayloadSize="79664" Path="FeaturesOnDemand\hr-hr\baseless\Microsoft-Windows-NetworkController-Tools-FoD-Package~31bf3856ad364e35~AMD64~hr-hr~.psf" PayloadType="ExpressPSF" />
      </Payload>
    </Package>
    <Package ID="Microsoft-Windows-NetworkLoadBalancing-Tools-FoD-Package~31bf3856ad364e35~AMD64~hr-hr~" InstalledSize="222370" Version="10.0.17763.1">
      <SatelliteInfo>
        <ApplyToInfo>
          <ApplyTo Type="language" Value="hr-HR" />
        </ApplyToInfo>
      </SatelliteInfo>
      <Payload>
        <PayloadItem PayloadHash="juFB7lbyPLCZ6OYZvCaLWWHgvLlDH2oUjVFcCdgpQ1M=" PayloadSize="18949" Path="FeaturesOnDemand\hr-hr\baseless\Microsoft-Windows-NetworkLoadBalancing-Tools-FoD-Package~31bf3856ad364e35~AMD64~hr-hr~.cab" PayloadType="ExpressCab" />
        <PayloadItem PayloadHash="y1jd6xSb48UzMPom1zbEjXUPPeoaIqcAI9rQ/KKftng=" PayloadSize="97924" Path="FeaturesOnDemand\hr-hr\baseless\Microsoft-Windows-NetworkLoadBalancing-Tools-FoD-Package~31bf3856ad364e35~AMD64~hr-hr~.psf" PayloadType="ExpressPSF" />
      </Payload>
    </Package>
    <Package ID="Microsoft-Windows-RasCMAK-Client-Package~31bf3856ad364e35~AMD64~hr-hr~" InstalledSize="222803" Version="10.0.17763.1">
      <SatelliteInfo>
        <ApplyToInfo>
          <ApplyTo Type="language" Value="hr-HR" />
        </ApplyToInfo>
      </SatelliteInfo>
      <Payload>
        <PayloadItem PayloadHash="grjIDNFt7I8POPkGlDHxlNnm8yDvvF7g6tqPfRQa8ww=" PayloadSize="19237" Path="FeaturesOnDemand\hr-hr\baseless\Microsoft-Windows-RasCMAK-Client-Package~31bf3856ad364e35~AMD64~hr-hr~.cab" PayloadType="ExpressCab" />
        <PayloadItem PayloadHash="a3mVBpagZIn5nnsVSgZOLN7/pvtc5kICKsC3oQE046Q=" PayloadSize="124479" Path="FeaturesOnDemand\hr-hr\baseless\Microsoft-Windows-RasCMAK-Client-Package~31bf3856ad364e35~AMD64~hr-hr~.psf" PayloadType="ExpressPSF" />
      </Payload>
    </Package>
    <Package ID="Microsoft-Windows-RasCMAK-Client-Package~31bf3856ad364e35~wow64~hr-hr~" InstalledSize="399193" Version="10.0.17763.1">
      <SatelliteInfo>
        <ApplyToInfo>
          <ApplyTo Type="arch" Value="wow64" />
          <ApplyTo Type="language" Value="hr-HR" />
        </ApplyToInfo>
      </SatelliteInfo>
      <Payload>
        <PayloadItem PayloadHash="STlOzvZ3zZY2exi3X33t+pPotU2KJY5OmfJEC38eipk=" PayloadSize="19353" Path="FeaturesOnDemand\hr-hr\baseless\Microsoft-Windows-RasCMAK-Client-Package~31bf3856ad364e35~wow64~hr-hr~.cab" PayloadType="ExpressCab" />
        <PayloadItem PayloadHash="sD8pj09800n2wGs5F4Sf/g1Lhr3iDWFhEaWt+6rN9Oo=" PayloadSize="326973" Path="FeaturesOnDemand\hr-hr\baseless\Microsoft-Windows-RasCMAK-Client-Package~31bf3856ad364e35~wow64~hr-hr~.psf" PayloadType="ExpressPSF" />
      </Payload>
    </Package>
    <Package ID="Microsoft-Windows-RasRip-Package~31bf3856ad364e35~AMD64~hr-hr~" InstalledSize="27543" Version="10.0.17763.1">
      <SatelliteInfo>
        <ApplyToInfo>
          <ApplyTo Type="language" Value="hr-HR" />
        </ApplyToInfo>
      </SatelliteInfo>
      <Payload>
        <PayloadItem PayloadHash="6xBcBEwUmknAfMu8gXv7G9gozf30rBSF22FbFVUpjzg=" PayloadSize="18717" Path="FeaturesOnDemand\hr-hr\baseless\Microsoft-Windows-RasRip-Package~31bf3856ad364e35~AMD64~hr-hr~.cab" PayloadType="ExpressCab" />
        <PayloadItem PayloadHash="Kns6WicJ5aMsKHJZZe+OyKx2weBirYO3yeMKKRZPuho=" PayloadSize="62135" Path="FeaturesOnDemand\hr-hr\baseless\Microsoft-Windows-RasRip-Package~31bf3856ad364e35~AMD64~hr-hr~.psf" PayloadType="ExpressPSF" />
      </Payload>
    </Package>
    <Package ID="Microsoft-Windows-RemoteAccess-Management-Tools-FoD-Package~31bf3856ad364e35~AMD64~hr-hr~" InstalledSize="18532554" Version="10.0.17763.1">
      <SatelliteInfo>
        <ApplyToInfo>
          <ApplyTo Type="language" Value="hr-HR" />
        </ApplyToInfo>
      </SatelliteInfo>
      <Payload>
        <PayloadItem PayloadHash="X5PUt0NBDIrYHVR+ZUOXDjDijNSFWWzU/onEkmID98c=" PayloadSize="21731" Path="FeaturesOnDemand\hr-hr\baseless\Microsoft-Windows-RemoteAccess-Management-Tools-FoD-Package~31bf3856ad364e35~AMD64~hr-hr~.cab" PayloadType="ExpressCab" />
        <PayloadItem PayloadHash="+hB/y5buMiUzdNjP9xmNXeiq9+rvWde/tzf9iNwt4X8=" PayloadSize="3400721" Path="FeaturesOnDemand\hr-hr\baseless\Microsoft-Windows-RemoteAccess-Management-Tools-FoD-Package~31bf3856ad364e35~AMD64~hr-hr~.psf" PayloadType="ExpressPSF" />
      </Payload>
    </Package>
    <Package ID="Microsoft-Windows-RemoteAccess-Management-Tools-FoD-Package~31bf3856ad364e35~wow64~hr-hr~" InstalledSize="13733" Version="10.0.17763.1">
      <SatelliteInfo>
        <ApplyToInfo>
          <ApplyTo Type="arch" Value="wow64" />
          <ApplyTo Type="language" Value="hr-HR" />
        </ApplyToInfo>
      </SatelliteInfo>
      <Payload>
        <PayloadItem PayloadHash="jcmqizNDIoqotpxLCzk4R2/895HLUOREyQ9L7uesMsw=" PayloadSize="18627" Path="FeaturesOnDemand\hr-hr\baseless\Microsoft-Windows-RemoteAccess-Management-Tools-FoD-Package~31bf3856ad364e35~wow64~hr-hr~.cab" PayloadType="ExpressCab" />
        <PayloadItem PayloadHash="mRf+L9S+0qVgi4O0zNN2JCnHv+tsNGhUVw8zv7JmpSI=" PayloadSize="59034" Path="FeaturesOnDemand\hr-hr\baseless\Microsoft-Windows-RemoteAccess-Management-Tools-FoD-Package~31bf3856ad364e35~wow64~hr-hr~.psf" PayloadType="ExpressPSF" />
      </Payload>
    </Package>
    <Package ID="Microsoft-Windows-RemoteDesktop-Services-Tools-FoD-Package~31bf3856ad364e35~AMD64~hr-hr~" InstalledSize="1514235" Version="10.0.17763.1">
      <SatelliteInfo>
        <ApplyToInfo>
          <ApplyTo Type="language" Value="hr-HR" />
        </ApplyToInfo>
      </SatelliteInfo>
      <Payload>
        <PayloadItem PayloadHash="Kgh2BuhGb0HwQg0dR5uo0IG+Urx1hKQeUC/20IlNc0I=" PayloadSize="20527" Path="FeaturesOnDemand\hr-hr\baseless\Microsoft-Windows-RemoteDesktop-Services-Tools-FoD-Package~31bf3856ad364e35~AMD64~hr-hr~.cab" PayloadType="ExpressCab" />
        <PayloadItem PayloadHash="7tZtdIzkdkqJqkV3n9USZVRY70et+e/3J7rYqTRzYOY=" PayloadSize="304020" Path="FeaturesOnDemand\hr-hr\baseless\Microsoft-Windows-RemoteDesktop-Services-Tools-FoD-Package~31bf3856ad364e35~AMD64~hr-hr~.psf" PayloadType="ExpressPSF" />
      </Payload>
    </Package>
    <Package ID="Microsoft-Windows-Server-AppCompat-FoD-Package~31bf3856ad364e35~AMD64~hr-hr~" InstalledSize="28033377" Version="10.0.17763.1">
      <SatelliteInfo>
        <ApplyToInfo>
          <ApplyTo Type="language" Value="hr-HR" />
        </ApplyToInfo>
      </SatelliteInfo>
      <Payload>
        <PayloadItem PayloadHash="0TzNOVzn65soinec1BkXAiIPRFjVOljqbEUyRB/eRGU=" PayloadSize="95947" Path="FeaturesOnDemand\hr-hr\baseless\Microsoft-Windows-Server-AppCompat-FoD-Package~31bf3856ad364e35~AMD64~hr-hr~.cab" PayloadType="ExpressCab" />
        <PayloadItem PayloadHash="Df9mSQEz2lt06hI3AU/8d1S4c3PS2kW5XQiE6dv261M=" PayloadSize="6841742" Path="FeaturesOnDemand\hr-hr\baseless\Microsoft-Windows-Server-AppCompat-FoD-Package~31bf3856ad364e35~AMD64~hr-hr~.psf" PayloadType="ExpressPSF" />
      </Payload>
    </Package>
    <Package ID="Microsoft-Windows-ServerManager-Tools-FoD-Package~31bf3856ad364e35~AMD64~hr-hr~" InstalledSize="11803631" Version="10.0.17763.1">
      <SatelliteInfo>
        <ApplyToInfo>
          <ApplyTo Type="language" Value="hr-HR" />
        </ApplyToInfo>
      </SatelliteInfo>
      <Payload>
        <PayloadItem PayloadHash="ta/SoxZkBKaO3zOMMQL6oq3bQ2/6NM7jaYtinkoTWJw=" PayloadSize="38531" Path="FeaturesOnDemand\hr-hr\baseless\Microsoft-Windows-ServerManager-Tools-FoD-Package~31bf3856ad364e35~AMD64~hr-hr~.cab" PayloadType="ExpressCab" />
        <PayloadItem PayloadHash="axxppu4JrBL9m6dub3WeH5OTelCVDPGqp1XwUkDWVeM=" PayloadSize="2311041" Path="FeaturesOnDemand\hr-hr\baseless\Microsoft-Windows-ServerManager-Tools-FoD-Package~31bf3856ad364e35~AMD64~hr-hr~.psf" PayloadType="ExpressPSF" />
      </Payload>
    </Package>
    <Package ID="Microsoft-Windows-ServerManager-Tools-FoD-Package~31bf3856ad364e35~wow64~hr-hr~" InstalledSize="1199991" Version="10.0.17763.1">
      <SatelliteInfo>
        <ApplyToInfo>
          <ApplyTo Type="arch" Value="wow64" />
          <ApplyTo Type="language" Value="hr-HR" />
        </ApplyToInfo>
      </SatelliteInfo>
      <Payload>
        <PayloadItem PayloadHash="SCzhY3TvrZ2RZSWwLQzJdLZQbXddsCPihzzsszXmyw0=" PayloadSize="19879" Path="FeaturesOnDemand\hr-hr\baseless\Microsoft-Windows-ServerManager-Tools-FoD-Package~31bf3856ad364e35~wow64~hr-hr~.cab" PayloadType="ExpressCab" />
        <PayloadItem PayloadHash="gg47Pxm5QpQgZMhd2VmMdRNh/DRlPYY3Yt2YDldpd5s=" PayloadSize="364934" Path="FeaturesOnDemand\hr-hr\baseless\Microsoft-Windows-ServerManager-Tools-FoD-Package~31bf3856ad364e35~wow64~hr-hr~.psf" PayloadType="ExpressPSF" />
      </Payload>
    </Package>
    <Package ID="Microsoft-Windows-Shielded-VM-Tools-FoD-Package~31bf3856ad364e35~AMD64~hr-hr~" InstalledSize="389246" Version="10.0.17763.1">
      <SatelliteInfo>
        <ApplyToInfo>
          <ApplyTo Type="language" Value="hr-HR" />
        </ApplyToInfo>
      </SatelliteInfo>
      <Payload>
        <PayloadItem PayloadHash="E+QVC25AHJFyel18A3tf5SDhjAuSuLoBpXKkyJ1X+Sk=" PayloadSize="23883" Path="FeaturesOnDemand\hr-hr\baseless\Microsoft-Windows-Shielded-VM-Tools-FoD-Package~31bf3856ad364e35~AMD64~hr-hr~.cab" PayloadType="ExpressCab" />
        <PayloadItem PayloadHash="lpoQY/6VEz1eB+7/AN2cD5E+sjGExn3roWB+27bvnvQ=" PayloadSize="180542" Path="FeaturesOnDemand\hr-hr\baseless\Microsoft-Windows-Shielded-VM-Tools-FoD-Package~31bf3856ad364e35~AMD64~hr-hr~.psf" PayloadType="ExpressPSF" />
      </Payload>
    </Package>
    <Package ID="Microsoft-Windows-SNMP-Client-Package~31bf3856ad364e35~AMD64~hr-hr~" InstalledSize="131584" Version="10.0.17763.1">
      <SatelliteInfo>
        <ApplyToInfo>
          <ApplyTo Type="language" Value="hr-HR" />
        </ApplyToInfo>
      </SatelliteInfo>
      <Payload>
        <PayloadItem PayloadHash="CLlu/XAWDRLteZcemVFVRUVN4JhBlpoDVZkqugXHlTQ=" PayloadSize="20555" Path="FeaturesOnDemand\hr-hr\baseless\Microsoft-Windows-SNMP-Client-Package~31bf3856ad364e35~AMD64~hr-hr~.cab" PayloadType="ExpressCab" />
        <PayloadItem PayloadHash="tuagxMH6YlHU29eawU+2o0/m2ROceSH2IJtoDcEhdME=" PayloadSize="101187" Path="FeaturesOnDemand\hr-hr\baseless\Microsoft-Windows-SNMP-Client-Package~31bf3856ad364e35~AMD64~hr-hr~.psf" PayloadType="ExpressPSF" />
      </Payload>
    </Package>
    <Package ID="Microsoft-Windows-SNMP-Client-Package~31bf3856ad364e35~wow64~hr-hr~" InstalledSize="131724" Version="10.0.17763.1">
      <SatelliteInfo>
        <ApplyToInfo>
          <ApplyTo Type="arch" Value="wow64" />
          <ApplyTo Type="language" Value="hr-HR" />
        </ApplyToInfo>
      </SatelliteInfo>
      <Payload>
        <PayloadItem PayloadHash="aUedQdDZurXmTsBVBiYjVA/iO9n+8ZSN/41NSh19EWA=" PayloadSize="20549" Path="FeaturesOnDemand\hr-hr\baseless\Microsoft-Windows-SNMP-Client-Package~31bf3856ad364e35~wow64~hr-hr~.cab" PayloadType="ExpressCab" />
        <PayloadItem PayloadHash="aatjUF0sTYhf9HJsy1VL/ohH1OIz3S6BaGOPQ1hd2m0=" PayloadSize="101812" Path="FeaturesOnDemand\hr-hr\baseless\Microsoft-Windows-SNMP-Client-Package~31bf3856ad364e35~wow64~hr-hr~.psf" PayloadType="ExpressPSF" />
      </Payload>
    </Package>
    <Package ID="Microsoft-Windows-StorageManagement-FoD-Package~31bf3856ad364e35~AMD64~hr-hr~" InstalledSize="1618328" Version="10.0.17763.1">
      <SatelliteInfo>
        <ApplyToInfo>
          <ApplyTo Type="language" Value="hr-HR" />
        </ApplyToInfo>
      </SatelliteInfo>
      <Payload>
        <PayloadItem PayloadHash="yaAeVr024DyuGdiPVgVQVEvobSIPacbMNnNyeixmlrU=" PayloadSize="21241" Path="FeaturesOnDemand\hr-hr\baseless\Microsoft-Windows-StorageManagement-FoD-Package~31bf3856ad364e35~AMD64~hr-hr~.cab" PayloadType="ExpressCab" />
        <PayloadItem PayloadHash="mq1hGkbtCo5cJbhR9ijsRWdBWQ1RI8NK0bO+bR1/Yjg=" PayloadSize="210257" Path="FeaturesOnDemand\hr-hr\baseless\Microsoft-Windows-StorageManagement-FoD-Package~31bf3856ad364e35~AMD64~hr-hr~.psf" PayloadType="ExpressPSF" />
      </Payload>
    </Package>
    <Package ID="Microsoft-Windows-StorageManagement-FoD-Package~31bf3856ad364e35~wow64~hr-hr~" InstalledSize="1119770" Version="10.0.17763.1">
      <SatelliteInfo>
        <ApplyToInfo>
          <ApplyTo Type="arch" Value="wow64" />
          <ApplyTo Type="language" Value="hr-HR" />
        </ApplyToInfo>
      </SatelliteInfo>
      <Payload>
        <PayloadItem PayloadHash="/F2F1M7BHdEBj47Ab/wI1EIg2iwyBkXb/IzijEwjmu4=" PayloadSize="20431" Path="FeaturesOnDemand\hr-hr\baseless\Microsoft-Windows-StorageManagement-FoD-Package~31bf3856ad364e35~wow64~hr-hr~.cab" PayloadType="ExpressCab" />
        <PayloadItem PayloadHash="+eeVtr5Zjh1UkQ+M4S6z/F5piVhbzdK8U/M3gI5iUdI=" PayloadSize="140583" Path="FeaturesOnDemand\hr-hr\baseless\Microsoft-Windows-StorageManagement-FoD-Package~31bf3856ad364e35~wow64~hr-hr~.psf" PayloadType="ExpressPSF" />
      </Payload>
    </Package>
    <Package ID="Microsoft-Windows-StorageMigrationService-Management-Tools-FOD-Package~31bf3856ad364e35~AMD64~hr-hr~" InstalledSize="56969" Version="10.0.17763.1">
      <SatelliteInfo>
        <ApplyToInfo>
          <ApplyTo Type="language" Value="hr-HR" />
        </ApplyToInfo>
      </SatelliteInfo>
      <Payload>
        <PayloadItem PayloadHash="eoaqrhc5qWw+Le0XLrXnTF53IQF3plBwwzxqEqg+6aM=" PayloadSize="19021" Path="FeaturesOnDemand\hr-hr\baseless\Microsoft-Windows-StorageMigrationService-Management-Tools-FOD-Package~31bf3856ad364e35~AMD64~hr-hr~.cab" PayloadType="ExpressCab" />
        <PayloadItem PayloadHash="IOkXJx4zDlN92TxnCS8uhkhWpY7TDqXPLx0XaNsWgbg=" PayloadSize="72941" Path="FeaturesOnDemand\hr-hr\baseless\Microsoft-Windows-StorageMigrationService-Management-Tools-FOD-Package~31bf3856ad364e35~AMD64~hr-hr~.psf" PayloadType="ExpressPSF" />
      </Payload>
    </Package>
    <Package ID="Microsoft-Windows-StorageReplica-Tools-FoD-Package~31bf3856ad364e35~AMD64~hr-hr~" InstalledSize="401652" Version="10.0.17763.1">
      <SatelliteInfo>
        <ApplyToInfo>
          <ApplyTo Type="language" Value="hr-HR" />
        </ApplyToInfo>
      </SatelliteInfo>
      <Payload>
        <PayloadItem PayloadHash="4ODYsoYBeBwTtVM0YmEJECVxXFFb6PzQh5D+s5gHFiM=" PayloadSize="19413" Path="FeaturesOnDemand\hr-hr\baseless\Microsoft-Windows-StorageReplica-Tools-FoD-Package~31bf3856ad364e35~AMD64~hr-hr~.cab" PayloadType="ExpressCab" />
        <PayloadItem PayloadHash="BdH8HJcP6VMTtXGckv7jrSOJJG3s9NIFglT1GYP5yXY=" PayloadSize="117238" Path="FeaturesOnDemand\hr-hr\baseless\Microsoft-Windows-StorageReplica-Tools-FoD-Package~31bf3856ad364e35~AMD64~hr-hr~.psf" PayloadType="ExpressPSF" />
      </Payload>
    </Package>
    <Package ID="Microsoft-Windows-SystemInsights-Management-Tools-FOD-Package~31bf3856ad364e35~AMD64~hr-hr~" InstalledSize="41836" Version="10.0.17763.1">
      <SatelliteInfo>
        <ApplyToInfo>
          <ApplyTo Type="language" Value="hr-HR" />
        </ApplyToInfo>
      </SatelliteInfo>
      <Payload>
        <PayloadItem PayloadHash="flIRcUjqLMGUDitWD2xk07ELwE1UNoCYSw3uvRoM860=" PayloadSize="18781" Path="FeaturesOnDemand\hr-hr\baseless\Microsoft-Windows-SystemInsights-Management-Tools-FOD-Package~31bf3856ad364e35~AMD64~hr-hr~.cab" PayloadType="ExpressCab" />
        <PayloadItem PayloadHash="KTUHvZdGZBw29nyQsBKXnAVHiWYqBcu8n7cv3ZYRHMU=" PayloadSize="70587" Path="FeaturesOnDemand\hr-hr\baseless\Microsoft-Windows-SystemInsights-Management-Tools-FOD-Package~31bf3856ad364e35~AMD64~hr-hr~.psf" PayloadType="ExpressPSF" />
      </Payload>
    </Package>
    <Package ID="Microsoft-Windows-VolumeActivation-Tools-FoD-Package~31bf3856ad364e35~AMD64~hr-hr~" InstalledSize="224922" Version="10.0.17763.1">
      <SatelliteInfo>
        <ApplyToInfo>
          <ApplyTo Type="language" Value="hr-HR" />
        </ApplyToInfo>
      </SatelliteInfo>
      <Payload>
        <PayloadItem PayloadHash="K1qtjoHer5Wjk5x0xKNJQHZ9BbitHPsqPN4MShyAdq8=" PayloadSize="18685" Path="FeaturesOnDemand\hr-hr\baseless\Microsoft-Windows-VolumeActivation-Tools-FoD-Package~31bf3856ad364e35~AMD64~hr-hr~.cab" PayloadType="ExpressCab" />
        <PayloadItem PayloadHash="Jg9TWXJ7nY5DtOyseZHTsQYd51ef1QqjZ3AamYMhS/s=" PayloadSize="180730" Path="FeaturesOnDemand\hr-hr\baseless\Microsoft-Windows-VolumeActivation-Tools-FoD-Package~31bf3856ad364e35~AMD64~hr-hr~.psf" PayloadType="ExpressPSF" />
      </Payload>
    </Package>
    <Package ID="Microsoft-Windows-WMI-SNMP-Provider-Client-Package~31bf3856ad364e35~AMD64~hr-hr~" InstalledSize="57403" Version="10.0.17763.1">
      <SatelliteInfo>
        <ApplyToInfo>
          <ApplyTo Type="language" Value="hr-HR" />
        </ApplyToInfo>
      </SatelliteInfo>
      <Payload>
        <PayloadItem PayloadHash="GV7qyl8DuCcF0lwFcB+Iagh5Vn0z68mqv/rCJivPfx4=" PayloadSize="19285" Path="FeaturesOnDemand\hr-hr\baseless\Microsoft-Windows-WMI-SNMP-Provider-Client-Package~31bf3856ad364e35~AMD64~hr-hr~.cab" PayloadType="ExpressCab" />
        <PayloadItem PayloadHash="/bb1zT128OZlRUxIAZHde40hSR1u20A3XhW8jD+/lyo=" PayloadSize="74332" Path="FeaturesOnDemand\hr-hr\baseless\Microsoft-Windows-WMI-SNMP-Provider-Client-Package~31bf3856ad364e35~AMD64~hr-hr~.psf" PayloadType="ExpressPSF" />
      </Payload>
    </Package>
    <Package ID="Microsoft-Windows-WMI-SNMP-Provider-Client-Package~31bf3856ad364e35~wow64~hr-hr~" InstalledSize="57262" Version="10.0.17763.1">
      <SatelliteInfo>
        <ApplyToInfo>
          <ApplyTo Type="arch" Value="wow64" />
          <ApplyTo Type="language" Value="hr-HR" />
        </ApplyToInfo>
      </SatelliteInfo>
      <Payload>
        <PayloadItem PayloadHash="8fbYT52D8gUBgqyLnLWkAnzzoqvrTqhE9kZe1LDSIS0=" PayloadSize="19325" Path="FeaturesOnDemand\hr-hr\baseless\Microsoft-Windows-WMI-SNMP-Provider-Client-Package~31bf3856ad364e35~wow64~hr-hr~.cab" PayloadType="ExpressCab" />
        <PayloadItem PayloadHash="chvsjAXJjTS1aR+Ea0wsIrXV1xNBrShbIPUW2vbnz3w=" PayloadSize="74069" Path="FeaturesOnDemand\hr-hr\baseless\Microsoft-Windows-WMI-SNMP-Provider-Client-Package~31bf3856ad364e35~wow64~hr-hr~.psf" PayloadType="ExpressPSF" />
      </Payload>
    </Package>
    <Package ID="Microsoft-Windows-WSUS-Tools-FoD-Package~31bf3856ad364e35~AMD64~hr-hr~" InstalledSize="2929151" Version="10.0.17763.1">
      <SatelliteInfo>
        <ApplyToInfo>
          <ApplyTo Type="language" Value="hr-HR" />
        </ApplyToInfo>
      </SatelliteInfo>
      <Payload>
        <PayloadItem PayloadHash="STnYyKwo15m5TWYoul7xzNQcspy45VkQ7rzgX87QvkU=" PayloadSize="19529" Path="FeaturesOnDemand\hr-hr\baseless\Microsoft-Windows-WSUS-Tools-FoD-Package~31bf3856ad364e35~AMD64~hr-hr~.cab" PayloadType="ExpressCab" />
        <PayloadItem PayloadHash="6SzlIvR+7qtDt7XUSn24JtG2SPyAABRkrrj7EaP7Bfg=" PayloadSize="395092" Path="FeaturesOnDemand\hr-hr\baseless\Microsoft-Windows-WSUS-Tools-FoD-Package~31bf3856ad364e35~AMD64~hr-hr~.psf" PayloadType="ExpressPSF" />
      </Payload>
    </Package>
  </Packages>
</CompDB>