<?xml version='1.0' encoding='utf-8'?>
<CompDB xmlns="http://schemas.microsoft.com/embedded/2004/10/ImageUpdate" CreatedDate="2023-07-13T10:25:38" Revision="1" SchemaVersion="1.0" BuildID="" BuildInfo="rs5_release" OSVersion="10.0.17763.4499" Type="Device">
    <Features>
        <Feature Type="DesktopMedia" FeatureID="Language.Basic~en-US~1.0" Group="Microsoft">
            <Packages>
            </Packages>
        </Feature>
        <Feature Type="DesktopMedia" FeatureID="Language.Handwriting~en-US~1.0" Group="Microsoft">
            <Packages>
            </Packages>
        </Feature>
        <Feature Type="DesktopMedia" FeatureID="Language.OCR~en-US~1.0" Group="Microsoft">
            <Packages>
            </Packages>
        </Feature>
        <Feature Type="DesktopMedia" FeatureID="Language.Speech~en-US~1.0" Group="Microsoft">
            <Packages>
            </Packages>
        </Feature>
        <Feature Type="DesktopMedia" FeatureID="Language.TextToSpeech~en-US~1.0" Group="Microsoft">
            <Packages>
            </Packages>
        </Feature>
        <Feature Type="DesktopMedia" FeatureID="Language.UI.Server~de-DE" Group="Microsoft">
            <Packages>
            </Packages>
        </Feature>
        <Feature Type="DesktopMedia" FeatureID="Language.UI.Server~en-US" Group="Microsoft">
            <Packages>
            </Packages>
        </Feature>
        <Feature Type="DesktopMedia" FeatureID="Language.UI.Server~es-ES" Group="Microsoft">
            <Packages>
            </Packages>
        </Feature>
        <Feature Type="DesktopMedia" FeatureID="Language.UI.Server~fr-FR" Group="Microsoft">
            <Packages>
            </Packages>
        </Feature>
        <Feature Type="DesktopMedia" FeatureID="Language.UI.Server~ja-JP" Group="Microsoft">
            <Packages>
            </Packages>
        </Feature>
        <Feature Type="DesktopMedia" FeatureID="Language.UI.Server~pt-BR" Group="Microsoft">
            <Packages>
            </Packages>
        </Feature>
        <Feature Type="DesktopMedia" FeatureID="Language.UI.Server~zh-CN" Group="Microsoft">
            <Packages>
            </Packages>
        </Feature>
        <Feature Type="DesktopMedia" FeatureID="Language.UI.Server~zh-TW" Group="Microsoft">
            <Packages>
            </Packages>
        </Feature>
        <Feature Type="DesktopMedia" FeatureID="MathRecognizer~~1.0" Group="Microsoft">
            <Packages>
            </Packages>
        </Feature>
        <Feature Type="DesktopMedia" FeatureID="Media.WindowsMediaPlayer~~12.0" Group="Microsoft">
            <Packages>
            </Packages>
        </Feature>
        <Feature Type="DesktopMedia" FeatureID="NetFX3~" Group="Microsoft">
            <Packages>
            </Packages>
        </Feature>
        <Feature Type="DesktopMedia" FeatureID="OpenSSH.Client~~1.0" Group="Microsoft">
            <Packages>
            </Packages>
        </Feature>
        <Feature Type="DesktopMedia" FeatureID="OpenSSH.Server~~1.0" Group="Microsoft">
            <Packages>
            </Packages>
        </Feature>
        <Feature Type="DesktopMedia" FeatureID="Server.Wow64~" Group="Microsoft">
            <Packages>
            </Packages>
        </Feature>
        <Feature Type="DesktopMedia" FeatureID="ServerStandard_en-US" Group="Microsoft">
            <Packages>
            </Packages>
        </Feature>
        <Feature Type="DesktopMedia" FeatureID="XPS.Viewer~~1.0" Group="Microsoft">
            <Packages>
            </Packages>
        </Feature>
    </Features>
    <Packages>
    </Packages>
    <EnumeratedPackages>
        <Package ID="Microsoft-Windows-FodMetadata-Package" KeyForm="Microsoft-Windows-FodMetadata-Package~31bf3856ad364e35~amd64~~10.0.17763.1"/>
        <Package ID="Microsoft-Windows-Foundation-Package" KeyForm="Microsoft-Windows-Foundation-Package~31bf3856ad364e35~amd64~~10.0.17763.1"/>
        <Package ID="Microsoft-Windows-LanguageFeatures-Basic-en-us-Package" KeyForm="Microsoft-Windows-LanguageFeatures-Basic-en-us-Package~31bf3856ad364e35~amd64~~10.0.17763.1"/>
        <Package ID="Microsoft-Windows-LanguageFeatures-Handwriting-en-us-Package" KeyForm="Microsoft-Windows-LanguageFeatures-Handwriting-en-us-Package~31bf3856ad364e35~amd64~~10.0.17763.1"/>
        <Package ID="Microsoft-Windows-LanguageFeatures-OCR-en-us-Package" KeyForm="Microsoft-Windows-LanguageFeatures-OCR-en-us-Package~31bf3856ad364e35~amd64~~10.0.17763.1"/>
        <Package ID="Microsoft-Windows-LanguageFeatures-Speech-en-us-Package" KeyForm="Microsoft-Windows-LanguageFeatures-Speech-en-us-Package~31bf3856ad364e35~amd64~~10.0.17763.1"/>
        <Package ID="Microsoft-Windows-LanguageFeatures-TextToSpeech-en-us-Package" KeyForm="Microsoft-Windows-LanguageFeatures-TextToSpeech-en-us-Package~31bf3856ad364e35~amd64~~10.0.17763.1"/>
        <Package ID="Microsoft-Windows-MediaPlayer-Package" KeyForm="Microsoft-Windows-MediaPlayer-Package~31bf3856ad364e35~amd64~~10.0.17763.1"/>
        <Package ID="Microsoft-Windows-NetFx3-OnDemand-Package" KeyForm="Microsoft-Windows-NetFx3-OnDemand-Package~31bf3856ad364e35~amd64~~10.0.17763.1"/>
        <Package ID="Microsoft-Windows-Server-LanguagePack-Package" KeyForm="Microsoft-Windows-Server-LanguagePack-Package~31bf3856ad364e35~amd64~de-DE~10.0.17763.1"/>
        <Package ID="Microsoft-Windows-ServerCore-Package" KeyForm="Microsoft-Windows-ServerCore-Package~31bf3856ad364e35~amd64~~10.0.17763.1"/>
        <Package ID="Microsoft-Windows-ServerCore-SKU-Foundation-Package" KeyForm="Microsoft-Windows-ServerCore-SKU-Foundation-Package~31bf3856ad364e35~amd64~~10.0.17763.1"/>
        <Package ID="Microsoft-Windows-ServerStandardEdition" KeyForm="Microsoft-Windows-ServerStandardEdition~31bf3856ad364e35~amd64~~10.0.17763.1"/>
        <Package ID="Microsoft-Windows-TabletPCMath-Package" KeyForm="Microsoft-Windows-TabletPCMath-Package~31bf3856ad364e35~amd64~~10.0.17763.1"/>
        <Package ID="Microsoft-Windows-Xps-Xps-Viewer-Opt-Package" KeyForm="Microsoft-Windows-Xps-Xps-Viewer-Opt-Package~31bf3856ad364e35~amd64~~10.0.17763.1"/>
        <Package ID="OpenSSH-Client-Package" KeyForm="OpenSSH-Client-Package~31bf3856ad364e35~amd64~~10.0.17763.1"/>
        <Package ID="OpenSSH-Server-Package" KeyForm="OpenSSH-Server-Package~31bf3856ad364e35~amd64~~10.0.17763.1"/>
        <Package ID="Package_for_DotNetRollup" KeyForm="Package_for_DotNetRollup~31bf3856ad364e35~amd64~~10.0.4051.9"/>
        <Package ID="Package_for_KB4523204" KeyForm="Package_for_KB4523204~31bf3856ad364e35~amd64~~17763.850.1.2"/>
        <Package ID="Package_for_KB4589208" KeyForm="Package_for_KB4589208~31bf3856ad364e35~amd64~~10.0.2.4"/>
        <Package ID="Package_for_RollupFix" KeyForm="Package_for_RollupFix~31bf3856ad364e35~amd64~~17763.4499.1.5"/>
        <Package ID="Package_for_ServicingStack_3641" KeyForm="Package_for_ServicingStack_3641~31bf3856ad364e35~amd64~~17763.3641.1.1"/>
        <Package ID="Package_for_ServicingStack_4121" KeyForm="Package_for_ServicingStack_4121~31bf3856ad364e35~amd64~~17763.4121.1.1"/>
    </EnumeratedPackages>
    <Languages>
        <Language Id="de-DE"/>
        <Language Id="en-US"/>
        <Language Id="es-ES"/>
        <Language Id="fr-FR"/>
        <Language Id="ja-JP"/>
        <Language Id="pt-BR"/>
        <Language Id="zh-CN"/>
        <Language Id="zh-TW"/>
    </Languages>
    <Architectures>
        <Architecture Id="wow64"/>
    </Architectures>
    <ValuePair>
        <Pair Name="Arch" Value="amd64"/>
        <Pair Name="BuildBranch" Value="rs5_release"/>
        <Pair Name="CBSEdition" Value="ServerStandard"/>
        <Pair Name="EditionVersion" Value="10.0.17763.1"/>
        <Pair Name="GeoLocationCountryCode" Value="SG"/>
        <Pair Name="OSVersion" Value="10.0.17763.4499"/>
        <Pair Name="SystemLanguage" Value="en-US"/>
    </ValuePair>
    <Registry>
        <RegistryKey Name="HKEY_LOCAL_MACHINE\SOFTWARE\Classes\Windows.XPSReachViewer"/>
    </Registry>
</CompDB>
