<?xml version="1.0" encoding="utf-8"?>
<CompDB xmlns:xsi="http://www.w3.org/2001/XMLSchema-instance" xmlns:xsd="http://www.w3.org/2001/XMLSchema" CreatedDate="2023-06-03T10:39:31.1847796Z" Revision="1" SchemaVersion="1.2" Product="Desktop" BuildID="00000000-0000-0000-0000-000000000000" BuildInfo="rs5_release.17763.1.180914-1434" OSVersion="10.0.17763.1" BuildArch="amd64" Type="BuildUpdate" TargetBuildID="00000000-0000-0000-0000-000000000000" TargetBuildInfo="rs5_release_svc_prod1.17763.4499.230602-1753" TargetOSVersion="10.0.17763.4499" xmlns="http://schemas.microsoft.com/embedded/2004/10/ImageUpdate">
  <Tags Type="CumulativeUpdate">
    <Tag Name="UpdateType" Value="Canonical" />
  </Tags>
  <Features>
    <Feature Type="CumulativeUpdate" FeatureID="CumulativeUpdate_KB5027222" FMID="MSDN" Group="Microsoft">
      <Packages>
        <Package ID="Package_for_RollupFix" PackageType="FeaturePackage" />
      </Packages>
    </Feature>
  </Features>
  <Packages>
    <Package ID="Package_for_RollupFix" InstalledSize="4294967295" Version="17763.4499.1.5">
      <Payload>
        <PayloadItem PayloadHash="6yxTU7wHDkqCT+ypGTz3nP64T14FOLMegnu/BRDFYo0=" PayloadSize="597589055" Path="Windows10.0-KB5027222-x64.cab" PayloadType="PSFX" />
        <PayloadItem PayloadHash="a1I41N402eHRWpj1KygonFiB1dVfXiamsw20mHzpz9c=" PayloadSize="44177254" Path="Windows10.0-KB5027222-x64-baseless.cab" PayloadType="ExpressCab" />
        <PayloadItem PayloadHash="IT3OTi92E3En7xrxxW/M70Da9NHe5z6TVSXPl82hb9c=" PayloadSize="2406755397" Path="Windows10.0-KB5027222-x64-baseless.psf" PayloadType="ExpressPSF" />
      </Payload>
    </Package>
  </Packages>
</CompDB>