<?xml version="1.0" encoding="utf-8"?>
<CompDB xmlns:xsi="http://www.w3.org/2001/XMLSchema-instance" xmlns:xsd="http://www.w3.org/2001/XMLSchema" CreatedDate="2023-02-16T20:17:43.8106629Z" Revision="1" SchemaVersion="1.2" Product="Desktop" BuildID="00000000-0000-0000-0000-000000000000" BuildInfo="rs5_release.17763.1.180914-1434" OSVersion="10.0.17763.1" BuildArch="amd64" Type="BuildUpdate" TargetBuildID="00000000-0000-0000-0000-000000000000" TargetBuildInfo="rs5_release_svc_prod1.17763.4121.230215-1742" TargetOSVersion="10.0.17763.4121" xmlns="http://schemas.microsoft.com/embedded/2004/10/ImageUpdate">
  <Tags Type="CumulativeUpdate">
    <Tag Name="UpdateType" Value="Canonical" />
  </Tags>
  <Features>
    <Feature Type="ServicingStackUpdate" FeatureID="ServicingStackUpdate_KB5023789" FMID="MSDN" Group="Microsoft">
      <Packages>
        <Package ID="Package_for_ServicingStack_4121" PackageType="FeaturePackage" />
      </Packages>
    </Feature>
  </Features>
  <MSConditionalFeatures>
    <ConditionalFeature UpdateAction="Add" FeatureID="ServicingStackUpdate_KB5023789" FMID="MSDN">
      <Condition Type="NameValuePair" Operator="LT" Name="ServicingStackRevision" Value="4121" />
    </ConditionalFeature>
  </MSConditionalFeatures>
  <Packages>
    <Package ID="Package_for_ServicingStack_4121" InstalledSize="52431183" Version="17763.4121.1.1">
      <Payload>
        <PayloadItem PayloadHash="ER2B3Ckl56TLKunwrNwyI4gtRQ+4grMEIt0ihpXGHHM=" PayloadSize="14495720" Path="SSU-17763.4121-x64.cab" PayloadType="Canonical" />
      </Payload>
    </Package>
  </Packages>
</CompDB>