<?xml version="1.0" encoding="utf-8"?>
<CompDB xmlns:xsi="http://www.w3.org/2001/XMLSchema-instance" xmlns:xsd="http://www.w3.org/2001/XMLSchema" CreatedDate="2023-02-16T20:19:21.0347563Z" Revision="1" SchemaVersion="1.2" Product="Desktop" BuildID="00000000-0000-0000-0000-000000000000" BuildInfo="rs5_release.17763.1.180914-1434" OSVersion="10.0.17763.1" BuildArch="amd64" ReleaseType="Production" Type="Baseless" xmlns="http://schemas.microsoft.com/embedded/2004/10/ImageUpdate">
  <Tags Type="CumulativeUpdate">
    <Tag Name="UpdateType" Value="Diff" />
  </Tags>
  <Features />
  <Packages>
    <Package ID="Package_for_ServicingStack_4121" Version="17763.4121.1.1">
      <Payload>
        <PayloadItem PayloadHash="CDDrmQRfLaR+AOKHOXp3KfS0/n8H7GEDTsnlV6Tz0wQ=" PayloadSize="278704" Path="SSU-17763.4121-x64-express.cab" PayloadType="ExpressCab" />
        <PayloadItem PayloadHash="O3zlwM9G3pwdVvI7TDax558IvrktMND0DVk7toTA1ks=" PayloadSize="126136686" Path="SSU-17763.4121-x64.psf" PayloadType="ExpressPSF" />
      </Payload>
    </Package>
  </Packages>
</CompDB>