<?xml version='1.0' encoding='utf-8'?>
<ActionList xmlns="urn:schemas-microsoft-com:os-update-actionlist" SessionId="2023-07-13T10:25:38" Revision="1" SessionData="OnDemand" BuildInfo="rs5_release.17763.1.180914-1434" CorrelationVector="4fl2eNgvF0+NnWGG.1.1.0.0.9.1" Operation="OnDemand">
    <Downloads>
        <Package Id="amd64_Microsoft-Windows-InternetExplorer-Optional-Package" Reason="OnDemand" PayloadType="Canonical" FeatureId="Browser.InternetExplorer~~11.0">
            <Payload Hash="QxHcx6ALEf131tZIOqHeQW/VaFaEuFQJbQxcmpZkaLU=" DownloadSize="305497" SourceName="Microsoft-Windows-InternetExplorer-Optional-Package~31bf3856ad364e35~amd64~~.cab" SourcePath="FeaturesOnDemand\neutral\cabs"/>
        </Package>
    </Downloads>
    <Plan>
        <InstallFeature Id="Browser.InternetExplorer~~11.0" Group="Microsoft"/>
    </Plan>
    <Actions>
        <InstallPackage Keyform="amd64_Microsoft-Windows-InternetExplorer-Optional-Package~~AMD64~~11.0.17763.1" InstalledSize="1697674" StagedSize="0" FilePath="Microsoft-Windows-InternetExplorer-Optional-Package~31bf3856ad364e35~amd64~~.cab" Reason="OnDemand" FeatureId="Browser.InternetExplorer~~11.0" Partition="MainOS" BinaryPartition="false"/>
    </Actions>
</ActionList>
